2026-09-29 12:01:14 | [UPDATE] | [learner] 初始 actor 权重已下发 4 条 weight_queue（采样端与学习端同源初始化, version=0, ck=4384.974031）
2026-09-29 12:01:16 | [UPDATE] | [learner] device=cpu | num_samplers=4 | sample_queue_maxsize=4 | checkpoint_interval=1000 | lr_decay_horizon=10000 | cpu=6
2026-09-29 12:01:16 | [UPDATE] | [learner] 输出目录: D:\Desktop\Dynamic-EE-Resource-Allocation-in-Multi-UAV-Assisted-ISCC-Systems-With-Heterogeneous-Tasks\src\outer\2026-09-29_12-01-11_mhbppo_seed_1208
2026-09-29 12:01:16 | [UPDATE] | [learner] 实时日志: D:\Desktop\Dynamic-EE-Resource-Allocation-in-Multi-UAV-Assisted-ISCC-Systems-With-Heterogeneous-Tasks\src\outer\logs/mhbppo_train.log
2026-09-29 12:02:28 | [UPDATE] | [learner] iter=1 transitions=40 completion=0.00% reward=-1.650 | cost=2.652s | lr_actor=3.000e-04 lr_critic=3.000e-04 | wv=0 stale=1 ck=ok| obj=inf completion=0.00% finite_obj=0.0% no_solution=100.0% collision=0.0% spectrum=57.5% action_range=[0.005,0.993] solver_status=optimal:0.0%,infeasible:90.0%,unknown:10.0%,error:0.0%,other:0.0% norm_count=80
2026-09-29 12:02:28 | [QUEUE] | iter=1 | 队列 | sample_queue=1/4 | weight_queues_pending=4/4
2026-09-29 12:02:32 | [UPDATE] | [learner] iter=2 transitions=40 completion=0.00% reward=-1.525 | cost=3.505s | lr_actor=3.000e-04 lr_critic=3.000e-04 | wv=0 stale=2 ck=ok| obj=inf completion=0.00% finite_obj=0.0% no_solution=100.0% collision=0.0% spectrum=45.0% action_range=[0.003,0.993] solver_status=optimal:0.0%,infeasible:90.0%,unknown:10.0%,error:0.0%,other:0.0% norm_count=160
2026-09-29 12:02:32 | [QUEUE] | iter=2 | 队列 | sample_queue=0/4 | weight_queues_pending=4/4
2026-09-29 12:02:36 | [UPDATE] | [learner] iter=3 transitions=40 completion=0.00% reward=-1.650 | cost=2.331s | lr_actor=2.999e-04 lr_critic=2.999e-04 | wv=0 stale=3 ck=ok| obj=inf completion=0.00% finite_obj=0.0% no_solution=100.0% collision=0.0% spectrum=55.0% action_range=[0.000,0.991] solver_status=optimal:0.0%,infeasible:92.5%,unknown:7.5%,error:0.0%,other:0.0% norm_count=240
2026-09-29 12:02:36 | [QUEUE] | iter=3 | 队列 | sample_queue=0/4 | weight_queues_pending=4/4
2026-09-29 12:02:39 | [UPDATE] | [learner] iter=4 transitions=40 completion=0.00% reward=-1.600 | cost=2.218s | lr_actor=2.999e-04 lr_critic=2.999e-04 | wv=0 stale=4 ck=ok| obj=inf completion=0.00% finite_obj=0.0% no_solution=100.0% collision=0.0% spectrum=52.5% action_range=[0.004,0.992] solver_status=optimal:0.0%,infeasible:97.5%,unknown:2.5%,error:0.0%,other:0.0% norm_count=320
2026-09-29 12:02:39 | [QUEUE] | iter=4 | 队列 | sample_queue=0/4 | weight_queues_pending=4/4
2026-09-29 12:02:53 | [UPDATE] | [learner] iter=5 transitions=40 completion=0.00% reward=-1.425 | cost=2.126s | lr_actor=2.999e-04 lr_critic=2.999e-04 | wv=0 stale=5 ck=ok| obj=inf completion=0.00% finite_obj=0.0% no_solution=100.0% collision=0.0% spectrum=40.0% action_range=[0.007,0.999] solver_status=optimal:0.0%,infeasible:92.5%,unknown:7.5%,error:0.0%,other:0.0% norm_count=400
2026-09-29 12:02:53 | [QUEUE] | iter=5 | 队列 | sample_queue=0/4 | weight_queues_pending=4/4
2026-09-29 12:02:56 | [UPDATE] | [learner] iter=6 transitions=40 completion=0.00% reward=-1.675 | cost=2.648s | lr_actor=2.998e-04 lr_critic=2.998e-04 | wv=0 stale=6 ck=ok| obj=inf completion=0.00% finite_obj=0.0% no_solution=100.0% collision=0.0% spectrum=62.5% action_range=[0.004,0.999] solver_status=optimal:0.0%,infeasible:100.0%,unknown:0.0%,error:0.0%,other:0.0% norm_count=480
2026-09-29 12:02:56 | [QUEUE] | iter=6 | 队列 | sample_queue=0/4 | weight_queues_pending=4/4
2026-09-29 12:03:03 | [UPDATE] | [learner] iter=7 transitions=40 completion=0.00% reward=-1.553 | cost=2.434s | lr_actor=2.998e-04 lr_critic=2.998e-04 | wv=2 stale=5 ck=ok| obj=inf completion=0.00% finite_obj=2.5% no_solution=97.5% collision=0.0% spectrum=55.0% action_range=[0.004,0.998] solver_status=optimal:2.5%,infeasible:90.0%,unknown:7.5%,error:0.0%,other:0.0% norm_count=560
2026-09-29 12:03:03 | [QUEUE] | iter=7 | 队列 | sample_queue=0/4 | weight_queues_pending=4/4
2026-09-29 12:03:08 | [UPDATE] | [learner] iter=8 transitions=40 completion=0.00% reward=-1.650 | cost=2.334s | lr_actor=2.998e-04 lr_critic=2.998e-04 | wv=3 stale=5 ck=ok| obj=inf completion=0.00% finite_obj=0.0% no_solution=100.0% collision=0.0% spectrum=57.5% action_range=[0.001,0.994] solver_status=optimal:0.0%,infeasible:90.0%,unknown:10.0%,error:0.0%,other:0.0% norm_count=640
2026-09-29 12:03:08 | [QUEUE] | iter=8 | 队列 | sample_queue=0/4 | weight_queues_pending=4/4
2026-09-29 12:03:15 | [UPDATE] | [learner] iter=9 transitions=40 completion=0.00% reward=-1.700 | cost=1.998s | lr_actor=2.998e-04 lr_critic=2.998e-04 | wv=4 stale=5 ck=ok| obj=inf completion=0.00% finite_obj=0.0% no_solution=100.0% collision=0.0% spectrum=60.0% action_range=[0.001,0.992] solver_status=optimal:0.0%,infeasible:97.5%,unknown:2.5%,error:0.0%,other:0.0% norm_count=720
2026-09-29 12:03:15 | [QUEUE] | iter=9 | 队列 | sample_queue=0/4 | weight_queues_pending=4/4
2026-09-29 12:03:20 | [UPDATE] | [learner] iter=10 transitions=40 completion=0.00% reward=-1.625 | cost=2.310s | lr_actor=2.997e-04 lr_critic=2.997e-04 | wv=5 stale=5 ck=ok| obj=inf completion=0.00% finite_obj=0.0% no_solution=100.0% collision=0.0% spectrum=55.0% action_range=[0.003,0.993] solver_status=optimal:0.0%,infeasible:92.5%,unknown:7.5%,error:0.0%,other:0.0% norm_count=800
2026-09-29 12:03:20 | [QUEUE] | iter=10 | 队列 | sample_queue=0/4 | weight_queues_pending=4/4
2026-09-29 12:03:31 | [UPDATE] | [learner] iter=11 transitions=40 completion=0.00% reward=-1.625 | cost=2.209s | lr_actor=2.997e-04 lr_critic=2.997e-04 | wv=6 stale=5 ck=ok| obj=inf completion=0.00% finite_obj=0.0% no_solution=100.0% collision=0.0% spectrum=55.0% action_range=[0.000,0.992] solver_status=optimal:0.0%,infeasible:97.5%,unknown:2.5%,error:0.0%,other:0.0% norm_count=880
2026-09-29 12:03:31 | [QUEUE] | iter=11 | 队列 | sample_queue=0/4 | weight_queues_pending=4/4
2026-09-29 12:03:36 | [UPDATE] | [learner] iter=12 transitions=40 completion=0.00% reward=-1.575 | cost=2.399s | lr_actor=2.997e-04 lr_critic=2.997e-04 | wv=7 stale=5 ck=ok| obj=inf completion=0.00% finite_obj=0.0% no_solution=100.0% collision=0.0% spectrum=52.5% action_range=[0.002,0.995] solver_status=optimal:0.0%,infeasible:95.0%,unknown:5.0%,error:0.0%,other:0.0% norm_count=960
2026-09-29 12:03:36 | [QUEUE] | iter=12 | 队列 | sample_queue=0/4 | weight_queues_pending=4/4
2026-09-29 12:03:40 | [UPDATE] | [learner] iter=13 transitions=40 completion=5.00% reward=-1.553 | cost=2.928s | lr_actor=2.996e-04 lr_critic=2.996e-04 | wv=8 stale=5 ck=ok| obj=inf completion=5.00% finite_obj=5.0% no_solution=95.0% collision=0.0% spectrum=52.5% action_range=[0.003,0.995] solver_status=optimal:5.0%,infeasible:85.0%,unknown:10.0%,error:0.0%,other:0.0% norm_count=1040
2026-09-29 12:03:40 | [QUEUE] | iter=13 | 队列 | sample_queue=0/4 | weight_queues_pending=4/4
2026-09-29 12:03:44 | [UPDATE] | [learner] iter=14 transitions=40 completion=0.00% reward=-1.575 | cost=2.227s | lr_actor=2.996e-04 lr_critic=2.996e-04 | wv=9 stale=5 ck=ok| obj=inf completion=0.00% finite_obj=0.0% no_solution=100.0% collision=0.0% spectrum=52.5% action_range=[0.002,0.997] solver_status=optimal:0.0%,infeasible:97.5%,unknown:2.5%,error:0.0%,other:0.0% norm_count=1120
2026-09-29 12:03:44 | [QUEUE] | iter=14 | 队列 | sample_queue=0/4 | weight_queues_pending=4/4
2026-09-29 12:03:58 | [UPDATE] | [learner] iter=15 transitions=40 completion=0.00% reward=-1.475 | cost=2.046s | lr_actor=2.996e-04 lr_critic=2.996e-04 | wv=10 stale=5 ck=ok| obj=inf completion=0.00% finite_obj=0.0% no_solution=100.0% collision=0.0% spectrum=45.0% action_range=[0.004,0.998] solver_status=optimal:0.0%,infeasible:90.0%,unknown:10.0%,error:0.0%,other:0.0% norm_count=1200
2026-09-29 12:03:58 | [QUEUE] | iter=15 | 队列 | sample_queue=0/4 | weight_queues_pending=4/4
2026-09-29 12:04:05 | [UPDATE] | [learner] iter=16 transitions=40 completion=2.50% reward=-1.478 | cost=2.111s | lr_actor=2.995e-04 lr_critic=2.995e-04 | wv=12 stale=4 ck=ok| obj=inf completion=2.50% finite_obj=2.5% no_solution=97.5% collision=0.0% spectrum=50.0% action_range=[0.000,0.998] solver_status=optimal:2.5%,infeasible:87.5%,unknown:10.0%,error:0.0%,other:0.0% norm_count=1280
2026-09-29 12:04:05 | [QUEUE] | iter=16 | 队列 | sample_queue=0/4 | weight_queues_pending=4/4
2026-09-29 12:04:09 | [UPDATE] | [learner] iter=17 transitions=40 completion=0.00% reward=-1.750 | cost=2.321s | lr_actor=2.995e-04 lr_critic=2.995e-04 | wv=11 stale=6 ck=ok| obj=inf completion=0.00% finite_obj=0.0% no_solution=100.0% collision=0.0% spectrum=65.0% action_range=[0.009,0.994] solver_status=optimal:0.0%,infeasible:97.5%,unknown:2.5%,error:0.0%,other:0.0% norm_count=1360
2026-09-29 12:04:09 | [QUEUE] | iter=17 | 队列 | sample_queue=1/4 | weight_queues_pending=4/4
2026-09-29 12:04:11 | [UPDATE] | [learner] iter=18 transitions=40 completion=0.00% reward=-1.625 | cost=2.343s | lr_actor=2.995e-04 lr_critic=2.995e-04 | wv=13 stale=5 ck=ok| obj=inf completion=0.00% finite_obj=0.0% no_solution=100.0% collision=0.0% spectrum=55.0% action_range=[0.006,0.995] solver_status=optimal:0.0%,infeasible:82.5%,unknown:17.5%,error:0.0%,other:0.0% norm_count=1440
2026-09-29 12:04:11 | [QUEUE] | iter=18 | 队列 | sample_queue=0/4 | weight_queues_pending=4/4
2026-09-29 12:04:21 | [UPDATE] | [learner] iter=19 transitions=40 completion=0.00% reward=-1.500 | cost=2.198s | lr_actor=2.995e-04 lr_critic=2.995e-04 | wv=14 stale=5 ck=ok| obj=inf completion=0.00% finite_obj=0.0% no_solution=100.0% collision=0.0% spectrum=45.0% action_range=[0.002,0.993] solver_status=optimal:0.0%,infeasible:92.5%,unknown:7.5%,error:0.0%,other:0.0% norm_count=1520
2026-09-29 12:04:21 | [QUEUE] | iter=19 | 队列 | sample_queue=0/4 | weight_queues_pending=4/4
2026-09-29 12:04:29 | [UPDATE] | [learner] iter=20 transitions=40 completion=0.00% reward=-1.525 | cost=2.343s | lr_actor=2.994e-04 lr_critic=2.994e-04 | wv=15 stale=5 ck=ok| obj=inf completion=0.00% finite_obj=0.0% no_solution=100.0% collision=0.0% spectrum=50.0% action_range=[0.005,0.997] solver_status=optimal:0.0%,infeasible:90.0%,unknown:10.0%,error:0.0%,other:0.0% norm_count=1600
2026-09-29 12:04:29 | [QUEUE] | iter=20 | 队列 | sample_queue=0/4 | weight_queues_pending=4/4
2026-09-29 12:04:36 | [UPDATE] | [learner] iter=21 transitions=40 completion=0.00% reward=-1.700 | cost=2.193s | lr_actor=2.994e-04 lr_critic=2.994e-04 | wv=16 stale=5 ck=ok| obj=inf completion=0.00% finite_obj=0.0% no_solution=100.0% collision=0.0% spectrum=60.0% action_range=[0.001,0.998] solver_status=optimal:0.0%,infeasible:92.5%,unknown:7.5%,error:0.0%,other:0.0% norm_count=1680
2026-09-29 12:04:36 | [QUEUE] | iter=21 | 队列 | sample_queue=1/4 | weight_queues_pending=4/4
2026-09-29 12:04:38 | [UPDATE] | [learner] iter=22 transitions=40 completion=0.00% reward=-1.675 | cost=2.442s | lr_actor=2.994e-04 lr_critic=2.994e-04 | wv=16 stale=6 ck=ok| obj=inf completion=0.00% finite_obj=0.0% no_solution=100.0% collision=0.0% spectrum=57.5% action_range=[0.003,0.988] solver_status=optimal:0.0%,infeasible:92.5%,unknown:7.5%,error:0.0%,other:0.0% norm_count=1760
2026-09-29 12:04:38 | [QUEUE] | iter=22 | 队列 | sample_queue=0/4 | weight_queues_pending=4/4
2026-09-29 12:04:45 | [UPDATE] | [learner] iter=23 transitions=40 completion=0.00% reward=-1.425 | cost=2.566s | lr_actor=2.993e-04 lr_critic=2.993e-04 | wv=18 stale=5 ck=ok| obj=inf completion=0.00% finite_obj=0.0% no_solution=100.0% collision=0.0% spectrum=37.5% action_range=[0.003,0.996] solver_status=optimal:0.0%,infeasible:95.0%,unknown:5.0%,error:0.0%,other:0.0% norm_count=1840
2026-09-29 12:04:45 | [QUEUE] | iter=23 | 队列 | sample_queue=0/4 | weight_queues_pending=4/4
2026-09-29 12:04:56 | [UPDATE] | [learner] iter=24 transitions=40 completion=0.00% reward=-1.600 | cost=2.246s | lr_actor=2.993e-04 lr_critic=2.993e-04 | wv=19 stale=5 ck=ok| obj=inf completion=0.00% finite_obj=0.0% no_solution=100.0% collision=0.0% spectrum=50.0% action_range=[0.001,0.992] solver_status=optimal:0.0%,infeasible:95.0%,unknown:5.0%,error:0.0%,other:0.0% norm_count=1920
2026-09-29 12:04:56 | [QUEUE] | iter=24 | 队列 | sample_queue=0/4 | weight_queues_pending=4/4
2026-09-29 12:05:00 | [UPDATE] | [learner] iter=25 transitions=40 completion=0.00% reward=-1.450 | cost=2.421s | lr_actor=2.993e-04 lr_critic=2.993e-04 | wv=20 stale=5 ck=ok| obj=inf completion=0.00% finite_obj=0.0% no_solution=100.0% collision=0.0% spectrum=35.0% action_range=[0.003,0.994] solver_status=optimal:0.0%,infeasible:90.0%,unknown:10.0%,error:0.0%,other:0.0% norm_count=2000
2026-09-29 12:05:00 | [QUEUE] | iter=25 | 队列 | sample_queue=0/4 | weight_queues_pending=4/4
2026-09-29 12:05:04 | [UPDATE] | [learner] iter=26 transitions=40 completion=0.00% reward=-1.650 | cost=2.673s | lr_actor=2.992e-04 lr_critic=2.992e-04 | wv=20 stale=6 ck=ok| obj=inf completion=0.00% finite_obj=0.0% no_solution=100.0% collision=0.0% spectrum=60.0% action_range=[0.004,0.994] solver_status=optimal:0.0%,infeasible:95.0%,unknown:5.0%,error:0.0%,other:0.0% norm_count=2080
2026-09-29 12:05:04 | [QUEUE] | iter=26 | 队列 | sample_queue=0/4 | weight_queues_pending=4/4
2026-09-29 12:05:11 | [UPDATE] | [learner] iter=27 transitions=40 completion=2.50% reward=-1.576 | cost=2.281s | lr_actor=2.992e-04 lr_critic=2.992e-04 | wv=22 stale=5 ck=ok| obj=inf completion=2.50% finite_obj=2.5% no_solution=97.5% collision=0.0% spectrum=52.5% action_range=[0.006,0.996] solver_status=optimal:2.5%,infeasible:90.0%,unknown:7.5%,error:0.0%,other:0.0% norm_count=2160
2026-09-29 12:05:11 | [QUEUE] | iter=27 | 队列 | sample_queue=0/4 | weight_queues_pending=4/4
2026-09-29 12:05:22 | [UPDATE] | [learner] iter=28 transitions=40 completion=0.00% reward=-1.600 | cost=2.232s | lr_actor=2.992e-04 lr_critic=2.992e-04 | wv=23 stale=5 ck=ok| obj=inf completion=0.00% finite_obj=0.0% no_solution=100.0% collision=0.0% spectrum=50.0% action_range=[0.002,0.996] solver_status=optimal:0.0%,infeasible:95.0%,unknown:5.0%,error:0.0%,other:0.0% norm_count=2240
2026-09-29 12:05:22 | [QUEUE] | iter=28 | 队列 | sample_queue=1/4 | weight_queues_pending=4/4
2026-09-29 12:05:25 | [UPDATE] | [learner] iter=29 transitions=40 completion=0.00% reward=-1.503 | cost=2.384s | lr_actor=2.992e-04 lr_critic=2.992e-04 | wv=24 stale=5 ck=ok| obj=inf completion=0.00% finite_obj=2.5% no_solution=97.5% collision=0.0% spectrum=52.5% action_range=[0.002,0.997] solver_status=optimal:2.5%,infeasible:80.0%,unknown:17.5%,error:0.0%,other:0.0% norm_count=2320
2026-09-29 12:05:25 | [QUEUE] | iter=29 | 队列 | sample_queue=0/4 | weight_queues_pending=4/4
2026-09-29 12:05:30 | [UPDATE] | [learner] iter=30 transitions=40 completion=0.00% reward=-1.600 | cost=2.193s | lr_actor=2.991e-04 lr_critic=2.991e-04 | wv=25 stale=5 ck=ok| obj=inf completion=0.00% finite_obj=0.0% no_solution=100.0% collision=0.0% spectrum=52.5% action_range=[0.005,0.998] solver_status=optimal:0.0%,infeasible:97.5%,unknown:2.5%,error:0.0%,other:0.0% norm_count=2400
2026-09-29 12:05:30 | [QUEUE] | iter=30 | 队列 | sample_queue=0/4 | weight_queues_pending=4/4
2026-09-29 12:05:34 | [UPDATE] | [learner] iter=31 transitions=40 completion=0.00% reward=-1.500 | cost=2.219s | lr_actor=2.991e-04 lr_critic=2.991e-04 | wv=26 stale=5 ck=ok| obj=inf completion=0.00% finite_obj=0.0% no_solution=100.0% collision=0.0% spectrum=45.0% action_range=[0.005,0.989] solver_status=optimal:0.0%,infeasible:92.5%,unknown:7.5%,error:0.0%,other:0.0% norm_count=2480
2026-09-29 12:05:34 | [QUEUE] | iter=31 | 队列 | sample_queue=0/4 | weight_queues_pending=4/4
2026-09-29 12:05:45 | [UPDATE] | [learner] iter=32 transitions=40 completion=0.00% reward=-1.475 | cost=2.230s | lr_actor=2.991e-04 lr_critic=2.991e-04 | wv=27 stale=5 ck=ok| obj=inf completion=0.00% finite_obj=0.0% no_solution=100.0% collision=0.0% spectrum=45.0% action_range=[0.004,0.998] solver_status=optimal:0.0%,infeasible:87.5%,unknown:12.5%,error:0.0%,other:0.0% norm_count=2560
2026-09-29 12:05:45 | [QUEUE] | iter=32 | 队列 | sample_queue=0/4 | weight_queues_pending=4/4
2026-09-29 12:05:48 | [UPDATE] | [learner] iter=33 transitions=40 completion=0.00% reward=-1.625 | cost=2.622s | lr_actor=2.990e-04 lr_critic=2.990e-04 | wv=27 stale=6 ck=ok| obj=inf completion=0.00% finite_obj=0.0% no_solution=100.0% collision=0.0% spectrum=55.0% action_range=[0.001,0.997] solver_status=optimal:0.0%,infeasible:95.0%,unknown:5.0%,error:0.0%,other:0.0% norm_count=2640
2026-09-29 12:05:48 | [QUEUE] | iter=33 | 队列 | sample_queue=0/4 | weight_queues_pending=4/4
2026-09-29 12:06:00 | [UPDATE] | [learner] iter=34 transitions=40 completion=2.50% reward=-1.477 | cost=2.351s | lr_actor=2.990e-04 lr_critic=2.990e-04 | wv=29 stale=5 ck=ok| obj=inf completion=2.50% finite_obj=2.5% no_solution=97.5% collision=0.0% spectrum=50.0% action_range=[0.004,0.995] solver_status=optimal:2.5%,infeasible:90.0%,unknown:7.5%,error:0.0%,other:0.0% norm_count=2720
2026-09-29 12:06:00 | [QUEUE] | iter=34 | 队列 | sample_queue=1/4 | weight_queues_pending=4/4
2026-09-29 12:06:02 | [UPDATE] | [learner] iter=35 transitions=40 completion=2.50% reward=-1.354 | cost=2.378s | lr_actor=2.990e-04 lr_critic=2.990e-04 | wv=30 stale=5 ck=ok| obj=inf completion=2.50% finite_obj=2.5% no_solution=97.5% collision=0.0% spectrum=37.5% action_range=[0.007,0.999] solver_status=optimal:2.5%,infeasible:97.5%,unknown:0.0%,error:0.0%,other:0.0% norm_count=2800
2026-09-29 12:06:02 | [QUEUE] | iter=35 | 队列 | sample_queue=0/4 | weight_queues_pending=4/4
2026-09-29 12:06:06 | [UPDATE] | [learner] iter=36 transitions=40 completion=0.00% reward=-1.575 | cost=2.182s | lr_actor=2.989e-04 lr_critic=2.989e-04 | wv=31 stale=5 ck=ok| obj=inf completion=0.00% finite_obj=0.0% no_solution=100.0% collision=0.0% spectrum=52.5% action_range=[0.004,0.997] solver_status=optimal:0.0%,infeasible:90.0%,unknown:10.0%,error:0.0%,other:0.0% norm_count=2880
2026-09-29 12:06:06 | [QUEUE] | iter=36 | 队列 | sample_queue=0/4 | weight_queues_pending=4/4
2026-09-29 12:06:13 | [UPDATE] | [learner] iter=37 transitions=40 completion=2.50% reward=-1.626 | cost=2.319s | lr_actor=2.989e-04 lr_critic=2.989e-04 | wv=32 stale=5 ck=ok| obj=inf completion=2.50% finite_obj=2.5% no_solution=97.5% collision=0.0% spectrum=60.0% action_range=[0.005,0.993] solver_status=optimal:2.5%,infeasible:90.0%,unknown:7.5%,error:0.0%,other:0.0% norm_count=2960
2026-09-29 12:06:13 | [QUEUE] | iter=37 | 队列 | sample_queue=0/4 | weight_queues_pending=4/4
2026-09-29 12:06:21 | [UPDATE] | [learner] iter=38 transitions=40 completion=0.00% reward=-1.500 | cost=2.060s | lr_actor=2.989e-04 lr_critic=2.989e-04 | wv=33 stale=5 ck=ok| obj=inf completion=0.00% finite_obj=0.0% no_solution=100.0% collision=0.0% spectrum=37.5% action_range=[0.004,0.991] solver_status=optimal:0.0%,infeasible:92.5%,unknown:7.5%,error:0.0%,other:0.0% norm_count=3040
2026-09-29 12:06:21 | [QUEUE] | iter=38 | 队列 | sample_queue=0/4 | weight_queues_pending=4/4
2026-09-29 12:06:29 | [UPDATE] | [learner] iter=39 transitions=40 completion=2.50% reward=-1.453 | cost=2.253s | lr_actor=2.989e-04 lr_critic=2.989e-04 | wv=35 stale=4 ck=ok| obj=inf completion=2.50% finite_obj=2.5% no_solution=97.5% collision=0.0% spectrum=47.5% action_range=[0.005,0.997] solver_status=optimal:2.5%,infeasible:87.5%,unknown:10.0%,error:0.0%,other:0.0% norm_count=3120
2026-09-29 12:06:29 | [QUEUE] | iter=39 | 队列 | sample_queue=1/4 | weight_queues_pending=4/4
2026-09-29 12:06:32 | [UPDATE] | [learner] iter=40 transitions=40 completion=2.50% reward=-1.378 | cost=2.415s | lr_actor=2.988e-04 lr_critic=2.988e-04 | wv=33 stale=7 ck=ok| obj=inf completion=2.50% finite_obj=2.5% no_solution=97.5% collision=0.0% spectrum=40.0% action_range=[0.001,0.995] solver_status=optimal:2.5%,infeasible:95.0%,unknown:2.5%,error:0.0%,other:0.0% norm_count=3200
2026-09-29 12:06:32 | [QUEUE] | iter=40 | 队列 | sample_queue=0/4 | weight_queues_pending=4/4
2026-09-29 12:06:37 | [UPDATE] | [learner] iter=41 transitions=40 completion=0.00% reward=-1.479 | cost=2.608s | lr_actor=2.988e-04 lr_critic=2.988e-04 | wv=36 stale=5 ck=ok| obj=inf completion=0.00% finite_obj=2.5% no_solution=97.5% collision=0.0% spectrum=47.5% action_range=[0.003,0.994] solver_status=optimal:2.5%,infeasible:92.5%,unknown:5.0%,error:0.0%,other:0.0% norm_count=3280
2026-09-29 12:06:37 | [QUEUE] | iter=41 | 队列 | sample_queue=0/4 | weight_queues_pending=4/4
2026-09-29 12:06:46 | [UPDATE] | [learner] iter=42 transitions=40 completion=0.00% reward=-1.600 | cost=2.161s | lr_actor=2.988e-04 lr_critic=2.988e-04 | wv=37 stale=5 ck=ok| obj=inf completion=0.00% finite_obj=0.0% no_solution=100.0% collision=0.0% spectrum=52.5% action_range=[0.002,1.000] solver_status=optimal:0.0%,infeasible:92.5%,unknown:7.5%,error:0.0%,other:0.0% norm_count=3360
2026-09-29 12:06:46 | [QUEUE] | iter=42 | 队列 | sample_queue=0/4 | weight_queues_pending=4/4
2026-09-29 12:06:52 | [UPDATE] | [learner] iter=43 transitions=40 completion=0.00% reward=-1.425 | cost=2.221s | lr_actor=2.987e-04 lr_critic=2.987e-04 | wv=38 stale=5 ck=ok| obj=inf completion=0.00% finite_obj=0.0% no_solution=100.0% collision=0.0% spectrum=35.0% action_range=[0.015,0.991] solver_status=optimal:0.0%,infeasible:92.5%,unknown:7.5%,error:0.0%,other:0.0% norm_count=3440
2026-09-29 12:06:52 | [QUEUE] | iter=43 | 队列 | sample_queue=1/4 | weight_queues_pending=4/4
2026-09-29 12:06:55 | [UPDATE] | [learner] iter=44 transitions=40 completion=0.00% reward=-1.350 | cost=2.468s | lr_actor=2.987e-04 lr_critic=2.987e-04 | wv=38 stale=6 ck=ok| obj=inf completion=0.00% finite_obj=0.0% no_solution=100.0% collision=0.0% spectrum=30.0% action_range=[0.004,0.997] solver_status=optimal:0.0%,infeasible:92.5%,unknown:7.5%,error:0.0%,other:0.0% norm_count=3520
2026-09-29 12:06:55 | [QUEUE] | iter=44 | 队列 | sample_queue=1/4 | weight_queues_pending=4/4
2026-09-29 12:06:57 | [UPDATE] | [learner] iter=45 transitions=40 completion=0.00% reward=-1.725 | cost=2.460s | lr_actor=2.987e-04 lr_critic=2.987e-04 | wv=40 stale=5 ck=ok| obj=inf completion=0.00% finite_obj=0.0% no_solution=100.0% collision=0.0% spectrum=62.5% action_range=[0.002,0.998] solver_status=optimal:0.0%,infeasible:87.5%,unknown:12.5%,error:0.0%,other:0.0% norm_count=3600
2026-09-29 12:06:57 | [QUEUE] | iter=45 | 队列 | sample_queue=0/4 | weight_queues_pending=4/4
2026-09-29 12:07:10 | [UPDATE] | [learner] iter=46 transitions=40 completion=0.00% reward=-1.550 | cost=2.164s | lr_actor=2.986e-04 lr_critic=2.986e-04 | wv=41 stale=5 ck=ok| obj=inf completion=0.00% finite_obj=0.0% no_solution=100.0% collision=0.0% spectrum=52.5% action_range=[0.005,0.991] solver_status=optimal:0.0%,infeasible:92.5%,unknown:7.5%,error:0.0%,other:0.0% norm_count=3680
2026-09-29 12:07:10 | [QUEUE] | iter=46 | 队列 | sample_queue=0/4 | weight_queues_pending=4/4
2026-09-29 12:07:15 | [UPDATE] | [learner] iter=47 transitions=40 completion=0.00% reward=-1.550 | cost=2.067s | lr_actor=2.986e-04 lr_critic=2.986e-04 | wv=42 stale=5 ck=ok| obj=inf completion=0.00% finite_obj=0.0% no_solution=100.0% collision=0.0% spectrum=50.0% action_range=[0.002,0.997] solver_status=optimal:0.0%,infeasible:97.5%,unknown:2.5%,error:0.0%,other:0.0% norm_count=3760
2026-09-29 12:07:15 | [QUEUE] | iter=47 | 队列 | sample_queue=0/4 | weight_queues_pending=4/4
2026-09-29 12:07:18 | [UPDATE] | [learner] iter=48 transitions=40 completion=0.00% reward=-1.675 | cost=2.317s | lr_actor=2.986e-04 lr_critic=2.986e-04 | wv=42 stale=6 ck=ok| obj=inf completion=0.00% finite_obj=0.0% no_solution=100.0% collision=0.0% spectrum=60.0% action_range=[0.006,0.996] solver_status=optimal:0.0%,infeasible:92.5%,unknown:7.5%,error:0.0%,other:0.0% norm_count=3840
2026-09-29 12:07:18 | [QUEUE] | iter=48 | 队列 | sample_queue=0/4 | weight_queues_pending=4/4
2026-09-29 12:07:20 | [UPDATE] | [learner] iter=49 transitions=40 completion=0.00% reward=-1.477 | cost=2.463s | lr_actor=2.986e-04 lr_critic=2.986e-04 | wv=43 stale=6 ck=ok| obj=inf completion=0.00% finite_obj=2.5% no_solution=97.5% collision=0.0% spectrum=47.5% action_range=[0.006,0.992] solver_status=optimal:2.5%,infeasible:85.0%,unknown:12.5%,error:0.0%,other:0.0% norm_count=3920
2026-09-29 12:07:20 | [QUEUE] | iter=49 | 队列 | sample_queue=0/4 | weight_queues_pending=4/4
2026-09-29 12:07:34 | [UPDATE] | [learner] iter=50 transitions=40 completion=0.00% reward=-1.600 | cost=2.019s | lr_actor=2.985e-04 lr_critic=2.985e-04 | wv=45 stale=5 ck=ok| obj=inf completion=0.00% finite_obj=0.0% no_solution=100.0% collision=0.0% spectrum=52.5% action_range=[0.002,0.994] solver_status=optimal:0.0%,infeasible:97.5%,unknown:2.5%,error:0.0%,other:0.0% norm_count=4000
2026-09-29 12:07:34 | [QUEUE] | iter=50 | 队列 | sample_queue=0/4 | weight_queues_pending=4/4
2026-09-29 12:07:40 | [UPDATE] | [learner] iter=51 transitions=40 completion=0.00% reward=-1.400 | cost=2.197s | lr_actor=2.985e-04 lr_critic=2.985e-04 | wv=46 stale=5 ck=ok| obj=inf completion=0.00% finite_obj=0.0% no_solution=100.0% collision=0.0% spectrum=37.5% action_range=[0.007,0.994] solver_status=optimal:0.0%,infeasible:85.0%,unknown:15.0%,error:0.0%,other:0.0% norm_count=4080
2026-09-29 12:07:40 | [QUEUE] | iter=51 | 队列 | sample_queue=0/4 | weight_queues_pending=4/4
2026-09-29 12:07:44 | [UPDATE] | [learner] iter=52 transitions=40 completion=2.50% reward=-1.577 | cost=2.107s | lr_actor=2.985e-04 lr_critic=2.985e-04 | wv=48 stale=4 ck=ok| obj=inf completion=2.50% finite_obj=2.5% no_solution=97.5% collision=0.0% spectrum=55.0% action_range=[0.005,0.995] solver_status=optimal:2.5%,infeasible:95.0%,unknown:2.5%,error:0.0%,other:0.0% norm_count=4160
2026-09-29 12:07:44 | [QUEUE] | iter=52 | 队列 | sample_queue=1/4 | weight_queues_pending=4/4
2026-09-29 12:07:46 | [UPDATE] | [learner] iter=53 transitions=40 completion=0.00% reward=-1.675 | cost=2.133s | lr_actor=2.984e-04 lr_critic=2.984e-04 | wv=47 stale=6 ck=ok| obj=inf completion=0.00% finite_obj=0.0% no_solution=100.0% collision=0.0% spectrum=57.5% action_range=[0.009,0.993] solver_status=optimal:0.0%,infeasible:95.0%,unknown:5.0%,error:0.0%,other:0.0% norm_count=4240
2026-09-29 12:07:46 | [QUEUE] | iter=53 | 队列 | sample_queue=0/4 | weight_queues_pending=4/4
2026-09-29 12:07:58 | [UPDATE] | [learner] iter=54 transitions=40 completion=0.00% reward=-1.425 | cost=2.463s | lr_actor=2.984e-04 lr_critic=2.984e-04 | wv=49 stale=5 ck=ok| obj=inf completion=0.00% finite_obj=0.0% no_solution=100.0% collision=0.0% spectrum=40.0% action_range=[0.007,0.995] solver_status=optimal:0.0%,infeasible:95.0%,unknown:5.0%,error:0.0%,other:0.0% norm_count=4320
2026-09-29 12:07:58 | [QUEUE] | iter=54 | 队列 | sample_queue=0/4 | weight_queues_pending=4/4
2026-09-29 12:08:05 | [UPDATE] | [learner] iter=55 transitions=40 completion=0.00% reward=-1.475 | cost=2.317s | lr_actor=2.984e-04 lr_critic=2.984e-04 | wv=50 stale=5 ck=ok| obj=inf completion=0.00% finite_obj=0.0% no_solution=100.0% collision=0.0% spectrum=42.5% action_range=[0.004,0.994] solver_status=optimal:0.0%,infeasible:90.0%,unknown:10.0%,error:0.0%,other:0.0% norm_count=4400
2026-09-29 12:08:05 | [QUEUE] | iter=55 | 队列 | sample_queue=0/4 | weight_queues_pending=4/4
2026-09-29 12:08:09 | [UPDATE] | [learner] iter=56 transitions=40 completion=2.50% reward=-1.528 | cost=2.231s | lr_actor=2.984e-04 lr_critic=2.984e-04 | wv=51 stale=5 ck=ok| obj=inf completion=2.50% finite_obj=2.5% no_solution=97.5% collision=0.0% spectrum=47.5% action_range=[0.003,0.997] solver_status=optimal:2.5%,infeasible:92.5%,unknown:5.0%,error:0.0%,other:0.0% norm_count=4480
2026-09-29 12:08:09 | [QUEUE] | iter=56 | 队列 | sample_queue=0/4 | weight_queues_pending=4/4
2026-09-29 12:08:13 | [UPDATE] | [learner] iter=57 transitions=40 completion=0.00% reward=-1.625 | cost=2.167s | lr_actor=2.983e-04 lr_critic=2.983e-04 | wv=51 stale=6 ck=ok| obj=inf completion=0.00% finite_obj=0.0% no_solution=100.0% collision=0.0% spectrum=55.0% action_range=[0.006,0.993] solver_status=optimal:0.0%,infeasible:92.5%,unknown:7.5%,error:0.0%,other:0.0% norm_count=4560
2026-09-29 12:08:13 | [QUEUE] | iter=57 | 队列 | sample_queue=0/4 | weight_queues_pending=4/4
2026-09-29 12:08:20 | [UPDATE] | [learner] iter=58 transitions=40 completion=0.00% reward=-1.578 | cost=2.378s | lr_actor=2.983e-04 lr_critic=2.983e-04 | wv=53 stale=5 ck=ok| obj=inf completion=0.00% finite_obj=2.5% no_solution=97.5% collision=0.0% spectrum=57.5% action_range=[0.007,0.995] solver_status=optimal:2.5%,infeasible:95.0%,unknown:2.5%,error:0.0%,other:0.0% norm_count=4640
2026-09-29 12:08:20 | [QUEUE] | iter=58 | 队列 | sample_queue=0/4 | weight_queues_pending=4/4
2026-09-29 12:08:29 | [UPDATE] | [learner] iter=59 transitions=40 completion=0.00% reward=-1.503 | cost=2.354s | lr_actor=2.983e-04 lr_critic=2.983e-04 | wv=54 stale=5 ck=ok| obj=inf completion=0.00% finite_obj=2.5% no_solution=97.5% collision=0.0% spectrum=52.5% action_range=[0.006,0.989] solver_status=optimal:2.5%,infeasible:85.0%,unknown:12.5%,error:0.0%,other:0.0% norm_count=4720
2026-09-29 12:08:29 | [QUEUE] | iter=59 | 队列 | sample_queue=0/4 | weight_queues_pending=4/4
2026-09-29 12:08:32 | [UPDATE] | [learner] iter=60 transitions=40 completion=0.00% reward=-1.425 | cost=2.342s | lr_actor=2.982e-04 lr_critic=2.982e-04 | wv=55 stale=5 ck=ok| obj=inf completion=0.00% finite_obj=0.0% no_solution=100.0% collision=0.0% spectrum=37.5% action_range=[0.004,1.000] solver_status=optimal:0.0%,infeasible:90.0%,unknown:10.0%,error:0.0%,other:0.0% norm_count=4800
2026-09-29 12:08:32 | [QUEUE] | iter=60 | 队列 | sample_queue=0/4 | weight_queues_pending=4/4
2026-09-29 12:08:43 | [UPDATE] | [learner] iter=61 transitions=40 completion=0.00% reward=-1.650 | cost=2.188s | lr_actor=2.982e-04 lr_critic=2.982e-04 | wv=56 stale=5 ck=ok| obj=inf completion=0.00% finite_obj=0.0% no_solution=100.0% collision=0.0% spectrum=57.5% action_range=[0.003,0.999] solver_status=optimal:0.0%,infeasible:90.0%,unknown:10.0%,error:0.0%,other:0.0% norm_count=4880
2026-09-29 12:08:43 | [QUEUE] | iter=61 | 队列 | sample_queue=1/4 | weight_queues_pending=4/4
2026-09-29 12:08:45 | [UPDATE] | [learner] iter=62 transitions=40 completion=2.50% reward=-1.526 | cost=2.330s | lr_actor=2.982e-04 lr_critic=2.982e-04 | wv=57 stale=5 ck=ok| obj=inf completion=2.50% finite_obj=2.5% no_solution=97.5% collision=0.0% spectrum=47.5% action_range=[0.004,0.990] solver_status=optimal:2.5%,infeasible:90.0%,unknown:7.5%,error:0.0%,other:0.0% norm_count=4960
2026-09-29 12:08:45 | [QUEUE] | iter=62 | 队列 | sample_queue=0/4 | weight_queues_pending=4/4
2026-09-29 12:08:53 | [UPDATE] | [learner] iter=63 transitions=40 completion=0.00% reward=-1.552 | cost=2.171s | lr_actor=2.981e-04 lr_critic=2.981e-04 | wv=58 stale=5 ck=ok| obj=inf completion=0.00% finite_obj=2.5% no_solution=97.5% collision=0.0% spectrum=55.0% action_range=[0.003,0.999] solver_status=optimal:2.5%,infeasible:92.5%,unknown:5.0%,error:0.0%,other:0.0% norm_count=5040
2026-09-29 12:08:53 | [QUEUE] | iter=63 | 队列 | sample_queue=0/4 | weight_queues_pending=4/4
2026-09-29 12:08:56 | [UPDATE] | [learner] iter=64 transitions=40 completion=0.00% reward=-1.677 | cost=2.023s | lr_actor=2.981e-04 lr_critic=2.981e-04 | wv=59 stale=5 ck=ok| obj=inf completion=0.00% finite_obj=5.0% no_solution=95.0% collision=0.0% spectrum=65.0% action_range=[0.001,0.996] solver_status=optimal:5.0%,infeasible:95.0%,unknown:0.0%,error:0.0%,other:0.0% norm_count=5120
2026-09-29 12:08:56 | [QUEUE] | iter=64 | 队列 | sample_queue=0/4 | weight_queues_pending=4/4
2026-09-29 12:09:08 | [UPDATE] | [learner] iter=65 transitions=40 completion=0.00% reward=-1.600 | cost=2.473s | lr_actor=2.981e-04 lr_critic=2.981e-04 | wv=60 stale=5 ck=ok| obj=inf completion=0.00% finite_obj=0.0% no_solution=100.0% collision=0.0% spectrum=57.5% action_range=[0.000,0.998] solver_status=optimal:0.0%,infeasible:92.5%,unknown:7.5%,error:0.0%,other:0.0% norm_count=5200
2026-09-29 12:09:08 | [QUEUE] | iter=65 | 队列 | sample_queue=0/4 | weight_queues_pending=4/4
2026-09-29 12:09:11 | [UPDATE] | [learner] iter=66 transitions=40 completion=0.00% reward=-1.500 | cost=2.138s | lr_actor=2.981e-04 lr_critic=2.981e-04 | wv=60 stale=6 ck=ok| obj=inf completion=0.00% finite_obj=0.0% no_solution=100.0% collision=0.0% spectrum=40.0% action_range=[0.007,0.996] solver_status=optimal:0.0%,infeasible:95.0%,unknown:5.0%,error:0.0%,other:0.0% norm_count=5280
2026-09-29 12:09:11 | [QUEUE] | iter=66 | 队列 | sample_queue=0/4 | weight_queues_pending=4/4
2026-09-29 12:09:16 | [UPDATE] | [learner] iter=67 transitions=40 completion=0.00% reward=-1.525 | cost=2.570s | lr_actor=2.980e-04 lr_critic=2.980e-04 | wv=62 stale=5 ck=ok| obj=inf completion=0.00% finite_obj=0.0% no_solution=100.0% collision=0.0% spectrum=47.5% action_range=[0.000,0.997] solver_status=optimal:0.0%,infeasible:90.0%,unknown:10.0%,error:0.0%,other:0.0% norm_count=5360
2026-09-29 12:09:16 | [QUEUE] | iter=67 | 队列 | sample_queue=1/4 | weight_queues_pending=4/4
2026-09-29 12:09:18 | [UPDATE] | [learner] iter=68 transitions=40 completion=0.00% reward=-1.500 | cost=2.263s | lr_actor=2.980e-04 lr_critic=2.980e-04 | wv=63 stale=5 ck=ok| obj=inf completion=0.00% finite_obj=0.0% no_solution=100.0% collision=0.0% spectrum=50.0% action_range=[0.002,0.996] solver_status=optimal:0.0%,infeasible:95.0%,unknown:5.0%,error:0.0%,other:0.0% norm_count=5440
2026-09-29 12:09:18 | [QUEUE] | iter=68 | 队列 | sample_queue=0/4 | weight_queues_pending=4/4
2026-09-29 12:09:35 | [UPDATE] | [learner] iter=69 transitions=40 completion=0.00% reward=-1.575 | cost=2.350s | lr_actor=2.980e-04 lr_critic=2.980e-04 | wv=64 stale=5 ck=ok| obj=inf completion=0.00% finite_obj=0.0% no_solution=100.0% collision=0.0% spectrum=55.0% action_range=[0.006,0.997] solver_status=optimal:0.0%,infeasible:90.0%,unknown:10.0%,error:0.0%,other:0.0% norm_count=5520
2026-09-29 12:09:35 | [QUEUE] | iter=69 | 队列 | sample_queue=0/4 | weight_queues_pending=4/4
2026-09-29 12:09:39 | [UPDATE] | [learner] iter=70 transitions=40 completion=0.00% reward=-1.425 | cost=2.157s | lr_actor=2.979e-04 lr_critic=2.979e-04 | wv=65 stale=5 ck=ok| obj=inf completion=0.00% finite_obj=0.0% no_solution=100.0% collision=0.0% spectrum=40.0% action_range=[0.003,0.995] solver_status=optimal:0.0%,infeasible:95.0%,unknown:5.0%,error:0.0%,other:0.0% norm_count=5600
2026-09-29 12:09:39 | [QUEUE] | iter=70 | 队列 | sample_queue=0/4 | weight_queues_pending=4/4
2026-09-29 12:09:42 | [UPDATE] | [learner] iter=71 transitions=40 completion=0.00% reward=-1.527 | cost=2.491s | lr_actor=2.979e-04 lr_critic=2.979e-04 | wv=66 stale=5 ck=ok| obj=inf completion=0.00% finite_obj=2.5% no_solution=97.5% collision=0.0% spectrum=55.0% action_range=[0.001,0.999] solver_status=optimal:2.5%,infeasible:87.5%,unknown:10.0%,error:0.0%,other:0.0% norm_count=5680
2026-09-29 12:09:42 | [QUEUE] | iter=71 | 队列 | sample_queue=1/4 | weight_queues_pending=4/4
2026-09-29 12:09:45 | [UPDATE] | [learner] iter=72 transitions=40 completion=0.00% reward=-1.627 | cost=2.390s | lr_actor=2.979e-04 lr_critic=2.979e-04 | wv=66 stale=6 ck=ok| obj=inf completion=0.00% finite_obj=2.5% no_solution=97.5% collision=0.0% spectrum=57.5% action_range=[0.004,0.998] solver_status=optimal:2.5%,infeasible:92.5%,unknown:5.0%,error:0.0%,other:0.0% norm_count=5760
2026-09-29 12:09:45 | [QUEUE] | iter=72 | 队列 | sample_queue=0/4 | weight_queues_pending=4/4
2026-09-29 12:09:56 | [UPDATE] | [learner] iter=73 transitions=40 completion=0.00% reward=-1.450 | cost=2.152s | lr_actor=2.978e-04 lr_critic=2.978e-04 | wv=68 stale=5 ck=ok| obj=inf completion=0.00% finite_obj=0.0% no_solution=100.0% collision=0.0% spectrum=40.0% action_range=[0.002,0.990] solver_status=optimal:0.0%,infeasible:90.0%,unknown:10.0%,error:0.0%,other:0.0% norm_count=5840
2026-09-29 12:09:56 | [QUEUE] | iter=73 | 队列 | sample_queue=0/4 | weight_queues_pending=4/4
2026-09-29 12:10:05 | [UPDATE] | [learner] iter=74 transitions=40 completion=0.00% reward=-1.550 | cost=2.229s | lr_actor=2.978e-04 lr_critic=2.978e-04 | wv=69 stale=5 ck=ok| obj=inf completion=0.00% finite_obj=0.0% no_solution=100.0% collision=0.0% spectrum=50.0% action_range=[0.004,0.994] solver_status=optimal:0.0%,infeasible:92.5%,unknown:7.5%,error:0.0%,other:0.0% norm_count=5920
2026-09-29 12:10:05 | [QUEUE] | iter=74 | 队列 | sample_queue=2/4 | weight_queues_pending=4/4
2026-09-29 12:10:08 | [UPDATE] | [learner] iter=75 transitions=40 completion=0.00% reward=-1.725 | cost=3.002s | lr_actor=2.978e-04 lr_critic=2.978e-04 | wv=70 stale=5 ck=ok| obj=inf completion=0.00% finite_obj=0.0% no_solution=100.0% collision=0.0% spectrum=60.0% action_range=[0.006,0.999] solver_status=optimal:0.0%,infeasible:95.0%,unknown:5.0%,error:0.0%,other:0.0% norm_count=6000
2026-09-29 12:10:08 | [QUEUE] | iter=75 | 队列 | sample_queue=1/4 | weight_queues_pending=4/4
2026-09-29 12:10:10 | [UPDATE] | [learner] iter=76 transitions=40 completion=0.00% reward=-1.575 | cost=2.261s | lr_actor=2.978e-04 lr_critic=2.978e-04 | wv=70 stale=6 ck=ok| obj=inf completion=0.00% finite_obj=0.0% no_solution=100.0% collision=0.0% spectrum=47.5% action_range=[0.000,0.991] solver_status=optimal:0.0%,infeasible:90.0%,unknown:10.0%,error:0.0%,other:0.0% norm_count=6080
2026-09-29 12:10:10 | [QUEUE] | iter=76 | 队列 | sample_queue=0/4 | weight_queues_pending=4/4
2026-09-29 12:10:20 | [UPDATE] | [learner] iter=77 transitions=40 completion=0.00% reward=-1.700 | cost=2.082s | lr_actor=2.977e-04 lr_critic=2.977e-04 | wv=72 stale=5 ck=ok| obj=inf completion=0.00% finite_obj=0.0% no_solution=100.0% collision=0.0% spectrum=55.0% action_range=[0.003,0.997] solver_status=optimal:0.0%,infeasible:95.0%,unknown:5.0%,error:0.0%,other:0.0% norm_count=6160
2026-09-29 12:10:20 | [QUEUE] | iter=77 | 队列 | sample_queue=0/4 | weight_queues_pending=4/4
2026-09-29 12:10:29 | [UPDATE] | [learner] iter=78 transitions=40 completion=2.50% reward=-1.502 | cost=2.192s | lr_actor=2.977e-04 lr_critic=2.977e-04 | wv=73 stale=5 ck=ok| obj=inf completion=2.50% finite_obj=2.5% no_solution=97.5% collision=0.0% spectrum=47.5% action_range=[0.001,0.994] solver_status=optimal:2.5%,infeasible:95.0%,unknown:2.5%,error:0.0%,other:0.0% norm_count=6240
2026-09-29 12:10:29 | [QUEUE] | iter=78 | 队列 | sample_queue=1/4 | weight_queues_pending=4/4
2026-09-29 12:10:31 | [UPDATE] | [learner] iter=79 transitions=40 completion=2.50% reward=-1.453 | cost=2.369s | lr_actor=2.977e-04 lr_critic=2.977e-04 | wv=73 stale=6 ck=ok| obj=inf completion=2.50% finite_obj=2.5% no_solution=97.5% collision=0.0% spectrum=42.5% action_range=[0.003,0.995] solver_status=optimal:2.5%,infeasible:95.0%,unknown:2.5%,error:0.0%,other:0.0% norm_count=6320
2026-09-29 12:10:31 | [QUEUE] | iter=79 | 队列 | sample_queue=0/4 | weight_queues_pending=4/4
2026-09-29 12:10:34 | [UPDATE] | [learner] iter=80 transitions=40 completion=0.00% reward=-1.475 | cost=2.128s | lr_actor=2.976e-04 lr_critic=2.976e-04 | wv=73 stale=7 ck=ok| obj=inf completion=0.00% finite_obj=0.0% no_solution=100.0% collision=0.0% spectrum=40.0% action_range=[0.004,0.997] solver_status=optimal:0.0%,infeasible:87.5%,unknown:12.5%,error:0.0%,other:0.0% norm_count=6400
2026-09-29 12:10:34 | [QUEUE] | iter=80 | 队列 | sample_queue=0/4 | weight_queues_pending=4/4
2026-09-29 12:10:42 | [UPDATE] | [learner] iter=81 transitions=40 completion=0.00% reward=-1.550 | cost=2.097s | lr_actor=2.976e-04 lr_critic=2.976e-04 | wv=76 stale=5 ck=ok| obj=inf completion=0.00% finite_obj=0.0% no_solution=100.0% collision=0.0% spectrum=45.0% action_range=[0.004,0.998] solver_status=optimal:0.0%,infeasible:97.5%,unknown:2.5%,error:0.0%,other:0.0% norm_count=6480
2026-09-29 12:10:42 | [QUEUE] | iter=81 | 队列 | sample_queue=0/4 | weight_queues_pending=4/4
2026-09-29 12:10:53 | [UPDATE] | [learner] iter=82 transitions=40 completion=0.00% reward=-1.650 | cost=2.286s | lr_actor=2.976e-04 lr_critic=2.976e-04 | wv=77 stale=5 ck=ok| obj=inf completion=0.00% finite_obj=0.0% no_solution=100.0% collision=0.0% spectrum=55.0% action_range=[0.002,0.999] solver_status=optimal:0.0%,infeasible:97.5%,unknown:2.5%,error:0.0%,other:0.0% norm_count=6560
2026-09-29 12:10:53 | [QUEUE] | iter=82 | 队列 | sample_queue=1/4 | weight_queues_pending=4/4
2026-09-29 12:10:55 | [UPDATE] | [learner] iter=83 transitions=40 completion=0.00% reward=-1.475 | cost=2.531s | lr_actor=2.975e-04 lr_critic=2.975e-04 | wv=77 stale=6 ck=ok| obj=inf completion=0.00% finite_obj=0.0% no_solution=100.0% collision=0.0% spectrum=45.0% action_range=[0.003,1.000] solver_status=optimal:0.0%,infeasible:95.0%,unknown:5.0%,error:0.0%,other:0.0% norm_count=6640
2026-09-29 12:10:55 | [QUEUE] | iter=83 | 队列 | sample_queue=0/4 | weight_queues_pending=4/4
2026-09-29 12:11:03 | [UPDATE] | [learner] iter=84 transitions=40 completion=0.00% reward=-1.650 | cost=2.397s | lr_actor=2.975e-04 lr_critic=2.975e-04 | wv=79 stale=5 ck=ok| obj=inf completion=0.00% finite_obj=0.0% no_solution=100.0% collision=0.0% spectrum=62.5% action_range=[0.001,0.993] solver_status=optimal:0.0%,infeasible:87.5%,unknown:12.5%,error:0.0%,other:0.0% norm_count=6720
2026-09-29 12:11:03 | [QUEUE] | iter=84 | 队列 | sample_queue=1/4 | weight_queues_pending=4/4
2026-09-29 12:11:05 | [UPDATE] | [learner] iter=85 transitions=40 completion=0.00% reward=-1.425 | cost=2.268s | lr_actor=2.975e-04 lr_critic=2.975e-04 | wv=80 stale=5 ck=ok| obj=inf completion=0.00% finite_obj=0.0% no_solution=100.0% collision=0.0% spectrum=40.0% action_range=[0.003,0.997] solver_status=optimal:0.0%,infeasible:90.0%,unknown:10.0%,error:0.0%,other:0.0% norm_count=6800
2026-09-29 12:11:05 | [QUEUE] | iter=85 | 队列 | sample_queue=0/4 | weight_queues_pending=4/4
2026-09-29 12:11:17 | [UPDATE] | [learner] iter=86 transitions=40 completion=2.50% reward=-1.603 | cost=2.092s | lr_actor=2.974e-04 lr_critic=2.974e-04 | wv=81 stale=5 ck=ok| obj=inf completion=2.50% finite_obj=2.5% no_solution=97.5% collision=0.0% spectrum=62.5% action_range=[0.004,0.993] solver_status=optimal:2.5%,infeasible:92.5%,unknown:5.0%,error:0.0%,other:0.0% norm_count=6880
2026-09-29 12:11:17 | [QUEUE] | iter=86 | 队列 | sample_queue=1/4 | weight_queues_pending=4/4
2026-09-29 12:11:19 | [UPDATE] | [learner] iter=87 transitions=40 completion=0.00% reward=-1.626 | cost=2.203s | lr_actor=2.974e-04 lr_critic=2.974e-04 | wv=81 stale=6 ck=ok| obj=inf completion=0.00% finite_obj=2.5% no_solution=97.5% collision=0.0% spectrum=60.0% action_range=[0.005,0.999] solver_status=optimal:2.5%,infeasible:97.5%,unknown:0.0%,error:0.0%,other:0.0% norm_count=6960
2026-09-29 12:11:19 | [QUEUE] | iter=87 | 队列 | sample_queue=0/4 | weight_queues_pending=4/4
2026-09-29 12:11:25 | [UPDATE] | [learner] iter=88 transitions=40 completion=0.00% reward=-1.450 | cost=2.159s | lr_actor=2.974e-04 lr_critic=2.974e-04 | wv=83 stale=5 ck=ok| obj=inf completion=0.00% finite_obj=0.0% no_solution=100.0% collision=0.0% spectrum=32.5% action_range=[0.003,0.995] solver_status=optimal:0.0%,infeasible:95.0%,unknown:5.0%,error:0.0%,other:0.0% norm_count=7040
2026-09-29 12:11:25 | [QUEUE] | iter=88 | 队列 | sample_queue=0/4 | weight_queues_pending=4/4
2026-09-29 12:11:30 | [UPDATE] | [learner] iter=89 transitions=40 completion=0.00% reward=-1.725 | cost=2.527s | lr_actor=2.974e-04 lr_critic=2.974e-04 | wv=83 stale=6 ck=ok| obj=inf completion=0.00% finite_obj=0.0% no_solution=100.0% collision=0.0% spectrum=60.0% action_range=[0.007,0.997] solver_status=optimal:0.0%,infeasible:95.0%,unknown:5.0%,error:0.0%,other:0.0% norm_count=7120
2026-09-29 12:11:30 | [QUEUE] | iter=89 | 队列 | sample_queue=0/4 | weight_queues_pending=4/4
2026-09-29 12:11:41 | [UPDATE] | [learner] iter=90 transitions=40 completion=0.00% reward=-1.675 | cost=2.186s | lr_actor=2.973e-04 lr_critic=2.973e-04 | wv=85 stale=5 ck=ok| obj=inf completion=0.00% finite_obj=0.0% no_solution=100.0% collision=0.0% spectrum=57.5% action_range=[0.005,0.999] solver_status=optimal:0.0%,infeasible:85.0%,unknown:15.0%,error:0.0%,other:0.0% norm_count=7200
2026-09-29 12:11:41 | [QUEUE] | iter=90 | 队列 | sample_queue=1/4 | weight_queues_pending=4/4
2026-09-29 12:11:43 | [UPDATE] | [learner] iter=91 transitions=40 completion=0.00% reward=-1.450 | cost=2.273s | lr_actor=2.973e-04 lr_critic=2.973e-04 | wv=85 stale=6 ck=ok| obj=inf completion=0.00% finite_obj=0.0% no_solution=100.0% collision=0.0% spectrum=37.5% action_range=[0.003,0.994] solver_status=optimal:0.0%,infeasible:92.5%,unknown:7.5%,error:0.0%,other:0.0% norm_count=7280
2026-09-29 12:11:43 | [QUEUE] | iter=91 | 队列 | sample_queue=0/4 | weight_queues_pending=4/4
2026-09-29 12:11:50 | [UPDATE] | [learner] iter=92 transitions=40 completion=0.00% reward=-1.603 | cost=2.696s | lr_actor=2.973e-04 lr_critic=2.973e-04 | wv=87 stale=5 ck=ok| obj=inf completion=0.00% finite_obj=2.5% no_solution=97.5% collision=0.0% spectrum=52.5% action_range=[0.003,0.995] solver_status=optimal:2.5%,infeasible:92.5%,unknown:5.0%,error:0.0%,other:0.0% norm_count=7360
2026-09-29 12:11:50 | [QUEUE] | iter=92 | 队列 | sample_queue=0/4 | weight_queues_pending=4/4
2026-09-29 12:11:56 | [UPDATE] | [learner] iter=93 transitions=40 completion=0.00% reward=-1.600 | cost=2.218s | lr_actor=2.972e-04 lr_critic=2.972e-04 | wv=88 stale=5 ck=ok| obj=inf completion=0.00% finite_obj=0.0% no_solution=100.0% collision=0.0% spectrum=50.0% action_range=[0.007,0.998] solver_status=optimal:0.0%,infeasible:87.5%,unknown:12.5%,error:0.0%,other:0.0% norm_count=7440
2026-09-29 12:11:56 | [QUEUE] | iter=93 | 队列 | sample_queue=0/4 | weight_queues_pending=4/4
2026-09-29 12:12:06 | [UPDATE] | [learner] iter=94 transitions=40 completion=0.00% reward=-1.500 | cost=2.262s | lr_actor=2.972e-04 lr_critic=2.972e-04 | wv=89 stale=5 ck=ok| obj=inf completion=0.00% finite_obj=0.0% no_solution=100.0% collision=0.0% spectrum=47.5% action_range=[0.006,0.995] solver_status=optimal:0.0%,infeasible:97.5%,unknown:2.5%,error:0.0%,other:0.0% norm_count=7520
2026-09-29 12:12:06 | [QUEUE] | iter=94 | 队列 | sample_queue=0/4 | weight_queues_pending=4/4
2026-09-29 12:12:08 | [UPDATE] | [learner] iter=95 transitions=40 completion=0.00% reward=-1.525 | cost=2.301s | lr_actor=2.972e-04 lr_critic=2.972e-04 | wv=89 stale=6 ck=ok| obj=inf completion=0.00% finite_obj=0.0% no_solution=100.0% collision=0.0% spectrum=50.0% action_range=[0.007,0.995] solver_status=optimal:0.0%,infeasible:100.0%,unknown:0.0%,error:0.0%,other:0.0% norm_count=7600
2026-09-29 12:12:08 | [QUEUE] | iter=95 | 队列 | sample_queue=0/4 | weight_queues_pending=4/4
2026-09-29 12:12:11 | [UPDATE] | [learner] iter=96 transitions=40 completion=0.00% reward=-1.625 | cost=2.345s | lr_actor=2.971e-04 lr_critic=2.971e-04 | wv=91 stale=5 ck=ok| obj=inf completion=0.00% finite_obj=0.0% no_solution=100.0% collision=0.0% spectrum=55.0% action_range=[0.004,0.997] solver_status=optimal:0.0%,infeasible:95.0%,unknown:5.0%,error:0.0%,other:0.0% norm_count=7680
2026-09-29 12:12:11 | [QUEUE] | iter=96 | 队列 | sample_queue=0/4 | weight_queues_pending=4/4
2026-09-29 12:12:24 | [UPDATE] | [learner] iter=97 transitions=40 completion=0.00% reward=-1.675 | cost=2.184s | lr_actor=2.971e-04 lr_critic=2.971e-04 | wv=92 stale=5 ck=ok| obj=inf completion=0.00% finite_obj=0.0% no_solution=100.0% collision=0.0% spectrum=60.0% action_range=[0.001,0.996] solver_status=optimal:0.0%,infeasible:92.5%,unknown:7.5%,error:0.0%,other:0.0% norm_count=7760
2026-09-29 12:12:24 | [QUEUE] | iter=97 | 队列 | sample_queue=0/4 | weight_queues_pending=4/4
2026-09-29 12:12:30 | [UPDATE] | [learner] iter=98 transitions=40 completion=0.00% reward=-1.675 | cost=2.447s | lr_actor=2.971e-04 lr_critic=2.971e-04 | wv=93 stale=5 ck=ok| obj=inf completion=0.00% finite_obj=0.0% no_solution=100.0% collision=0.0% spectrum=60.0% action_range=[0.001,1.000] solver_status=optimal:0.0%,infeasible:95.0%,unknown:5.0%,error:0.0%,other:0.0% norm_count=7840
2026-09-29 12:12:30 | [QUEUE] | iter=98 | 队列 | sample_queue=1/4 | weight_queues_pending=4/4
2026-09-29 12:12:32 | [UPDATE] | [learner] iter=99 transitions=40 completion=0.00% reward=-1.650 | cost=2.190s | lr_actor=2.971e-04 lr_critic=2.971e-04 | wv=94 stale=5 ck=ok| obj=inf completion=0.00% finite_obj=0.0% no_solution=100.0% collision=0.0% spectrum=55.0% action_range=[0.002,0.999] solver_status=optimal:0.0%,infeasible:87.5%,unknown:12.5%,error:0.0%,other:0.0% norm_count=7920
2026-09-29 12:12:32 | [QUEUE] | iter=99 | 队列 | sample_queue=1/4 | weight_queues_pending=4/4
2026-09-29 12:12:35 | [UPDATE] | [learner] iter=100 transitions=40 completion=0.00% reward=-1.625 | cost=2.231s | lr_actor=2.970e-04 lr_critic=2.970e-04 | wv=95 stale=5 ck=ok| obj=inf completion=0.00% finite_obj=0.0% no_solution=100.0% collision=0.0% spectrum=55.0% action_range=[0.000,0.991] solver_status=optimal:0.0%,infeasible:95.0%,unknown:5.0%,error:0.0%,other:0.0% norm_count=8000
2026-09-29 12:12:35 | [QUEUE] | iter=100 | 队列 | sample_queue=0/4 | weight_queues_pending=4/4
2026-09-29 12:12:49 | [UPDATE] | [learner] iter=101 transitions=40 completion=0.00% reward=-1.525 | cost=2.036s | lr_actor=2.970e-04 lr_critic=2.970e-04 | wv=96 stale=5 ck=ok| obj=inf completion=0.00% finite_obj=0.0% no_solution=100.0% collision=0.0% spectrum=47.5% action_range=[0.005,0.996] solver_status=optimal:0.0%,infeasible:92.5%,unknown:7.5%,error:0.0%,other:0.0% norm_count=8080
2026-09-29 12:12:49 | [QUEUE] | iter=101 | 队列 | sample_queue=0/4 | weight_queues_pending=4/4
2026-09-29 12:12:53 | [UPDATE] | [learner] iter=102 transitions=40 completion=0.00% reward=-1.450 | cost=2.205s | lr_actor=2.970e-04 lr_critic=2.970e-04 | wv=97 stale=5 ck=ok| obj=inf completion=0.00% finite_obj=0.0% no_solution=100.0% collision=0.0% spectrum=40.0% action_range=[0.007,0.992] solver_status=optimal:0.0%,infeasible:85.0%,unknown:15.0%,error:0.0%,other:0.0% norm_count=8160
2026-09-29 12:12:53 | [QUEUE] | iter=102 | 队列 | sample_queue=1/4 | weight_queues_pending=4/4
2026-09-29 12:12:55 | [UPDATE] | [learner] iter=103 transitions=40 completion=0.00% reward=-1.525 | cost=2.287s | lr_actor=2.969e-04 lr_critic=2.969e-04 | wv=97 stale=6 ck=ok| obj=inf completion=0.00% finite_obj=0.0% no_solution=100.0% collision=0.0% spectrum=50.0% action_range=[0.003,0.997] solver_status=optimal:0.0%,infeasible:95.0%,unknown:5.0%,error:0.0%,other:0.0% norm_count=8240
2026-09-29 12:12:55 | [QUEUE] | iter=103 | 队列 | sample_queue=0/4 | weight_queues_pending=4/4
2026-09-29 12:12:58 | [UPDATE] | [learner] iter=104 transitions=40 completion=0.00% reward=-1.775 | cost=2.216s | lr_actor=2.969e-04 lr_critic=2.969e-04 | wv=98 stale=6 ck=ok| obj=inf completion=0.00% finite_obj=0.0% no_solution=100.0% collision=0.0% spectrum=67.5% action_range=[0.004,0.996] solver_status=optimal:0.0%,infeasible:90.0%,unknown:10.0%,error:0.0%,other:0.0% norm_count=8320
2026-09-29 12:12:58 | [QUEUE] | iter=104 | 队列 | sample_queue=0/4 | weight_queues_pending=4/4
2026-09-29 12:13:15 | [UPDATE] | [learner] iter=105 transitions=40 completion=0.00% reward=-1.550 | cost=2.123s | lr_actor=2.969e-04 lr_critic=2.969e-04 | wv=101 stale=4 ck=ok| obj=inf completion=0.00% finite_obj=0.0% no_solution=100.0% collision=0.0% spectrum=50.0% action_range=[0.003,0.991] solver_status=optimal:0.0%,infeasible:95.0%,unknown:5.0%,error:0.0%,other:0.0% norm_count=8400
2026-09-29 12:13:15 | [QUEUE] | iter=105 | 队列 | sample_queue=0/4 | weight_queues_pending=4/4
2026-09-29 12:13:17 | [UPDATE] | [learner] iter=106 transitions=40 completion=0.00% reward=-1.425 | cost=2.264s | lr_actor=2.968e-04 lr_critic=2.968e-04 | wv=100 stale=6 ck=ok| obj=inf completion=0.00% finite_obj=0.0% no_solution=100.0% collision=0.0% spectrum=37.5% action_range=[0.006,0.996] solver_status=optimal:0.0%,infeasible:90.0%,unknown:10.0%,error:0.0%,other:0.0% norm_count=8480
2026-09-29 12:13:17 | [QUEUE] | iter=106 | 队列 | sample_queue=2/4 | weight_queues_pending=4/4
2026-09-29 12:13:20 | [UPDATE] | [learner] iter=107 transitions=40 completion=0.00% reward=-1.700 | cost=2.361s | lr_actor=2.968e-04 lr_critic=2.968e-04 | wv=101 stale=6 ck=ok| obj=inf completion=0.00% finite_obj=0.0% no_solution=100.0% collision=0.0% spectrum=57.5% action_range=[0.002,0.998] solver_status=optimal:0.0%,infeasible:90.0%,unknown:10.0%,error:0.0%,other:0.0% norm_count=8560
2026-09-29 12:13:20 | [QUEUE] | iter=107 | 队列 | sample_queue=1/4 | weight_queues_pending=4/4
2026-09-29 12:13:22 | [UPDATE] | [learner] iter=108 transitions=40 completion=0.00% reward=-1.600 | cost=2.342s | lr_actor=2.968e-04 lr_critic=2.968e-04 | wv=103 stale=5 ck=ok| obj=inf completion=0.00% finite_obj=0.0% no_solution=100.0% collision=0.0% spectrum=57.5% action_range=[0.004,0.995] solver_status=optimal:0.0%,infeasible:95.0%,unknown:5.0%,error:0.0%,other:0.0% norm_count=8640
2026-09-29 12:13:22 | [QUEUE] | iter=108 | 队列 | sample_queue=0/4 | weight_queues_pending=4/4
2026-09-29 12:13:40 | [UPDATE] | [learner] iter=109 transitions=40 completion=0.00% reward=-1.575 | cost=1.986s | lr_actor=2.968e-04 lr_critic=2.968e-04 | wv=104 stale=5 ck=ok| obj=inf completion=0.00% finite_obj=0.0% no_solution=100.0% collision=0.0% spectrum=52.5% action_range=[0.004,0.998] solver_status=optimal:0.0%,infeasible:90.0%,unknown:10.0%,error:0.0%,other:0.0% norm_count=8720
2026-09-29 12:13:40 | [QUEUE] | iter=109 | 队列 | sample_queue=1/4 | weight_queues_pending=4/4
2026-09-29 12:13:42 | [UPDATE] | [learner] iter=110 transitions=40 completion=0.00% reward=-1.425 | cost=2.460s | lr_actor=2.967e-04 lr_critic=2.967e-04 | wv=105 stale=5 ck=ok| obj=inf completion=0.00% finite_obj=0.0% no_solution=100.0% collision=0.0% spectrum=37.5% action_range=[0.007,0.995] solver_status=optimal:0.0%,infeasible:95.0%,unknown:5.0%,error:0.0%,other:0.0% norm_count=8800
2026-09-29 12:13:42 | [QUEUE] | iter=110 | 队列 | sample_queue=1/4 | weight_queues_pending=4/4
2026-09-29 12:13:45 | [UPDATE] | [learner] iter=111 transitions=40 completion=0.00% reward=-1.575 | cost=2.623s | lr_actor=2.967e-04 lr_critic=2.967e-04 | wv=105 stale=6 ck=ok| obj=inf completion=0.00% finite_obj=0.0% no_solution=100.0% collision=0.0% spectrum=47.5% action_range=[0.002,0.994] solver_status=optimal:0.0%,infeasible:90.0%,unknown:10.0%,error:0.0%,other:0.0% norm_count=8880
2026-09-29 12:13:45 | [QUEUE] | iter=111 | 队列 | sample_queue=1/4 | weight_queues_pending=4/4
2026-09-29 12:13:47 | [UPDATE] | [learner] iter=112 transitions=40 completion=0.00% reward=-1.450 | cost=2.101s | lr_actor=2.967e-04 lr_critic=2.967e-04 | wv=100 stale=12 ck=ok| obj=inf completion=0.00% finite_obj=0.0% no_solution=100.0% collision=0.0% spectrum=40.0% action_range=[0.007,0.996] solver_status=optimal:0.0%,infeasible:95.0%,unknown:5.0%,error:0.0%,other:0.0% norm_count=8960
2026-09-29 12:13:47 | [QUEUE] | iter=112 | 队列 | sample_queue=0/4 | weight_queues_pending=4/4
2026-09-29 12:14:03 | [UPDATE] | [learner] iter=113 transitions=40 completion=0.00% reward=-1.525 | cost=2.572s | lr_actor=2.966e-04 lr_critic=2.966e-04 | wv=108 stale=5 ck=ok| obj=inf completion=0.00% finite_obj=0.0% no_solution=100.0% collision=0.0% spectrum=45.0% action_range=[0.004,0.998] solver_status=optimal:0.0%,infeasible:87.5%,unknown:12.5%,error:0.0%,other:0.0% norm_count=9040
2026-09-29 12:14:03 | [QUEUE] | iter=113 | 队列 | sample_queue=0/4 | weight_queues_pending=4/4
2026-09-29 12:14:05 | [UPDATE] | [learner] iter=114 transitions=40 completion=0.00% reward=-1.475 | cost=2.063s | lr_actor=2.966e-04 lr_critic=2.966e-04 | wv=108 stale=6 ck=ok| obj=inf completion=0.00% finite_obj=0.0% no_solution=100.0% collision=0.0% spectrum=42.5% action_range=[0.008,0.993] solver_status=optimal:0.0%,infeasible:100.0%,unknown:0.0%,error:0.0%,other:0.0% norm_count=9120
2026-09-29 12:14:05 | [QUEUE] | iter=114 | 队列 | sample_queue=1/4 | weight_queues_pending=4/4
2026-09-29 12:14:07 | [UPDATE] | [learner] iter=115 transitions=40 completion=0.00% reward=-1.500 | cost=2.290s | lr_actor=2.966e-04 lr_critic=2.966e-04 | wv=109 stale=6 ck=ok| obj=inf completion=0.00% finite_obj=0.0% no_solution=100.0% collision=0.0% spectrum=42.5% action_range=[0.002,0.998] solver_status=optimal:0.0%,infeasible:97.5%,unknown:2.5%,error:0.0%,other:0.0% norm_count=9200
2026-09-29 12:14:07 | [QUEUE] | iter=115 | 队列 | sample_queue=0/4 | weight_queues_pending=4/4
2026-09-29 12:14:14 | [UPDATE] | [learner] iter=116 transitions=40 completion=0.00% reward=-1.550 | cost=2.356s | lr_actor=2.965e-04 lr_critic=2.965e-04 | wv=110 stale=6 ck=ok| obj=inf completion=0.00% finite_obj=0.0% no_solution=100.0% collision=0.0% spectrum=50.0% action_range=[0.004,0.995] solver_status=optimal:0.0%,infeasible:97.5%,unknown:2.5%,error:0.0%,other:0.0% norm_count=9280
2026-09-29 12:14:14 | [QUEUE] | iter=116 | 队列 | sample_queue=0/4 | weight_queues_pending=4/4
2026-09-29 12:14:25 | [UPDATE] | [learner] iter=117 transitions=40 completion=0.00% reward=-1.475 | cost=2.458s | lr_actor=2.965e-04 lr_critic=2.965e-04 | wv=112 stale=5 ck=ok| obj=inf completion=0.00% finite_obj=0.0% no_solution=100.0% collision=0.0% spectrum=42.5% action_range=[0.006,1.000] solver_status=optimal:0.0%,infeasible:90.0%,unknown:10.0%,error:0.0%,other:0.0% norm_count=9360
2026-09-29 12:14:25 | [QUEUE] | iter=117 | 队列 | sample_queue=0/4 | weight_queues_pending=4/4
2026-09-29 12:14:29 | [UPDATE] | [learner] iter=118 transitions=40 completion=0.00% reward=-1.550 | cost=2.064s | lr_actor=2.965e-04 lr_critic=2.965e-04 | wv=113 stale=5 ck=ok| obj=inf completion=0.00% finite_obj=0.0% no_solution=100.0% collision=0.0% spectrum=52.5% action_range=[0.007,0.994] solver_status=optimal:0.0%,infeasible:90.0%,unknown:10.0%,error:0.0%,other:0.0% norm_count=9440
2026-09-29 12:14:29 | [QUEUE] | iter=118 | 队列 | sample_queue=1/4 | weight_queues_pending=4/4
2026-09-29 12:14:31 | [UPDATE] | [learner] iter=119 transitions=40 completion=0.00% reward=-1.602 | cost=2.154s | lr_actor=2.965e-04 lr_critic=2.965e-04 | wv=113 stale=6 ck=ok| obj=inf completion=0.00% finite_obj=2.5% no_solution=97.5% collision=0.0% spectrum=55.0% action_range=[0.007,0.996] solver_status=optimal:2.5%,infeasible:90.0%,unknown:7.5%,error:0.0%,other:0.0% norm_count=9520
2026-09-29 12:14:31 | [QUEUE] | iter=119 | 队列 | sample_queue=0/4 | weight_queues_pending=4/4
2026-09-29 12:14:42 | [UPDATE] | [learner] iter=120 transitions=40 completion=0.00% reward=-1.575 | cost=2.304s | lr_actor=2.964e-04 lr_critic=2.964e-04 | wv=115 stale=5 ck=ok| obj=inf completion=0.00% finite_obj=0.0% no_solution=100.0% collision=0.0% spectrum=52.5% action_range=[0.002,0.993] solver_status=optimal:0.0%,infeasible:97.5%,unknown:2.5%,error:0.0%,other:0.0% norm_count=9600
2026-09-29 12:14:42 | [QUEUE] | iter=120 | 队列 | sample_queue=0/4 | weight_queues_pending=4/4
2026-09-29 12:14:50 | [UPDATE] | [learner] iter=121 transitions=40 completion=0.00% reward=-1.475 | cost=2.477s | lr_actor=2.964e-04 lr_critic=2.964e-04 | wv=116 stale=5 ck=ok| obj=inf completion=0.00% finite_obj=0.0% no_solution=100.0% collision=0.0% spectrum=45.0% action_range=[0.001,0.998] solver_status=optimal:0.0%,infeasible:97.5%,unknown:2.5%,error:0.0%,other:0.0% norm_count=9680
2026-09-29 12:14:50 | [QUEUE] | iter=121 | 队列 | sample_queue=1/4 | weight_queues_pending=4/4
2026-09-29 12:14:52 | [UPDATE] | [learner] iter=122 transitions=40 completion=2.50% reward=-1.477 | cost=2.151s | lr_actor=2.964e-04 lr_critic=2.964e-04 | wv=117 stale=5 ck=ok| obj=inf completion=2.50% finite_obj=2.5% no_solution=97.5% collision=0.0% spectrum=50.0% action_range=[0.005,0.997] solver_status=optimal:2.5%,infeasible:87.5%,unknown:10.0%,error:0.0%,other:0.0% norm_count=9760
2026-09-29 12:14:52 | [QUEUE] | iter=122 | 队列 | sample_queue=1/4 | weight_queues_pending=4/4
2026-09-29 12:14:55 | [UPDATE] | [learner] iter=123 transitions=40 completion=0.00% reward=-1.475 | cost=2.266s | lr_actor=2.963e-04 lr_critic=2.963e-04 | wv=117 stale=6 ck=ok| obj=inf completion=0.00% finite_obj=0.0% no_solution=100.0% collision=0.0% spectrum=45.0% action_range=[0.005,0.997] solver_status=optimal:0.0%,infeasible:97.5%,unknown:2.5%,error:0.0%,other:0.0% norm_count=9840
2026-09-29 12:14:55 | [QUEUE] | iter=123 | 队列 | sample_queue=0/4 | weight_queues_pending=4/4
2026-09-29 12:15:12 | [UPDATE] | [learner] iter=124 transitions=40 completion=0.00% reward=-1.426 | cost=2.182s | lr_actor=2.963e-04 lr_critic=2.963e-04 | wv=119 stale=5 ck=ok| obj=inf completion=0.00% finite_obj=2.5% no_solution=97.5% collision=0.0% spectrum=42.5% action_range=[0.000,0.998] solver_status=optimal:2.5%,infeasible:95.0%,unknown:2.5%,error:0.0%,other:0.0% norm_count=9920
2026-09-29 12:15:12 | [QUEUE] | iter=124 | 队列 | sample_queue=2/4 | weight_queues_pending=4/4
2026-09-29 12:15:14 | [UPDATE] | [learner] iter=125 transitions=40 completion=0.00% reward=-1.525 | cost=2.188s | lr_actor=2.963e-04 lr_critic=2.963e-04 | wv=120 stale=5 ck=ok| obj=inf completion=0.00% finite_obj=0.0% no_solution=100.0% collision=0.0% spectrum=47.5% action_range=[0.005,0.997] solver_status=optimal:0.0%,infeasible:92.5%,unknown:7.5%,error:0.0%,other:0.0% norm_count=10000
2026-09-29 12:15:14 | [QUEUE] | iter=125 | 队列 | sample_queue=1/4 | weight_queues_pending=4/4
2026-09-29 12:15:16 | [UPDATE] | [learner] iter=126 transitions=40 completion=0.00% reward=-1.551 | cost=2.203s | lr_actor=2.962e-04 lr_critic=2.962e-04 | wv=120 stale=6 ck=ok| obj=inf completion=0.00% finite_obj=2.5% no_solution=97.5% collision=0.0% spectrum=57.5% action_range=[0.000,0.997] solver_status=optimal:2.5%,infeasible:92.5%,unknown:5.0%,error:0.0%,other:0.0% norm_count=10080
2026-09-29 12:15:16 | [QUEUE] | iter=126 | 队列 | sample_queue=0/4 | weight_queues_pending=4/4
2026-09-29 12:15:21 | [UPDATE] | [learner] iter=127 transitions=40 completion=0.00% reward=-1.552 | cost=2.172s | lr_actor=2.962e-04 lr_critic=2.962e-04 | wv=121 stale=6 ck=ok| obj=inf completion=0.00% finite_obj=2.5% no_solution=97.5% collision=0.0% spectrum=55.0% action_range=[0.011,0.995] solver_status=optimal:2.5%,infeasible:95.0%,unknown:2.5%,error:0.0%,other:0.0% norm_count=10160
2026-09-29 12:15:21 | [QUEUE] | iter=127 | 队列 | sample_queue=0/4 | weight_queues_pending=4/4
2026-09-29 12:15:35 | [UPDATE] | [learner] iter=128 transitions=40 completion=0.00% reward=-1.477 | cost=2.214s | lr_actor=2.962e-04 lr_critic=2.962e-04 | wv=123 stale=5 ck=ok| obj=inf completion=0.00% finite_obj=2.5% no_solution=97.5% collision=0.0% spectrum=47.5% action_range=[0.004,0.999] solver_status=optimal:2.5%,infeasible:90.0%,unknown:7.5%,error:0.0%,other:0.0% norm_count=10240
2026-09-29 12:15:35 | [QUEUE] | iter=128 | 队列 | sample_queue=0/4 | weight_queues_pending=4/4
2026-09-29 12:15:38 | [UPDATE] | [learner] iter=129 transitions=40 completion=0.00% reward=-1.675 | cost=2.187s | lr_actor=2.962e-04 lr_critic=2.962e-04 | wv=123 stale=6 ck=ok| obj=inf completion=0.00% finite_obj=0.0% no_solution=100.0% collision=0.0% spectrum=52.5% action_range=[0.004,0.995] solver_status=optimal:0.0%,infeasible:95.0%,unknown:5.0%,error:0.0%,other:0.0% norm_count=10320
2026-09-29 12:15:38 | [QUEUE] | iter=129 | 队列 | sample_queue=1/4 | weight_queues_pending=4/4
2026-09-29 12:15:40 | [UPDATE] | [learner] iter=130 transitions=40 completion=0.00% reward=-1.600 | cost=2.199s | lr_actor=2.961e-04 lr_critic=2.961e-04 | wv=123 stale=7 ck=ok| obj=inf completion=0.00% finite_obj=0.0% no_solution=100.0% collision=0.0% spectrum=52.5% action_range=[0.002,0.997] solver_status=optimal:0.0%,infeasible:95.0%,unknown:5.0%,error:0.0%,other:0.0% norm_count=10400
2026-09-29 12:15:40 | [QUEUE] | iter=130 | 队列 | sample_queue=0/4 | weight_queues_pending=4/4
2026-09-29 12:15:43 | [UPDATE] | [learner] iter=131 transitions=40 completion=0.00% reward=-1.375 | cost=2.061s | lr_actor=2.961e-04 lr_critic=2.961e-04 | wv=126 stale=5 ck=ok| obj=inf completion=0.00% finite_obj=0.0% no_solution=100.0% collision=0.0% spectrum=32.5% action_range=[0.004,0.995] solver_status=optimal:0.0%,infeasible:87.5%,unknown:12.5%,error:0.0%,other:0.0% norm_count=10480
2026-09-29 12:15:43 | [QUEUE] | iter=131 | 队列 | sample_queue=0/4 | weight_queues_pending=4/4
2026-09-29 12:15:56 | [UPDATE] | [learner] iter=132 transitions=40 completion=0.00% reward=-1.675 | cost=2.226s | lr_actor=2.961e-04 lr_critic=2.961e-04 | wv=127 stale=5 ck=ok| obj=inf completion=0.00% finite_obj=0.0% no_solution=100.0% collision=0.0% spectrum=55.0% action_range=[0.003,0.997] solver_status=optimal:0.0%,infeasible:95.0%,unknown:5.0%,error:0.0%,other:0.0% norm_count=10560
2026-09-29 12:15:56 | [QUEUE] | iter=132 | 队列 | sample_queue=0/4 | weight_queues_pending=4/4
2026-09-29 12:16:00 | [UPDATE] | [learner] iter=133 transitions=40 completion=0.00% reward=-1.675 | cost=2.222s | lr_actor=2.960e-04 lr_critic=2.960e-04 | wv=128 stale=5 ck=ok| obj=inf completion=0.00% finite_obj=0.0% no_solution=100.0% collision=0.0% spectrum=60.0% action_range=[0.008,0.997] solver_status=optimal:0.0%,infeasible:97.5%,unknown:2.5%,error:0.0%,other:0.0% norm_count=10640
2026-09-29 12:16:00 | [QUEUE] | iter=133 | 队列 | sample_queue=0/4 | weight_queues_pending=4/4
2026-09-29 12:16:06 | [UPDATE] | [learner] iter=134 transitions=40 completion=0.00% reward=-1.450 | cost=2.114s | lr_actor=2.960e-04 lr_critic=2.960e-04 | wv=130 stale=4 ck=ok| obj=inf completion=0.00% finite_obj=0.0% no_solution=100.0% collision=0.0% spectrum=42.5% action_range=[0.006,0.996] solver_status=optimal:0.0%,infeasible:95.0%,unknown:5.0%,error:0.0%,other:0.0% norm_count=10720
2026-09-29 12:16:06 | [QUEUE] | iter=134 | 队列 | sample_queue=1/4 | weight_queues_pending=4/4
2026-09-29 12:16:08 | [UPDATE] | [learner] iter=135 transitions=40 completion=0.00% reward=-1.625 | cost=2.239s | lr_actor=2.960e-04 lr_critic=2.960e-04 | wv=128 stale=7 ck=ok| obj=inf completion=0.00% finite_obj=0.0% no_solution=100.0% collision=0.0% spectrum=57.5% action_range=[0.004,0.996] solver_status=optimal:0.0%,infeasible:82.5%,unknown:17.5%,error:0.0%,other:0.0% norm_count=10800
2026-09-29 12:16:08 | [QUEUE] | iter=135 | 队列 | sample_queue=0/4 | weight_queues_pending=4/4
2026-09-29 12:16:21 | [UPDATE] | [learner] iter=136 transitions=40 completion=0.00% reward=-1.475 | cost=2.214s | lr_actor=2.960e-04 lr_critic=2.960e-04 | wv=131 stale=5 ck=ok| obj=inf completion=0.00% finite_obj=0.0% no_solution=100.0% collision=0.0% spectrum=42.5% action_range=[0.007,0.999] solver_status=optimal:0.0%,infeasible:95.0%,unknown:5.0%,error:0.0%,other:0.0% norm_count=10880
2026-09-29 12:16:21 | [QUEUE] | iter=136 | 队列 | sample_queue=1/4 | weight_queues_pending=4/4
2026-09-29 12:16:23 | [UPDATE] | [learner] iter=137 transitions=40 completion=0.00% reward=-1.600 | cost=2.278s | lr_actor=2.959e-04 lr_critic=2.959e-04 | wv=132 stale=5 ck=ok| obj=inf completion=0.00% finite_obj=0.0% no_solution=100.0% collision=0.0% spectrum=52.5% action_range=[0.009,0.998] solver_status=optimal:0.0%,infeasible:95.0%,unknown:5.0%,error:0.0%,other:0.0% norm_count=10960
2026-09-29 12:16:23 | [QUEUE] | iter=137 | 队列 | sample_queue=0/4 | weight_queues_pending=4/4
2026-09-29 12:16:30 | [UPDATE] | [learner] iter=138 transitions=40 completion=2.50% reward=-1.353 | cost=2.406s | lr_actor=2.959e-04 lr_critic=2.959e-04 | wv=133 stale=5 ck=ok| obj=inf completion=2.50% finite_obj=2.5% no_solution=97.5% collision=0.0% spectrum=37.5% action_range=[0.002,0.996] solver_status=optimal:2.5%,infeasible:90.0%,unknown:7.5%,error:0.0%,other:0.0% norm_count=11040
2026-09-29 12:16:30 | [QUEUE] | iter=138 | 队列 | sample_queue=0/4 | weight_queues_pending=4/4
2026-09-29 12:16:38 | [UPDATE] | [learner] iter=139 transitions=40 completion=0.00% reward=-1.700 | cost=2.210s | lr_actor=2.959e-04 lr_critic=2.959e-04 | wv=133 stale=6 ck=ok| obj=inf completion=0.00% finite_obj=0.0% no_solution=100.0% collision=0.0% spectrum=65.0% action_range=[0.009,0.998] solver_status=optimal:0.0%,infeasible:97.5%,unknown:2.5%,error:0.0%,other:0.0% norm_count=11120
2026-09-29 12:16:38 | [QUEUE] | iter=139 | 队列 | sample_queue=0/4 | weight_queues_pending=4/4
2026-09-29 12:16:44 | [UPDATE] | [learner] iter=140 transitions=40 completion=0.00% reward=-1.475 | cost=2.177s | lr_actor=2.958e-04 lr_critic=2.958e-04 | wv=135 stale=5 ck=ok| obj=inf completion=0.00% finite_obj=0.0% no_solution=100.0% collision=0.0% spectrum=47.5% action_range=[0.008,0.997] solver_status=optimal:0.0%,infeasible:92.5%,unknown:7.5%,error:0.0%,other:0.0% norm_count=11200
2026-09-29 12:16:44 | [QUEUE] | iter=140 | 队列 | sample_queue=1/4 | weight_queues_pending=4/4
2026-09-29 12:16:46 | [UPDATE] | [learner] iter=141 transitions=40 completion=0.00% reward=-1.500 | cost=2.262s | lr_actor=2.958e-04 lr_critic=2.958e-04 | wv=135 stale=6 ck=ok| obj=inf completion=0.00% finite_obj=0.0% no_solution=100.0% collision=0.0% spectrum=42.5% action_range=[0.001,0.999] solver_status=optimal:0.0%,infeasible:92.5%,unknown:7.5%,error:0.0%,other:0.0% norm_count=11280
2026-09-29 12:16:46 | [QUEUE] | iter=141 | 队列 | sample_queue=0/4 | weight_queues_pending=4/4
2026-09-29 12:16:52 | [UPDATE] | [learner] iter=142 transitions=40 completion=0.00% reward=-1.575 | cost=2.032s | lr_actor=2.958e-04 lr_critic=2.958e-04 | wv=137 stale=5 ck=ok| obj=inf completion=0.00% finite_obj=0.0% no_solution=100.0% collision=0.0% spectrum=57.5% action_range=[0.005,0.996] solver_status=optimal:0.0%,infeasible:87.5%,unknown:12.5%,error:0.0%,other:0.0% norm_count=11360
2026-09-29 12:16:52 | [QUEUE] | iter=142 | 队列 | sample_queue=0/4 | weight_queues_pending=4/4
2026-09-29 12:17:05 | [UPDATE] | [learner] iter=143 transitions=40 completion=0.00% reward=-1.600 | cost=2.581s | lr_actor=2.957e-04 lr_critic=2.957e-04 | wv=138 stale=5 ck=ok| obj=inf completion=0.00% finite_obj=0.0% no_solution=100.0% collision=0.0% spectrum=55.0% action_range=[0.005,0.996] solver_status=optimal:0.0%,infeasible:97.5%,unknown:2.5%,error:0.0%,other:0.0% norm_count=11440
2026-09-29 12:17:05 | [QUEUE] | iter=143 | 队列 | sample_queue=1/4 | weight_queues_pending=4/4
2026-09-29 12:17:07 | [UPDATE] | [learner] iter=144 transitions=40 completion=0.00% reward=-1.475 | cost=2.337s | lr_actor=2.957e-04 lr_critic=2.957e-04 | wv=139 stale=5 ck=ok| obj=inf completion=0.00% finite_obj=0.0% no_solution=100.0% collision=0.0% spectrum=40.0% action_range=[0.006,0.990] solver_status=optimal:0.0%,infeasible:90.0%,unknown:10.0%,error:0.0%,other:0.0% norm_count=11520
2026-09-29 12:17:07 | [QUEUE] | iter=144 | 队列 | sample_queue=1/4 | weight_queues_pending=4/4
2026-09-29 12:17:10 | [UPDATE] | [learner] iter=145 transitions=40 completion=0.00% reward=-1.425 | cost=2.328s | lr_actor=2.957e-04 lr_critic=2.957e-04 | wv=139 stale=6 ck=ok| obj=inf completion=0.00% finite_obj=0.0% no_solution=100.0% collision=0.0% spectrum=40.0% action_range=[0.003,0.996] solver_status=optimal:0.0%,infeasible:90.0%,unknown:10.0%,error:0.0%,other:0.0% norm_count=11600
2026-09-29 12:17:10 | [QUEUE] | iter=145 | 队列 | sample_queue=0/4 | weight_queues_pending=4/4
2026-09-29 12:17:15 | [UPDATE] | [learner] iter=146 transitions=40 completion=0.00% reward=-1.625 | cost=2.066s | lr_actor=2.957e-04 lr_critic=2.957e-04 | wv=141 stale=5 ck=ok| obj=inf completion=0.00% finite_obj=0.0% no_solution=100.0% collision=0.0% spectrum=52.5% action_range=[0.005,0.999] solver_status=optimal:0.0%,infeasible:92.5%,unknown:7.5%,error:0.0%,other:0.0% norm_count=11680
2026-09-29 12:17:15 | [QUEUE] | iter=146 | 队列 | sample_queue=0/4 | weight_queues_pending=4/4
2026-09-29 12:17:29 | [UPDATE] | [learner] iter=147 transitions=40 completion=0.00% reward=-1.600 | cost=2.488s | lr_actor=2.956e-04 lr_critic=2.956e-04 | wv=142 stale=5 ck=ok| obj=inf completion=0.00% finite_obj=0.0% no_solution=100.0% collision=0.0% spectrum=55.0% action_range=[0.001,0.993] solver_status=optimal:0.0%,infeasible:85.0%,unknown:15.0%,error:0.0%,other:0.0% norm_count=11760
2026-09-29 12:17:29 | [QUEUE] | iter=147 | 队列 | sample_queue=2/4 | weight_queues_pending=4/4
2026-09-29 12:17:32 | [UPDATE] | [learner] iter=148 transitions=40 completion=0.00% reward=-1.600 | cost=2.359s | lr_actor=2.956e-04 lr_critic=2.956e-04 | wv=143 stale=5 ck=ok| obj=inf completion=0.00% finite_obj=0.0% no_solution=100.0% collision=0.0% spectrum=52.5% action_range=[0.002,0.992] solver_status=optimal:0.0%,infeasible:90.0%,unknown:10.0%,error:0.0%,other:0.0% norm_count=11840
2026-09-29 12:17:32 | [QUEUE] | iter=148 | 队列 | sample_queue=1/4 | weight_queues_pending=4/4
2026-09-29 12:17:34 | [UPDATE] | [learner] iter=149 transitions=40 completion=0.00% reward=-1.675 | cost=2.308s | lr_actor=2.956e-04 lr_critic=2.956e-04 | wv=142 stale=7 ck=ok| obj=inf completion=0.00% finite_obj=0.0% no_solution=100.0% collision=0.0% spectrum=62.5% action_range=[0.003,0.995] solver_status=optimal:0.0%,infeasible:92.5%,unknown:7.5%,error:0.0%,other:0.0% norm_count=11920
2026-09-29 12:17:34 | [QUEUE] | iter=149 | 队列 | sample_queue=0/4 | weight_queues_pending=4/4
2026-09-29 12:17:36 | [UPDATE] | [learner] iter=150 transitions=40 completion=0.00% reward=-1.625 | cost=2.216s | lr_actor=2.955e-04 lr_critic=2.955e-04 | wv=145 stale=5 ck=ok| obj=inf completion=0.00% finite_obj=0.0% no_solution=100.0% collision=0.0% spectrum=57.5% action_range=[0.001,0.995] solver_status=optimal:0.0%,infeasible:92.5%,unknown:7.5%,error:0.0%,other:0.0% norm_count=12000
2026-09-29 12:17:36 | [QUEUE] | iter=150 | 队列 | sample_queue=0/4 | weight_queues_pending=4/4
2026-09-29 12:17:51 | [UPDATE] | [learner] iter=151 transitions=40 completion=0.00% reward=-1.575 | cost=2.069s | lr_actor=2.955e-04 lr_critic=2.955e-04 | wv=146 stale=5 ck=ok| obj=inf completion=0.00% finite_obj=0.0% no_solution=100.0% collision=0.0% spectrum=45.0% action_range=[0.004,0.995] solver_status=optimal:0.0%,infeasible:85.0%,unknown:15.0%,error:0.0%,other:0.0% norm_count=12080
2026-09-29 12:17:51 | [QUEUE] | iter=151 | 队列 | sample_queue=1/4 | weight_queues_pending=4/4
2026-09-29 12:17:53 | [UPDATE] | [learner] iter=152 transitions=40 completion=0.00% reward=-1.500 | cost=2.325s | lr_actor=2.955e-04 lr_critic=2.955e-04 | wv=146 stale=6 ck=ok| obj=inf completion=0.00% finite_obj=0.0% no_solution=100.0% collision=0.0% spectrum=42.5% action_range=[0.002,0.995] solver_status=optimal:0.0%,infeasible:95.0%,unknown:5.0%,error:0.0%,other:0.0% norm_count=12160
2026-09-29 12:17:53 | [QUEUE] | iter=152 | 队列 | sample_queue=0/4 | weight_queues_pending=4/4
2026-09-29 12:17:59 | [UPDATE] | [learner] iter=153 transitions=40 completion=2.50% reward=-1.428 | cost=2.188s | lr_actor=2.954e-04 lr_critic=2.954e-04 | wv=146 stale=7 ck=ok| obj=inf completion=2.50% finite_obj=2.5% no_solution=97.5% collision=0.0% spectrum=42.5% action_range=[0.003,0.996] solver_status=optimal:2.5%,infeasible:95.0%,unknown:2.5%,error:0.0%,other:0.0% norm_count=12240
2026-09-29 12:17:59 | [QUEUE] | iter=153 | 队列 | sample_queue=1/4 | weight_queues_pending=4/4
2026-09-29 12:18:01 | [UPDATE] | [learner] iter=154 transitions=40 completion=0.00% reward=-1.675 | cost=2.263s | lr_actor=2.954e-04 lr_critic=2.954e-04 | wv=149 stale=5 ck=ok| obj=inf completion=0.00% finite_obj=0.0% no_solution=100.0% collision=0.0% spectrum=62.5% action_range=[0.003,0.997] solver_status=optimal:0.0%,infeasible:97.5%,unknown:2.5%,error:0.0%,other:0.0% norm_count=12320
2026-09-29 12:18:01 | [QUEUE] | iter=154 | 队列 | sample_queue=0/4 | weight_queues_pending=4/4
2026-09-29 12:18:16 | [UPDATE] | [learner] iter=155 transitions=40 completion=0.00% reward=-1.550 | cost=2.183s | lr_actor=2.954e-04 lr_critic=2.954e-04 | wv=150 stale=5 ck=ok| obj=inf completion=0.00% finite_obj=0.0% no_solution=100.0% collision=0.0% spectrum=52.5% action_range=[0.003,0.996] solver_status=optimal:0.0%,infeasible:100.0%,unknown:0.0%,error:0.0%,other:0.0% norm_count=12400
2026-09-29 12:18:16 | [QUEUE] | iter=155 | 队列 | sample_queue=1/4 | weight_queues_pending=4/4
2026-09-29 12:18:18 | [UPDATE] | [learner] iter=156 transitions=40 completion=0.00% reward=-1.525 | cost=2.214s | lr_actor=2.953e-04 lr_critic=2.953e-04 | wv=150 stale=6 ck=ok| obj=inf completion=0.00% finite_obj=0.0% no_solution=100.0% collision=0.0% spectrum=47.5% action_range=[0.000,0.997] solver_status=optimal:0.0%,infeasible:90.0%,unknown:10.0%,error:0.0%,other:0.0% norm_count=12480
2026-09-29 12:18:18 | [QUEUE] | iter=156 | 队列 | sample_queue=0/4 | weight_queues_pending=4/4
2026-09-29 12:18:23 | [UPDATE] | [learner] iter=157 transitions=40 completion=0.00% reward=-1.650 | cost=2.444s | lr_actor=2.953e-04 lr_critic=2.953e-04 | wv=152 stale=5 ck=ok| obj=inf completion=0.00% finite_obj=0.0% no_solution=100.0% collision=0.0% spectrum=55.0% action_range=[0.002,0.996] solver_status=optimal:0.0%,infeasible:87.5%,unknown:12.5%,error:0.0%,other:0.0% norm_count=12560
2026-09-29 12:18:23 | [QUEUE] | iter=157 | 队列 | sample_queue=0/4 | weight_queues_pending=4/4
2026-09-29 12:18:26 | [UPDATE] | [learner] iter=158 transitions=40 completion=0.00% reward=-1.475 | cost=2.123s | lr_actor=2.953e-04 lr_critic=2.953e-04 | wv=152 stale=6 ck=ok| obj=inf completion=0.00% finite_obj=0.0% no_solution=100.0% collision=0.0% spectrum=42.5% action_range=[0.001,0.994] solver_status=optimal:0.0%,infeasible:95.0%,unknown:5.0%,error:0.0%,other:0.0% norm_count=12640
2026-09-29 12:18:26 | [QUEUE] | iter=158 | 队列 | sample_queue=0/4 | weight_queues_pending=4/4
2026-09-29 12:18:42 | [UPDATE] | [learner] iter=159 transitions=40 completion=2.50% reward=-1.527 | cost=2.417s | lr_actor=2.953e-04 lr_critic=2.953e-04 | wv=154 stale=5 ck=ok| obj=inf completion=2.50% finite_obj=2.5% no_solution=97.5% collision=0.0% spectrum=47.5% action_range=[0.008,0.997] solver_status=optimal:2.5%,infeasible:92.5%,unknown:5.0%,error:0.0%,other:0.0% norm_count=12720
2026-09-29 12:18:42 | [QUEUE] | iter=159 | 队列 | sample_queue=1/4 | weight_queues_pending=4/4
2026-09-29 12:18:44 | [UPDATE] | [learner] iter=160 transitions=40 completion=0.00% reward=-1.600 | cost=2.400s | lr_actor=2.952e-04 lr_critic=2.952e-04 | wv=154 stale=6 ck=ok| obj=inf completion=0.00% finite_obj=0.0% no_solution=100.0% collision=0.0% spectrum=55.0% action_range=[0.003,0.998] solver_status=optimal:0.0%,infeasible:97.5%,unknown:2.5%,error:0.0%,other:0.0% norm_count=12800
2026-09-29 12:18:44 | [QUEUE] | iter=160 | 队列 | sample_queue=1/4 | weight_queues_pending=4/4
2026-09-29 12:18:47 | [UPDATE] | [learner] iter=161 transitions=40 completion=0.00% reward=-1.675 | cost=2.159s | lr_actor=2.952e-04 lr_critic=2.952e-04 | wv=156 stale=5 ck=ok| obj=inf completion=0.00% finite_obj=0.0% no_solution=100.0% collision=0.0% spectrum=60.0% action_range=[0.006,0.997] solver_status=optimal:0.0%,infeasible:95.0%,unknown:5.0%,error:0.0%,other:0.0% norm_count=12880
2026-09-29 12:18:47 | [QUEUE] | iter=161 | 队列 | sample_queue=0/4 | weight_queues_pending=4/4
2026-09-29 12:18:52 | [UPDATE] | [learner] iter=162 transitions=40 completion=0.00% reward=-1.425 | cost=2.074s | lr_actor=2.952e-04 lr_critic=2.952e-04 | wv=157 stale=5 ck=ok| obj=inf completion=0.00% finite_obj=0.0% no_solution=100.0% collision=0.0% spectrum=42.5% action_range=[0.002,0.996] solver_status=optimal:0.0%,infeasible:95.0%,unknown:5.0%,error:0.0%,other:0.0% norm_count=12960
2026-09-29 12:18:52 | [QUEUE] | iter=162 | 队列 | sample_queue=0/4 | weight_queues_pending=4/4
2026-09-29 12:19:04 | [UPDATE] | [learner] iter=163 transitions=40 completion=0.00% reward=-1.375 | cost=2.315s | lr_actor=2.951e-04 lr_critic=2.951e-04 | wv=158 stale=5 ck=ok| obj=inf completion=0.00% finite_obj=0.0% no_solution=100.0% collision=0.0% spectrum=30.0% action_range=[0.001,0.999] solver_status=optimal:0.0%,infeasible:95.0%,unknown:5.0%,error:0.0%,other:0.0% norm_count=13040
2026-09-29 12:19:04 | [QUEUE] | iter=163 | 队列 | sample_queue=0/4 | weight_queues_pending=4/4
2026-09-29 12:19:07 | [UPDATE] | [learner] iter=164 transitions=40 completion=0.00% reward=-1.625 | cost=2.322s | lr_actor=2.951e-04 lr_critic=2.951e-04 | wv=158 stale=6 ck=ok| obj=inf completion=0.00% finite_obj=0.0% no_solution=100.0% collision=0.0% spectrum=50.0% action_range=[0.002,0.999] solver_status=optimal:0.0%,infeasible:87.5%,unknown:12.5%,error:0.0%,other:0.0% norm_count=13120
2026-09-29 12:19:07 | [QUEUE] | iter=164 | 队列 | sample_queue=0/4 | weight_queues_pending=4/4
2026-09-29 12:19:10 | [UPDATE] | [learner] iter=165 transitions=40 completion=0.00% reward=-1.400 | cost=2.277s | lr_actor=2.951e-04 lr_critic=2.951e-04 | wv=159 stale=6 ck=ok| obj=inf completion=0.00% finite_obj=0.0% no_solution=100.0% collision=0.0% spectrum=37.5% action_range=[0.002,0.995] solver_status=optimal:0.0%,infeasible:85.0%,unknown:15.0%,error:0.0%,other:0.0% norm_count=13200
2026-09-29 12:19:10 | [QUEUE] | iter=165 | 队列 | sample_queue=0/4 | weight_queues_pending=4/4
2026-09-29 12:19:19 | [UPDATE] | [learner] iter=166 transitions=40 completion=0.00% reward=-1.400 | cost=2.113s | lr_actor=2.950e-04 lr_critic=2.950e-04 | wv=161 stale=5 ck=ok| obj=inf completion=0.00% finite_obj=0.0% no_solution=100.0% collision=0.0% spectrum=37.5% action_range=[0.002,0.996] solver_status=optimal:0.0%,infeasible:92.5%,unknown:7.5%,error:0.0%,other:0.0% norm_count=13280
2026-09-29 12:19:19 | [QUEUE] | iter=166 | 队列 | sample_queue=0/4 | weight_queues_pending=4/4
2026-09-29 12:19:29 | [UPDATE] | [learner] iter=167 transitions=40 completion=0.00% reward=-1.650 | cost=2.325s | lr_actor=2.950e-04 lr_critic=2.950e-04 | wv=162 stale=5 ck=ok| obj=inf completion=0.00% finite_obj=0.0% no_solution=100.0% collision=0.0% spectrum=52.5% action_range=[0.006,0.996] solver_status=optimal:0.0%,infeasible:95.0%,unknown:5.0%,error:0.0%,other:0.0% norm_count=13360
2026-09-29 12:19:29 | [QUEUE] | iter=167 | 队列 | sample_queue=1/4 | weight_queues_pending=4/4
2026-09-29 12:19:31 | [UPDATE] | [learner] iter=168 transitions=40 completion=2.50% reward=-1.527 | cost=2.165s | lr_actor=2.950e-04 lr_critic=2.950e-04 | wv=163 stale=5 ck=ok| obj=inf completion=2.50% finite_obj=2.5% no_solution=97.5% collision=0.0% spectrum=52.5% action_range=[0.002,0.996] solver_status=optimal:2.5%,infeasible:90.0%,unknown:7.5%,error:0.0%,other:0.0% norm_count=13440
2026-09-29 12:19:31 | [QUEUE] | iter=168 | 队列 | sample_queue=0/4 | weight_queues_pending=4/4
2026-09-29 12:19:35 | [UPDATE] | [learner] iter=169 transitions=40 completion=0.00% reward=-1.625 | cost=2.155s | lr_actor=2.950e-04 lr_critic=2.950e-04 | wv=164 stale=5 ck=ok| obj=inf completion=0.00% finite_obj=0.0% no_solution=100.0% collision=0.0% spectrum=57.5% action_range=[0.001,0.994] solver_status=optimal:0.0%,infeasible:82.5%,unknown:17.5%,error:0.0%,other:0.0% norm_count=13520
2026-09-29 12:19:35 | [QUEUE] | iter=169 | 队列 | sample_queue=0/4 | weight_queues_pending=4/4
2026-09-29 12:19:45 | [UPDATE] | [learner] iter=170 transitions=40 completion=2.50% reward=-1.478 | cost=2.093s | lr_actor=2.949e-04 lr_critic=2.949e-04 | wv=165 stale=5 ck=ok| obj=inf completion=2.50% finite_obj=5.0% no_solution=95.0% collision=0.0% spectrum=52.5% action_range=[0.004,0.994] solver_status=optimal:5.0%,infeasible:87.5%,unknown:7.5%,error:0.0%,other:0.0% norm_count=13600
2026-09-29 12:19:45 | [QUEUE] | iter=170 | 队列 | sample_queue=0/4 | weight_queues_pending=4/4
2026-09-29 12:19:52 | [UPDATE] | [learner] iter=171 transitions=40 completion=2.50% reward=-1.502 | cost=2.427s | lr_actor=2.949e-04 lr_critic=2.949e-04 | wv=166 stale=5 ck=ok| obj=inf completion=2.50% finite_obj=2.5% no_solution=97.5% collision=0.0% spectrum=50.0% action_range=[0.006,0.997] solver_status=optimal:2.5%,infeasible:92.5%,unknown:5.0%,error:0.0%,other:0.0% norm_count=13680
2026-09-29 12:19:52 | [QUEUE] | iter=171 | 队列 | sample_queue=0/4 | weight_queues_pending=4/4
2026-09-29 12:19:55 | [UPDATE] | [learner] iter=172 transitions=40 completion=0.00% reward=-1.650 | cost=2.204s | lr_actor=2.949e-04 lr_critic=2.949e-04 | wv=166 stale=6 ck=ok| obj=inf completion=0.00% finite_obj=0.0% no_solution=100.0% collision=0.0% spectrum=55.0% action_range=[0.002,0.997] solver_status=optimal:0.0%,infeasible:95.0%,unknown:5.0%,error:0.0%,other:0.0% norm_count=13760
2026-09-29 12:19:55 | [QUEUE] | iter=172 | 队列 | sample_queue=0/4 | weight_queues_pending=4/4
2026-09-29 12:20:02 | [UPDATE] | [learner] iter=173 transitions=40 completion=0.00% reward=-1.650 | cost=2.061s | lr_actor=2.948e-04 lr_critic=2.948e-04 | wv=168 stale=5 ck=ok| obj=inf completion=0.00% finite_obj=0.0% no_solution=100.0% collision=0.0% spectrum=50.0% action_range=[0.001,0.996] solver_status=optimal:0.0%,infeasible:92.5%,unknown:7.5%,error:0.0%,other:0.0% norm_count=13840
2026-09-29 12:20:02 | [QUEUE] | iter=173 | 队列 | sample_queue=0/4 | weight_queues_pending=4/4
2026-09-29 12:20:13 | [UPDATE] | [learner] iter=174 transitions=40 completion=0.00% reward=-1.650 | cost=2.193s | lr_actor=2.948e-04 lr_critic=2.948e-04 | wv=169 stale=5 ck=ok| obj=inf completion=0.00% finite_obj=0.0% no_solution=100.0% collision=0.0% spectrum=52.5% action_range=[0.003,0.996] solver_status=optimal:0.0%,infeasible:92.5%,unknown:7.5%,error:0.0%,other:0.0% norm_count=13920
2026-09-29 12:20:13 | [QUEUE] | iter=174 | 队列 | sample_queue=0/4 | weight_queues_pending=4/4
2026-09-29 12:20:17 | [UPDATE] | [learner] iter=175 transitions=40 completion=0.00% reward=-1.475 | cost=2.477s | lr_actor=2.948e-04 lr_critic=2.948e-04 | wv=170 stale=5 ck=ok| obj=inf completion=0.00% finite_obj=0.0% no_solution=100.0% collision=0.0% spectrum=47.5% action_range=[0.009,0.998] solver_status=optimal:0.0%,infeasible:95.0%,unknown:5.0%,error:0.0%,other:0.0% norm_count=14000
2026-09-29 12:20:17 | [QUEUE] | iter=175 | 队列 | sample_queue=0/4 | weight_queues_pending=4/4
2026-09-29 12:20:22 | [UPDATE] | [learner] iter=176 transitions=40 completion=0.00% reward=-1.550 | cost=2.508s | lr_actor=2.947e-04 lr_critic=2.947e-04 | wv=171 stale=5 ck=ok| obj=inf completion=0.00% finite_obj=0.0% no_solution=100.0% collision=0.0% spectrum=47.5% action_range=[0.004,0.996] solver_status=optimal:0.0%,infeasible:95.0%,unknown:5.0%,error:0.0%,other:0.0% norm_count=14080
2026-09-29 12:20:22 | [QUEUE] | iter=176 | 队列 | sample_queue=0/4 | weight_queues_pending=4/4
2026-09-29 12:20:25 | [UPDATE] | [learner] iter=177 transitions=40 completion=0.00% reward=-1.675 | cost=2.272s | lr_actor=2.947e-04 lr_critic=2.947e-04 | wv=172 stale=5 ck=ok| obj=inf completion=0.00% finite_obj=0.0% no_solution=100.0% collision=0.0% spectrum=57.5% action_range=[0.002,0.998] solver_status=optimal:0.0%,infeasible:90.0%,unknown:10.0%,error:0.0%,other:0.0% norm_count=14160
2026-09-29 12:20:25 | [QUEUE] | iter=177 | 队列 | sample_queue=0/4 | weight_queues_pending=4/4
2026-09-29 12:20:42 | [UPDATE] | [learner] iter=178 transitions=40 completion=0.00% reward=-1.450 | cost=2.391s | lr_actor=2.947e-04 lr_critic=2.947e-04 | wv=173 stale=5 ck=ok| obj=inf completion=0.00% finite_obj=0.0% no_solution=100.0% collision=0.0% spectrum=40.0% action_range=[0.006,0.998] solver_status=optimal:0.0%,infeasible:97.5%,unknown:2.5%,error:0.0%,other:0.0% norm_count=14240
2026-09-29 12:20:42 | [QUEUE] | iter=178 | 队列 | sample_queue=1/4 | weight_queues_pending=4/4
2026-09-29 12:20:45 | [UPDATE] | [learner] iter=179 transitions=40 completion=0.00% reward=-1.500 | cost=2.177s | lr_actor=2.947e-04 lr_critic=2.947e-04 | wv=174 stale=5 ck=ok| obj=inf completion=0.00% finite_obj=0.0% no_solution=100.0% collision=0.0% spectrum=42.5% action_range=[0.003,0.998] solver_status=optimal:0.0%,infeasible:100.0%,unknown:0.0%,error:0.0%,other:0.0% norm_count=14320
2026-09-29 12:20:45 | [QUEUE] | iter=179 | 队列 | sample_queue=1/4 | weight_queues_pending=4/4
2026-09-29 12:20:47 | [UPDATE] | [learner] iter=180 transitions=40 completion=0.00% reward=-1.504 | cost=2.396s | lr_actor=2.946e-04 lr_critic=2.946e-04 | wv=175 stale=5 ck=ok| obj=inf completion=0.00% finite_obj=2.5% no_solution=97.5% collision=0.0% spectrum=45.0% action_range=[0.002,0.991] solver_status=optimal:2.5%,infeasible:97.5%,unknown:0.0%,error:0.0%,other:0.0% norm_count=14400
2026-09-29 12:20:47 | [QUEUE] | iter=180 | 队列 | sample_queue=1/4 | weight_queues_pending=4/4
2026-09-29 12:20:49 | [UPDATE] | [learner] iter=181 transitions=40 completion=0.00% reward=-1.750 | cost=2.197s | lr_actor=2.946e-04 lr_critic=2.946e-04 | wv=176 stale=5 ck=ok| obj=inf completion=0.00% finite_obj=0.0% no_solution=100.0% collision=0.0% spectrum=62.5% action_range=[0.001,0.996] solver_status=optimal:0.0%,infeasible:95.0%,unknown:5.0%,error:0.0%,other:0.0% norm_count=14480
2026-09-29 12:20:49 | [QUEUE] | iter=181 | 队列 | sample_queue=0/4 | weight_queues_pending=4/4
2026-09-29 12:21:08 | [UPDATE] | [learner] iter=182 transitions=40 completion=2.50% reward=-1.476 | cost=2.161s | lr_actor=2.946e-04 lr_critic=2.946e-04 | wv=177 stale=5 ck=ok| obj=inf completion=2.50% finite_obj=2.5% no_solution=97.5% collision=0.0% spectrum=47.5% action_range=[0.003,0.997] solver_status=optimal:2.5%,infeasible:90.0%,unknown:7.5%,error:0.0%,other:0.0% norm_count=14560
2026-09-29 12:21:08 | [QUEUE] | iter=182 | 队列 | sample_queue=1/4 | weight_queues_pending=4/4
2026-09-29 12:21:10 | [UPDATE] | [learner] iter=183 transitions=40 completion=0.00% reward=-1.450 | cost=2.074s | lr_actor=2.945e-04 lr_critic=2.945e-04 | wv=178 stale=5 ck=ok| obj=inf completion=0.00% finite_obj=0.0% no_solution=100.0% collision=0.0% spectrum=42.5% action_range=[0.002,0.997] solver_status=optimal:0.0%,infeasible:95.0%,unknown:5.0%,error:0.0%,other:0.0% norm_count=14640
2026-09-29 12:21:10 | [QUEUE] | iter=183 | 队列 | sample_queue=0/4 | weight_queues_pending=4/4
2026-09-29 12:21:12 | [UPDATE] | [learner] iter=184 transitions=40 completion=0.00% reward=-1.600 | cost=2.061s | lr_actor=2.945e-04 lr_critic=2.945e-04 | wv=177 stale=7 ck=ok| obj=inf completion=0.00% finite_obj=0.0% no_solution=100.0% collision=0.0% spectrum=47.5% action_range=[0.001,1.000] solver_status=optimal:0.0%,infeasible:97.5%,unknown:2.5%,error:0.0%,other:0.0% norm_count=14720
2026-09-29 12:21:12 | [QUEUE] | iter=184 | 队列 | sample_queue=1/4 | weight_queues_pending=4/4
2026-09-29 12:21:15 | [UPDATE] | [learner] iter=185 transitions=40 completion=0.00% reward=-1.425 | cost=2.106s | lr_actor=2.945e-04 lr_critic=2.945e-04 | wv=179 stale=6 ck=ok| obj=inf completion=0.00% finite_obj=0.0% no_solution=100.0% collision=0.0% spectrum=35.0% action_range=[0.002,0.994] solver_status=optimal:0.0%,infeasible:90.0%,unknown:10.0%,error:0.0%,other:0.0% norm_count=14800
2026-09-29 12:21:15 | [QUEUE] | iter=185 | 队列 | sample_queue=0/4 | weight_queues_pending=4/4
2026-09-29 12:21:30 | [UPDATE] | [learner] iter=186 transitions=40 completion=0.00% reward=-1.400 | cost=2.070s | lr_actor=2.944e-04 lr_critic=2.944e-04 | wv=181 stale=5 ck=ok| obj=inf completion=0.00% finite_obj=0.0% no_solution=100.0% collision=0.0% spectrum=35.0% action_range=[0.002,0.991] solver_status=optimal:0.0%,infeasible:92.5%,unknown:7.5%,error:0.0%,other:0.0% norm_count=14880
2026-09-29 12:21:30 | [QUEUE] | iter=186 | 队列 | sample_queue=0/4 | weight_queues_pending=4/4
2026-09-29 12:21:32 | [UPDATE] | [learner] iter=187 transitions=40 completion=0.00% reward=-1.625 | cost=2.129s | lr_actor=2.944e-04 lr_critic=2.944e-04 | wv=181 stale=6 ck=ok| obj=inf completion=0.00% finite_obj=0.0% no_solution=100.0% collision=0.0% spectrum=55.0% action_range=[0.003,0.994] solver_status=optimal:0.0%,infeasible:95.0%,unknown:5.0%,error:0.0%,other:0.0% norm_count=14960
2026-09-29 12:21:32 | [QUEUE] | iter=187 | 队列 | sample_queue=0/4 | weight_queues_pending=4/4
2026-09-29 12:21:36 | [UPDATE] | [learner] iter=188 transitions=40 completion=0.00% reward=-1.450 | cost=2.178s | lr_actor=2.944e-04 lr_critic=2.944e-04 | wv=183 stale=5 ck=ok| obj=inf completion=0.00% finite_obj=0.0% no_solution=100.0% collision=0.0% spectrum=45.0% action_range=[0.001,0.992] solver_status=optimal:0.0%,infeasible:92.5%,unknown:7.5%,error:0.0%,other:0.0% norm_count=15040
2026-09-29 12:21:36 | [QUEUE] | iter=188 | 队列 | sample_queue=0/4 | weight_queues_pending=4/4
2026-09-29 12:21:39 | [UPDATE] | [learner] iter=189 transitions=40 completion=0.00% reward=-1.725 | cost=1.959s | lr_actor=2.944e-04 lr_critic=2.944e-04 | wv=183 stale=6 ck=ok| obj=inf completion=0.00% finite_obj=0.0% no_solution=100.0% collision=0.0% spectrum=62.5% action_range=[0.003,0.996] solver_status=optimal:0.0%,infeasible:90.0%,unknown:10.0%,error:0.0%,other:0.0% norm_count=15120
2026-09-29 12:21:39 | [QUEUE] | iter=189 | 队列 | sample_queue=0/4 | weight_queues_pending=4/4
2026-09-29 12:21:55 | [UPDATE] | [learner] iter=190 transitions=40 completion=0.00% reward=-1.600 | cost=2.548s | lr_actor=2.943e-04 lr_critic=2.943e-04 | wv=185 stale=5 ck=ok| obj=inf completion=0.00% finite_obj=0.0% no_solution=100.0% collision=0.0% spectrum=55.0% action_range=[0.003,0.996] solver_status=optimal:0.0%,infeasible:92.5%,unknown:7.5%,error:0.0%,other:0.0% norm_count=15200
2026-09-29 12:21:55 | [QUEUE] | iter=190 | 队列 | sample_queue=1/4 | weight_queues_pending=4/4
2026-09-29 12:21:57 | [UPDATE] | [learner] iter=191 transitions=40 completion=0.00% reward=-1.477 | cost=2.528s | lr_actor=2.943e-04 lr_critic=2.943e-04 | wv=186 stale=5 ck=ok| obj=inf completion=0.00% finite_obj=2.5% no_solution=97.5% collision=0.0% spectrum=47.5% action_range=[0.006,0.999] solver_status=optimal:2.5%,infeasible:97.5%,unknown:0.0%,error:0.0%,other:0.0% norm_count=15280
2026-09-29 12:21:57 | [QUEUE] | iter=191 | 队列 | sample_queue=0/4 | weight_queues_pending=4/4
2026-09-29 12:22:00 | [UPDATE] | [learner] iter=192 transitions=40 completion=0.00% reward=-1.625 | cost=2.065s | lr_actor=2.943e-04 lr_critic=2.943e-04 | wv=187 stale=5 ck=ok| obj=inf completion=0.00% finite_obj=0.0% no_solution=100.0% collision=0.0% spectrum=50.0% action_range=[0.003,0.996] solver_status=optimal:0.0%,infeasible:95.0%,unknown:5.0%,error:0.0%,other:0.0% norm_count=15360
2026-09-29 12:22:00 | [QUEUE] | iter=192 | 队列 | sample_queue=0/4 | weight_queues_pending=4/4
2026-09-29 12:22:10 | [UPDATE] | [learner] iter=193 transitions=40 completion=2.50% reward=-1.627 | cost=2.280s | lr_actor=2.942e-04 lr_critic=2.942e-04 | wv=188 stale=5 ck=ok| obj=inf completion=2.50% finite_obj=2.5% no_solution=97.5% collision=0.0% spectrum=52.5% action_range=[0.006,0.994] solver_status=optimal:2.5%,infeasible:95.0%,unknown:2.5%,error:0.0%,other:0.0% norm_count=15440
2026-09-29 12:22:10 | [QUEUE] | iter=193 | 队列 | sample_queue=0/4 | weight_queues_pending=4/4
2026-09-29 12:22:16 | [UPDATE] | [learner] iter=194 transitions=40 completion=0.00% reward=-1.600 | cost=2.127s | lr_actor=2.942e-04 lr_critic=2.942e-04 | wv=189 stale=5 ck=ok| obj=inf completion=0.00% finite_obj=0.0% no_solution=100.0% collision=0.0% spectrum=50.0% action_range=[0.008,0.999] solver_status=optimal:0.0%,infeasible:95.0%,unknown:5.0%,error:0.0%,other:0.0% norm_count=15520
2026-09-29 12:22:16 | [QUEUE] | iter=194 | 队列 | sample_queue=0/4 | weight_queues_pending=4/4
2026-09-29 12:22:20 | [UPDATE] | [learner] iter=195 transitions=40 completion=2.50% reward=-1.427 | cost=2.401s | lr_actor=2.942e-04 lr_critic=2.942e-04 | wv=189 stale=6 ck=ok| obj=inf completion=2.50% finite_obj=2.5% no_solution=97.5% collision=0.0% spectrum=42.5% action_range=[0.002,0.998] solver_status=optimal:2.5%,infeasible:85.0%,unknown:12.5%,error:0.0%,other:0.0% norm_count=15600
2026-09-29 12:22:20 | [QUEUE] | iter=195 | 队列 | sample_queue=0/4 | weight_queues_pending=4/4
2026-09-29 12:22:25 | [UPDATE] | [learner] iter=196 transitions=40 completion=0.00% reward=-1.550 | cost=2.286s | lr_actor=2.941e-04 lr_critic=2.941e-04 | wv=191 stale=5 ck=ok| obj=inf completion=0.00% finite_obj=0.0% no_solution=100.0% collision=0.0% spectrum=47.5% action_range=[0.009,0.996] solver_status=optimal:0.0%,infeasible:97.5%,unknown:2.5%,error:0.0%,other:0.0% norm_count=15680
2026-09-29 12:22:25 | [QUEUE] | iter=196 | 队列 | sample_queue=0/4 | weight_queues_pending=4/4
2026-09-29 12:22:37 | [UPDATE] | [learner] iter=197 transitions=40 completion=0.00% reward=-1.475 | cost=2.168s | lr_actor=2.941e-04 lr_critic=2.941e-04 | wv=193 stale=4 ck=ok| obj=inf completion=0.00% finite_obj=0.0% no_solution=100.0% collision=0.0% spectrum=40.0% action_range=[0.002,0.998] solver_status=optimal:0.0%,infeasible:92.5%,unknown:7.5%,error:0.0%,other:0.0% norm_count=15760
2026-09-29 12:22:37 | [QUEUE] | iter=197 | 队列 | sample_queue=1/4 | weight_queues_pending=4/4
2026-09-29 12:22:39 | [UPDATE] | [learner] iter=198 transitions=40 completion=0.00% reward=-1.504 | cost=2.442s | lr_actor=2.941e-04 lr_critic=2.941e-04 | wv=192 stale=6 ck=ok| obj=inf completion=0.00% finite_obj=2.5% no_solution=97.5% collision=0.0% spectrum=52.5% action_range=[0.002,0.997] solver_status=optimal:2.5%,infeasible:90.0%,unknown:7.5%,error:0.0%,other:0.0% norm_count=15840
2026-09-29 12:22:39 | [QUEUE] | iter=198 | 队列 | sample_queue=0/4 | weight_queues_pending=4/4
2026-09-29 12:22:45 | [UPDATE] | [learner] iter=199 transitions=40 completion=0.00% reward=-1.475 | cost=2.203s | lr_actor=2.941e-04 lr_critic=2.941e-04 | wv=194 stale=5 ck=ok| obj=inf completion=0.00% finite_obj=0.0% no_solution=100.0% collision=0.0% spectrum=40.0% action_range=[0.002,0.997] solver_status=optimal:0.0%,infeasible:95.0%,unknown:5.0%,error:0.0%,other:0.0% norm_count=15920
2026-09-29 12:22:45 | [QUEUE] | iter=199 | 队列 | sample_queue=0/4 | weight_queues_pending=4/4
2026-09-29 12:22:48 | [UPDATE] | [learner] iter=200 transitions=40 completion=0.00% reward=-1.525 | cost=2.177s | lr_actor=2.940e-04 lr_critic=2.940e-04 | wv=195 stale=5 ck=ok| obj=inf completion=0.00% finite_obj=0.0% no_solution=100.0% collision=0.0% spectrum=50.0% action_range=[0.002,0.996] solver_status=optimal:0.0%,infeasible:92.5%,unknown:7.5%,error:0.0%,other:0.0% norm_count=16000
2026-09-29 12:22:48 | [QUEUE] | iter=200 | 队列 | sample_queue=0/4 | weight_queues_pending=4/4
2026-09-29 12:22:55 | [UPDATE] | [learner] iter=201 transitions=40 completion=0.00% reward=-1.500 | cost=1.937s | lr_actor=2.940e-04 lr_critic=2.940e-04 | wv=196 stale=5 ck=ok| obj=inf completion=0.00% finite_obj=0.0% no_solution=100.0% collision=0.0% spectrum=47.5% action_range=[0.005,0.997] solver_status=optimal:0.0%,infeasible:97.5%,unknown:2.5%,error:0.0%,other:0.0% norm_count=16080
2026-09-29 12:22:55 | [QUEUE] | iter=201 | 队列 | sample_queue=0/4 | weight_queues_pending=4/4
2026-09-29 12:23:08 | [UPDATE] | [learner] iter=202 transitions=40 completion=0.00% reward=-1.525 | cost=2.119s | lr_actor=2.940e-04 lr_critic=2.940e-04 | wv=196 stale=6 ck=ok| obj=inf completion=0.00% finite_obj=0.0% no_solution=100.0% collision=0.0% spectrum=47.5% action_range=[0.002,0.998] solver_status=optimal:0.0%,infeasible:92.5%,unknown:7.5%,error:0.0%,other:0.0% norm_count=16160
2026-09-29 12:23:08 | [QUEUE] | iter=202 | 队列 | sample_queue=1/4 | weight_queues_pending=4/4
2026-09-29 12:23:10 | [UPDATE] | [learner] iter=203 transitions=40 completion=0.00% reward=-1.650 | cost=2.329s | lr_actor=2.939e-04 lr_critic=2.939e-04 | wv=198 stale=5 ck=ok| obj=inf completion=0.00% finite_obj=0.0% no_solution=100.0% collision=0.0% spectrum=62.5% action_range=[0.011,0.997] solver_status=optimal:0.0%,infeasible:92.5%,unknown:7.5%,error:0.0%,other:0.0% norm_count=16240
2026-09-29 12:23:10 | [QUEUE] | iter=203 | 队列 | sample_queue=1/4 | weight_queues_pending=4/4
2026-09-29 12:23:13 | [UPDATE] | [learner] iter=204 transitions=40 completion=0.00% reward=-1.500 | cost=2.098s | lr_actor=2.939e-04 lr_critic=2.939e-04 | wv=199 stale=5 ck=ok| obj=inf completion=0.00% finite_obj=0.0% no_solution=100.0% collision=0.0% spectrum=42.5% action_range=[0.005,0.999] solver_status=optimal:0.0%,infeasible:92.5%,unknown:7.5%,error:0.0%,other:0.0% norm_count=16320
2026-09-29 12:23:13 | [QUEUE] | iter=204 | 队列 | sample_queue=0/4 | weight_queues_pending=4/4
2026-09-29 12:23:21 | [UPDATE] | [learner] iter=205 transitions=40 completion=0.00% reward=-1.650 | cost=2.599s | lr_actor=2.939e-04 lr_critic=2.939e-04 | wv=200 stale=5 ck=ok| obj=inf completion=0.00% finite_obj=0.0% no_solution=100.0% collision=0.0% spectrum=57.5% action_range=[0.001,0.996] solver_status=optimal:0.0%,infeasible:95.0%,unknown:5.0%,error:0.0%,other:0.0% norm_count=16400
2026-09-29 12:23:21 | [QUEUE] | iter=205 | 队列 | sample_queue=0/4 | weight_queues_pending=4/4
2026-09-29 12:23:34 | [UPDATE] | [learner] iter=206 transitions=40 completion=0.00% reward=-1.650 | cost=2.405s | lr_actor=2.938e-04 lr_critic=2.938e-04 | wv=202 stale=4 ck=ok| obj=inf completion=0.00% finite_obj=0.0% no_solution=100.0% collision=0.0% spectrum=55.0% action_range=[0.002,0.999] solver_status=optimal:0.0%,infeasible:97.5%,unknown:2.5%,error:0.0%,other:0.0% norm_count=16480
2026-09-29 12:23:34 | [QUEUE] | iter=206 | 队列 | sample_queue=0/4 | weight_queues_pending=4/4
2026-09-29 12:23:36 | [UPDATE] | [learner] iter=207 transitions=40 completion=2.50% reward=-1.528 | cost=2.276s | lr_actor=2.938e-04 lr_critic=2.938e-04 | wv=201 stale=6 ck=ok| obj=inf completion=2.50% finite_obj=2.5% no_solution=97.5% collision=0.0% spectrum=52.5% action_range=[0.003,1.000] solver_status=optimal:2.5%,infeasible:97.5%,unknown:0.0%,error:0.0%,other:0.0% norm_count=16560
2026-09-29 12:23:36 | [QUEUE] | iter=207 | 队列 | sample_queue=1/4 | weight_queues_pending=4/4
2026-09-29 12:23:39 | [UPDATE] | [learner] iter=208 transitions=40 completion=0.00% reward=-1.377 | cost=2.267s | lr_actor=2.938e-04 lr_critic=2.938e-04 | wv=201 stale=7 ck=ok| obj=inf completion=0.00% finite_obj=2.5% no_solution=97.5% collision=0.0% spectrum=42.5% action_range=[0.004,0.995] solver_status=optimal:2.5%,infeasible:92.5%,unknown:5.0%,error:0.0%,other:0.0% norm_count=16640
2026-09-29 12:23:39 | [QUEUE] | iter=208 | 队列 | sample_queue=0/4 | weight_queues_pending=4/4
2026-09-29 12:23:45 | [UPDATE] | [learner] iter=209 transitions=40 completion=0.00% reward=-1.500 | cost=2.562s | lr_actor=2.938e-04 lr_critic=2.938e-04 | wv=204 stale=5 ck=ok| obj=inf completion=0.00% finite_obj=0.0% no_solution=100.0% collision=0.0% spectrum=45.0% action_range=[0.004,0.997] solver_status=optimal:0.0%,infeasible:95.0%,unknown:5.0%,error:0.0%,other:0.0% norm_count=16720
2026-09-29 12:23:45 | [QUEUE] | iter=209 | 队列 | sample_queue=0/4 | weight_queues_pending=4/4
2026-09-29 12:23:58 | [UPDATE] | [learner] iter=210 transitions=40 completion=0.00% reward=-1.750 | cost=2.272s | lr_actor=2.937e-04 lr_critic=2.937e-04 | wv=205 stale=5 ck=ok| obj=inf completion=0.00% finite_obj=0.0% no_solution=100.0% collision=0.0% spectrum=60.0% action_range=[0.001,0.994] solver_status=optimal:0.0%,infeasible:95.0%,unknown:5.0%,error:0.0%,other:0.0% norm_count=16800
2026-09-29 12:23:58 | [QUEUE] | iter=210 | 队列 | sample_queue=0/4 | weight_queues_pending=4/4
2026-09-29 12:24:03 | [UPDATE] | [learner] iter=211 transitions=40 completion=0.00% reward=-1.525 | cost=2.652s | lr_actor=2.937e-04 lr_critic=2.937e-04 | wv=206 stale=5 ck=ok| obj=inf completion=0.00% finite_obj=0.0% no_solution=100.0% collision=0.0% spectrum=47.5% action_range=[0.003,0.998] solver_status=optimal:0.0%,infeasible:97.5%,unknown:2.5%,error:0.0%,other:0.0% norm_count=16880
2026-09-29 12:24:03 | [QUEUE] | iter=211 | 队列 | sample_queue=0/4 | weight_queues_pending=4/4
2026-09-29 12:24:06 | [UPDATE] | [learner] iter=212 transitions=40 completion=0.00% reward=-1.475 | cost=2.021s | lr_actor=2.937e-04 lr_critic=2.937e-04 | wv=206 stale=6 ck=ok| obj=inf completion=0.00% finite_obj=0.0% no_solution=100.0% collision=0.0% spectrum=40.0% action_range=[0.005,0.997] solver_status=optimal:0.0%,infeasible:100.0%,unknown:0.0%,error:0.0%,other:0.0% norm_count=16960
2026-09-29 12:24:06 | [QUEUE] | iter=212 | 队列 | sample_queue=0/4 | weight_queues_pending=4/4
2026-09-29 12:24:10 | [UPDATE] | [learner] iter=213 transitions=40 completion=2.50% reward=-1.456 | cost=2.128s | lr_actor=2.936e-04 lr_critic=2.936e-04 | wv=208 stale=5 ck=ok| obj=inf completion=2.50% finite_obj=5.0% no_solution=95.0% collision=0.0% spectrum=50.0% action_range=[0.002,0.998] solver_status=optimal:5.0%,infeasible:95.0%,unknown:0.0%,error:0.0%,other:0.0% norm_count=17040
2026-09-29 12:24:10 | [QUEUE] | iter=213 | 队列 | sample_queue=0/4 | weight_queues_pending=4/4
2026-09-29 12:24:21 | [UPDATE] | [learner] iter=214 transitions=40 completion=0.00% reward=-1.550 | cost=2.152s | lr_actor=2.936e-04 lr_critic=2.936e-04 | wv=209 stale=5 ck=ok| obj=inf completion=0.00% finite_obj=0.0% no_solution=100.0% collision=0.0% spectrum=45.0% action_range=[0.002,0.994] solver_status=optimal:0.0%,infeasible:90.0%,unknown:10.0%,error:0.0%,other:0.0% norm_count=17120
2026-09-29 12:24:21 | [QUEUE] | iter=214 | 队列 | sample_queue=0/4 | weight_queues_pending=4/4
2026-09-29 12:24:27 | [UPDATE] | [learner] iter=215 transitions=40 completion=0.00% reward=-1.453 | cost=2.146s | lr_actor=2.936e-04 lr_critic=2.936e-04 | wv=210 stale=5 ck=ok| obj=inf completion=0.00% finite_obj=5.0% no_solution=95.0% collision=0.0% spectrum=42.5% action_range=[0.005,0.997] solver_status=optimal:5.0%,infeasible:92.5%,unknown:2.5%,error:0.0%,other:0.0% norm_count=17200
2026-09-29 12:24:27 | [QUEUE] | iter=215 | 队列 | sample_queue=0/4 | weight_queues_pending=4/4
2026-09-29 12:24:35 | [UPDATE] | [learner] iter=216 transitions=40 completion=0.00% reward=-1.575 | cost=2.375s | lr_actor=2.936e-04 lr_critic=2.936e-04 | wv=211 stale=5 ck=ok| obj=inf completion=0.00% finite_obj=0.0% no_solution=100.0% collision=0.0% spectrum=50.0% action_range=[0.003,0.996] solver_status=optimal:0.0%,infeasible:92.5%,unknown:7.5%,error:0.0%,other:0.0% norm_count=17280
2026-09-29 12:24:35 | [QUEUE] | iter=216 | 队列 | sample_queue=1/4 | weight_queues_pending=4/4
2026-09-29 12:24:37 | [UPDATE] | [learner] iter=217 transitions=40 completion=0.00% reward=-1.575 | cost=2.311s | lr_actor=2.935e-04 lr_critic=2.935e-04 | wv=212 stale=5 ck=ok| obj=inf completion=0.00% finite_obj=0.0% no_solution=100.0% collision=0.0% spectrum=47.5% action_range=[0.009,0.994] solver_status=optimal:0.0%,infeasible:92.5%,unknown:7.5%,error:0.0%,other:0.0% norm_count=17360
2026-09-29 12:24:37 | [QUEUE] | iter=217 | 队列 | sample_queue=0/4 | weight_queues_pending=4/4
2026-09-29 12:24:45 | [UPDATE] | [learner] iter=218 transitions=40 completion=0.00% reward=-1.700 | cost=2.031s | lr_actor=2.935e-04 lr_critic=2.935e-04 | wv=213 stale=5 ck=ok| obj=inf completion=0.00% finite_obj=0.0% no_solution=100.0% collision=0.0% spectrum=60.0% action_range=[0.000,0.997] solver_status=optimal:0.0%,infeasible:92.5%,unknown:7.5%,error:0.0%,other:0.0% norm_count=17440
2026-09-29 12:24:45 | [QUEUE] | iter=218 | 队列 | sample_queue=0/4 | weight_queues_pending=4/4
2026-09-29 12:24:50 | [UPDATE] | [learner] iter=219 transitions=40 completion=0.00% reward=-1.500 | cost=2.057s | lr_actor=2.935e-04 lr_critic=2.935e-04 | wv=214 stale=5 ck=ok| obj=inf completion=0.00% finite_obj=0.0% no_solution=100.0% collision=0.0% spectrum=42.5% action_range=[0.005,0.997] solver_status=optimal:0.0%,infeasible:95.0%,unknown:5.0%,error:0.0%,other:0.0% norm_count=17520
2026-09-29 12:24:50 | [QUEUE] | iter=219 | 队列 | sample_queue=0/4 | weight_queues_pending=4/4
2026-09-29 12:24:58 | [UPDATE] | [learner] iter=220 transitions=40 completion=0.00% reward=-1.677 | cost=2.150s | lr_actor=2.934e-04 lr_critic=2.934e-04 | wv=215 stale=5 ck=ok| obj=inf completion=0.00% finite_obj=2.5% no_solution=97.5% collision=0.0% spectrum=57.5% action_range=[0.003,0.996] solver_status=optimal:2.5%,infeasible:85.0%,unknown:12.5%,error:0.0%,other:0.0% norm_count=17600
2026-09-29 12:24:58 | [QUEUE] | iter=220 | 队列 | sample_queue=0/4 | weight_queues_pending=4/4
2026-09-29 12:25:00 | [UPDATE] | [learner] iter=221 transitions=40 completion=0.00% reward=-1.475 | cost=2.305s | lr_actor=2.934e-04 lr_critic=2.934e-04 | wv=215 stale=6 ck=ok| obj=inf completion=0.00% finite_obj=0.0% no_solution=100.0% collision=0.0% spectrum=42.5% action_range=[0.003,0.999] solver_status=optimal:0.0%,infeasible:90.0%,unknown:10.0%,error:0.0%,other:0.0% norm_count=17680
2026-09-29 12:25:00 | [QUEUE] | iter=221 | 队列 | sample_queue=0/4 | weight_queues_pending=4/4
2026-09-29 12:25:08 | [UPDATE] | [learner] iter=222 transitions=40 completion=0.00% reward=-1.550 | cost=2.133s | lr_actor=2.934e-04 lr_critic=2.934e-04 | wv=217 stale=5 ck=ok| obj=inf completion=0.00% finite_obj=0.0% no_solution=100.0% collision=0.0% spectrum=50.0% action_range=[0.005,0.997] solver_status=optimal:0.0%,infeasible:95.0%,unknown:5.0%,error:0.0%,other:0.0% norm_count=17760
2026-09-29 12:25:08 | [QUEUE] | iter=222 | 队列 | sample_queue=0/4 | weight_queues_pending=4/4
2026-09-29 12:25:19 | [UPDATE] | [learner] iter=223 transitions=40 completion=0.00% reward=-1.551 | cost=2.440s | lr_actor=2.933e-04 lr_critic=2.933e-04 | wv=218 stale=5 ck=ok| obj=inf completion=0.00% finite_obj=2.5% no_solution=97.5% collision=0.0% spectrum=45.0% action_range=[0.002,0.995] solver_status=optimal:2.5%,infeasible:95.0%,unknown:2.5%,error:0.0%,other:0.0% norm_count=17840
2026-09-29 12:25:19 | [QUEUE] | iter=223 | 队列 | sample_queue=1/4 | weight_queues_pending=4/4
2026-09-29 12:25:22 | [UPDATE] | [learner] iter=224 transitions=40 completion=0.00% reward=-1.530 | cost=2.287s | lr_actor=2.933e-04 lr_critic=2.933e-04 | wv=219 stale=5 ck=ok| obj=inf completion=0.00% finite_obj=2.5% no_solution=97.5% collision=0.0% spectrum=42.5% action_range=[0.001,0.997] solver_status=optimal:2.5%,infeasible:92.5%,unknown:5.0%,error:0.0%,other:0.0% norm_count=17920
2026-09-29 12:25:22 | [QUEUE] | iter=224 | 队列 | sample_queue=0/4 | weight_queues_pending=4/4
2026-09-29 12:25:26 | [UPDATE] | [learner] iter=225 transitions=40 completion=0.00% reward=-1.700 | cost=2.316s | lr_actor=2.933e-04 lr_critic=2.933e-04 | wv=220 stale=5 ck=ok| obj=inf completion=0.00% finite_obj=0.0% no_solution=100.0% collision=0.0% spectrum=55.0% action_range=[0.005,0.997] solver_status=optimal:0.0%,infeasible:90.0%,unknown:10.0%,error:0.0%,other:0.0% norm_count=18000
2026-09-29 12:25:26 | [QUEUE] | iter=225 | 队列 | sample_queue=0/4 | weight_queues_pending=4/4
2026-09-29 12:25:34 | [UPDATE] | [learner] iter=226 transitions=40 completion=0.00% reward=-1.475 | cost=1.981s | lr_actor=2.932e-04 lr_critic=2.932e-04 | wv=221 stale=5 ck=ok| obj=inf completion=0.00% finite_obj=0.0% no_solution=100.0% collision=0.0% spectrum=45.0% action_range=[0.002,0.998] solver_status=optimal:0.0%,infeasible:92.5%,unknown:7.5%,error:0.0%,other:0.0% norm_count=18080
2026-09-29 12:25:34 | [QUEUE] | iter=226 | 队列 | sample_queue=0/4 | weight_queues_pending=4/4
2026-09-29 12:25:43 | [UPDATE] | [learner] iter=227 transitions=40 completion=0.00% reward=-1.600 | cost=2.250s | lr_actor=2.932e-04 lr_critic=2.932e-04 | wv=222 stale=5 ck=ok| obj=inf completion=0.00% finite_obj=0.0% no_solution=100.0% collision=0.0% spectrum=52.5% action_range=[0.004,0.998] solver_status=optimal:0.0%,infeasible:92.5%,unknown:7.5%,error:0.0%,other:0.0% norm_count=18160
2026-09-29 12:25:43 | [QUEUE] | iter=227 | 队列 | sample_queue=0/4 | weight_queues_pending=4/4
2026-09-29 12:25:47 | [UPDATE] | [learner] iter=228 transitions=40 completion=2.50% reward=-1.482 | cost=2.136s | lr_actor=2.932e-04 lr_critic=2.932e-04 | wv=222 stale=6 ck=ok| obj=inf completion=2.50% finite_obj=5.0% no_solution=95.0% collision=0.0% spectrum=50.0% action_range=[0.002,1.000] solver_status=optimal:5.0%,infeasible:85.0%,unknown:10.0%,error:0.0%,other:0.0% norm_count=18240
2026-09-29 12:25:47 | [QUEUE] | iter=228 | 队列 | sample_queue=0/4 | weight_queues_pending=4/4
2026-09-29 12:25:51 | [UPDATE] | [learner] iter=229 transitions=40 completion=0.00% reward=-1.725 | cost=2.229s | lr_actor=2.932e-04 lr_critic=2.932e-04 | wv=224 stale=5 ck=ok| obj=inf completion=0.00% finite_obj=0.0% no_solution=100.0% collision=0.0% spectrum=62.5% action_range=[0.004,0.997] solver_status=optimal:0.0%,infeasible:90.0%,unknown:10.0%,error:0.0%,other:0.0% norm_count=18320
2026-09-29 12:25:51 | [QUEUE] | iter=229 | 队列 | sample_queue=0/4 | weight_queues_pending=4/4
2026-09-29 12:25:59 | [UPDATE] | [learner] iter=230 transitions=40 completion=0.00% reward=-1.550 | cost=2.088s | lr_actor=2.931e-04 lr_critic=2.931e-04 | wv=225 stale=5 ck=ok| obj=inf completion=0.00% finite_obj=0.0% no_solution=100.0% collision=0.0% spectrum=50.0% action_range=[0.005,0.999] solver_status=optimal:0.0%,infeasible:97.5%,unknown:2.5%,error:0.0%,other:0.0% norm_count=18400
2026-09-29 12:25:59 | [QUEUE] | iter=230 | 队列 | sample_queue=0/4 | weight_queues_pending=4/4
2026-09-29 12:26:06 | [UPDATE] | [learner] iter=231 transitions=40 completion=0.00% reward=-1.450 | cost=1.997s | lr_actor=2.931e-04 lr_critic=2.931e-04 | wv=226 stale=5 ck=ok| obj=inf completion=0.00% finite_obj=0.0% no_solution=100.0% collision=0.0% spectrum=42.5% action_range=[0.000,0.997] solver_status=optimal:0.0%,infeasible:100.0%,unknown:0.0%,error:0.0%,other:0.0% norm_count=18480
2026-09-29 12:26:06 | [QUEUE] | iter=231 | 队列 | sample_queue=0/4 | weight_queues_pending=4/4
2026-09-29 12:26:13 | [UPDATE] | [learner] iter=232 transitions=40 completion=0.00% reward=-1.725 | cost=2.000s | lr_actor=2.931e-04 lr_critic=2.931e-04 | wv=227 stale=5 ck=ok| obj=inf completion=0.00% finite_obj=0.0% no_solution=100.0% collision=0.0% spectrum=62.5% action_range=[0.006,0.992] solver_status=optimal:0.0%,infeasible:92.5%,unknown:7.5%,error:0.0%,other:0.0% norm_count=18560
2026-09-29 12:26:13 | [QUEUE] | iter=232 | 队列 | sample_queue=0/4 | weight_queues_pending=4/4
2026-09-29 12:26:18 | [UPDATE] | [learner] iter=233 transitions=40 completion=0.00% reward=-1.550 | cost=2.207s | lr_actor=2.930e-04 lr_critic=2.930e-04 | wv=228 stale=5 ck=ok| obj=inf completion=0.00% finite_obj=0.0% no_solution=100.0% collision=0.0% spectrum=50.0% action_range=[0.004,0.997] solver_status=optimal:0.0%,infeasible:90.0%,unknown:10.0%,error:0.0%,other:0.0% norm_count=18640
2026-09-29 12:26:18 | [QUEUE] | iter=233 | 队列 | sample_queue=0/4 | weight_queues_pending=4/4
2026-09-29 12:26:21 | [UPDATE] | [learner] iter=234 transitions=40 completion=0.00% reward=-1.429 | cost=2.228s | lr_actor=2.930e-04 lr_critic=2.930e-04 | wv=229 stale=5 ck=ok| obj=inf completion=0.00% finite_obj=5.0% no_solution=95.0% collision=0.0% spectrum=50.0% action_range=[0.003,0.997] solver_status=optimal:5.0%,infeasible:87.5%,unknown:7.5%,error:0.0%,other:0.0% norm_count=18720
2026-09-29 12:26:21 | [QUEUE] | iter=234 | 队列 | sample_queue=0/4 | weight_queues_pending=4/4
2026-09-29 12:26:32 | [UPDATE] | [learner] iter=235 transitions=40 completion=0.00% reward=-1.400 | cost=2.217s | lr_actor=2.930e-04 lr_critic=2.930e-04 | wv=230 stale=5 ck=ok| obj=inf completion=0.00% finite_obj=0.0% no_solution=100.0% collision=0.0% spectrum=35.0% action_range=[0.002,0.997] solver_status=optimal:0.0%,infeasible:95.0%,unknown:5.0%,error:0.0%,other:0.0% norm_count=18800
2026-09-29 12:26:32 | [QUEUE] | iter=235 | 队列 | sample_queue=0/4 | weight_queues_pending=4/4
2026-09-29 12:26:35 | [UPDATE] | [learner] iter=236 transitions=40 completion=0.00% reward=-1.550 | cost=2.366s | lr_actor=2.929e-04 lr_critic=2.929e-04 | wv=231 stale=5 ck=ok| obj=inf completion=0.00% finite_obj=0.0% no_solution=100.0% collision=0.0% spectrum=45.0% action_range=[0.002,0.998] solver_status=optimal:0.0%,infeasible:92.5%,unknown:7.5%,error:0.0%,other:0.0% norm_count=18880
2026-09-29 12:26:35 | [QUEUE] | iter=236 | 队列 | sample_queue=0/4 | weight_queues_pending=4/4
2026-09-29 12:26:44 | [UPDATE] | [learner] iter=237 transitions=40 completion=0.00% reward=-1.500 | cost=1.988s | lr_actor=2.929e-04 lr_critic=2.929e-04 | wv=233 stale=4 ck=ok| obj=inf completion=0.00% finite_obj=0.0% no_solution=100.0% collision=0.0% spectrum=45.0% action_range=[0.002,0.999] solver_status=optimal:0.0%,infeasible:90.0%,unknown:10.0%,error:0.0%,other:0.0% norm_count=18960
2026-09-29 12:26:44 | [QUEUE] | iter=237 | 队列 | sample_queue=1/4 | weight_queues_pending=4/4
2026-09-29 12:26:46 | [UPDATE] | [learner] iter=238 transitions=40 completion=0.00% reward=-1.675 | cost=2.135s | lr_actor=2.929e-04 lr_critic=2.929e-04 | wv=232 stale=6 ck=ok| obj=inf completion=0.00% finite_obj=0.0% no_solution=100.0% collision=0.0% spectrum=60.0% action_range=[0.002,0.993] solver_status=optimal:0.0%,infeasible:85.0%,unknown:15.0%,error:0.0%,other:0.0% norm_count=19040
2026-09-29 12:26:46 | [QUEUE] | iter=238 | 队列 | sample_queue=0/4 | weight_queues_pending=4/4
2026-09-29 12:26:55 | [UPDATE] | [learner] iter=239 transitions=40 completion=2.50% reward=-1.453 | cost=2.050s | lr_actor=2.929e-04 lr_critic=2.929e-04 | wv=235 stale=4 ck=ok| obj=inf completion=2.50% finite_obj=2.5% no_solution=97.5% collision=0.0% spectrum=47.5% action_range=[0.001,0.994] solver_status=optimal:2.5%,infeasible:82.5%,unknown:15.0%,error:0.0%,other:0.0% norm_count=19120
2026-09-29 12:26:55 | [QUEUE] | iter=239 | 队列 | sample_queue=0/4 | weight_queues_pending=4/4
2026-09-29 12:26:58 | [UPDATE] | [learner] iter=240 transitions=40 completion=0.00% reward=-1.650 | cost=2.427s | lr_actor=2.928e-04 lr_critic=2.928e-04 | wv=234 stale=6 ck=ok| obj=inf completion=0.00% finite_obj=0.0% no_solution=100.0% collision=0.0% spectrum=60.0% action_range=[0.002,0.991] solver_status=optimal:0.0%,infeasible:92.5%,unknown:7.5%,error:0.0%,other:0.0% norm_count=19200
2026-09-29 12:26:58 | [QUEUE] | iter=240 | 队列 | sample_queue=0/4 | weight_queues_pending=4/4
2026-09-29 12:27:09 | [UPDATE] | [learner] iter=241 transitions=40 completion=0.00% reward=-1.625 | cost=2.210s | lr_actor=2.928e-04 lr_critic=2.928e-04 | wv=236 stale=5 ck=ok| obj=inf completion=0.00% finite_obj=0.0% no_solution=100.0% collision=0.0% spectrum=57.5% action_range=[0.002,0.997] solver_status=optimal:0.0%,infeasible:92.5%,unknown:7.5%,error:0.0%,other:0.0% norm_count=19280
2026-09-29 12:27:09 | [QUEUE] | iter=241 | 队列 | sample_queue=0/4 | weight_queues_pending=4/4
2026-09-29 12:27:12 | [UPDATE] | [learner] iter=242 transitions=40 completion=0.00% reward=-1.350 | cost=2.223s | lr_actor=2.928e-04 lr_critic=2.928e-04 | wv=236 stale=6 ck=ok| obj=inf completion=0.00% finite_obj=0.0% no_solution=100.0% collision=0.0% spectrum=35.0% action_range=[0.009,0.989] solver_status=optimal:0.0%,infeasible:85.0%,unknown:15.0%,error:0.0%,other:0.0% norm_count=19360
2026-09-29 12:27:12 | [QUEUE] | iter=242 | 队列 | sample_queue=0/4 | weight_queues_pending=4/4
2026-09-29 12:27:20 | [UPDATE] | [learner] iter=243 transitions=40 completion=0.00% reward=-1.550 | cost=1.975s | lr_actor=2.927e-04 lr_critic=2.927e-04 | wv=238 stale=5 ck=ok| obj=inf completion=0.00% finite_obj=0.0% no_solution=100.0% collision=0.0% spectrum=50.0% action_range=[0.005,0.996] solver_status=optimal:0.0%,infeasible:90.0%,unknown:10.0%,error:0.0%,other:0.0% norm_count=19440
2026-09-29 12:27:20 | [QUEUE] | iter=243 | 队列 | sample_queue=0/4 | weight_queues_pending=4/4
2026-09-29 12:27:23 | [UPDATE] | [learner] iter=244 transitions=40 completion=0.00% reward=-1.575 | cost=2.423s | lr_actor=2.927e-04 lr_critic=2.927e-04 | wv=239 stale=5 ck=ok| obj=inf completion=0.00% finite_obj=0.0% no_solution=100.0% collision=0.0% spectrum=47.5% action_range=[0.003,0.999] solver_status=optimal:0.0%,infeasible:97.5%,unknown:2.5%,error:0.0%,other:0.0% norm_count=19520
2026-09-29 12:27:23 | [QUEUE] | iter=244 | 队列 | sample_queue=0/4 | weight_queues_pending=4/4
2026-09-29 12:27:33 | [UPDATE] | [learner] iter=245 transitions=40 completion=0.00% reward=-1.375 | cost=2.277s | lr_actor=2.927e-04 lr_critic=2.927e-04 | wv=240 stale=5 ck=ok| obj=inf completion=0.00% finite_obj=0.0% no_solution=100.0% collision=0.0% spectrum=32.5% action_range=[0.005,0.998] solver_status=optimal:0.0%,infeasible:85.0%,unknown:15.0%,error:0.0%,other:0.0% norm_count=19600
2026-09-29 12:27:33 | [QUEUE] | iter=245 | 队列 | sample_queue=0/4 | weight_queues_pending=4/4
2026-09-29 12:27:39 | [UPDATE] | [learner] iter=246 transitions=40 completion=0.00% reward=-1.675 | cost=2.073s | lr_actor=2.926e-04 lr_critic=2.926e-04 | wv=241 stale=5 ck=ok| obj=inf completion=0.00% finite_obj=0.0% no_solution=100.0% collision=0.0% spectrum=62.5% action_range=[0.004,0.998] solver_status=optimal:0.0%,infeasible:92.5%,unknown:7.5%,error:0.0%,other:0.0% norm_count=19680
2026-09-29 12:27:39 | [QUEUE] | iter=246 | 队列 | sample_queue=0/4 | weight_queues_pending=4/4
2026-09-29 12:27:42 | [UPDATE] | [learner] iter=247 transitions=40 completion=0.00% reward=-1.650 | cost=2.232s | lr_actor=2.926e-04 lr_critic=2.926e-04 | wv=242 stale=5 ck=ok| obj=inf completion=0.00% finite_obj=0.0% no_solution=100.0% collision=0.0% spectrum=62.5% action_range=[0.006,0.998] solver_status=optimal:0.0%,infeasible:92.5%,unknown:7.5%,error:0.0%,other:0.0% norm_count=19760
2026-09-29 12:27:42 | [QUEUE] | iter=247 | 队列 | sample_queue=0/4 | weight_queues_pending=4/4
2026-09-29 12:27:46 | [UPDATE] | [learner] iter=248 transitions=40 completion=0.00% reward=-1.479 | cost=2.436s | lr_actor=2.926e-04 lr_critic=2.926e-04 | wv=243 stale=5 ck=ok| obj=inf completion=0.00% finite_obj=2.5% no_solution=97.5% collision=0.0% spectrum=50.0% action_range=[0.004,0.998] solver_status=optimal:2.5%,infeasible:90.0%,unknown:7.5%,error:0.0%,other:0.0% norm_count=19840
2026-09-29 12:27:46 | [QUEUE] | iter=248 | 队列 | sample_queue=0/4 | weight_queues_pending=4/4
2026-09-29 12:27:56 | [UPDATE] | [learner] iter=249 transitions=40 completion=0.00% reward=-1.550 | cost=2.216s | lr_actor=2.926e-04 lr_critic=2.926e-04 | wv=244 stale=5 ck=ok| obj=inf completion=0.00% finite_obj=0.0% no_solution=100.0% collision=0.0% spectrum=52.5% action_range=[0.002,0.999] solver_status=optimal:0.0%,infeasible:95.0%,unknown:5.0%,error:0.0%,other:0.0% norm_count=19920
2026-09-29 12:27:56 | [QUEUE] | iter=249 | 队列 | sample_queue=0/4 | weight_queues_pending=4/4
2026-09-29 12:28:04 | [UPDATE] | [learner] iter=250 transitions=40 completion=0.00% reward=-1.600 | cost=2.187s | lr_actor=2.925e-04 lr_critic=2.925e-04 | wv=245 stale=5 ck=ok| obj=inf completion=0.00% finite_obj=0.0% no_solution=100.0% collision=0.0% spectrum=52.5% action_range=[0.002,0.995] solver_status=optimal:0.0%,infeasible:92.5%,unknown:7.5%,error:0.0%,other:0.0% norm_count=20000
2026-09-29 12:28:04 | [QUEUE] | iter=250 | 队列 | sample_queue=0/4 | weight_queues_pending=4/4
2026-09-29 12:28:07 | [UPDATE] | [learner] iter=251 transitions=40 completion=0.00% reward=-1.525 | cost=2.093s | lr_actor=2.925e-04 lr_critic=2.925e-04 | wv=246 stale=5 ck=ok| obj=inf completion=0.00% finite_obj=0.0% no_solution=100.0% collision=0.0% spectrum=50.0% action_range=[0.004,0.997] solver_status=optimal:0.0%,infeasible:97.5%,unknown:2.5%,error:0.0%,other:0.0% norm_count=20080
2026-09-29 12:28:07 | [QUEUE] | iter=251 | 队列 | sample_queue=1/4 | weight_queues_pending=4/4
2026-09-29 12:28:10 | [UPDATE] | [learner] iter=252 transitions=40 completion=0.00% reward=-1.525 | cost=2.366s | lr_actor=2.925e-04 lr_critic=2.925e-04 | wv=247 stale=5 ck=ok| obj=inf completion=0.00% finite_obj=0.0% no_solution=100.0% collision=0.0% spectrum=47.5% action_range=[0.004,0.995] solver_status=optimal:0.0%,infeasible:97.5%,unknown:2.5%,error:0.0%,other:0.0% norm_count=20160
2026-09-29 12:28:10 | [QUEUE] | iter=252 | 队列 | sample_queue=0/4 | weight_queues_pending=4/4
2026-09-29 12:28:19 | [UPDATE] | [learner] iter=253 transitions=40 completion=0.00% reward=-1.525 | cost=2.343s | lr_actor=2.924e-04 lr_critic=2.924e-04 | wv=248 stale=5 ck=ok| obj=inf completion=0.00% finite_obj=0.0% no_solution=100.0% collision=0.0% spectrum=47.5% action_range=[0.003,0.999] solver_status=optimal:0.0%,infeasible:90.0%,unknown:10.0%,error:0.0%,other:0.0% norm_count=20240
2026-09-29 12:28:19 | [QUEUE] | iter=253 | 队列 | sample_queue=0/4 | weight_queues_pending=4/4
2026-09-29 12:28:31 | [UPDATE] | [learner] iter=254 transitions=40 completion=0.00% reward=-1.600 | cost=2.406s | lr_actor=2.924e-04 lr_critic=2.924e-04 | wv=250 stale=4 ck=ok| obj=inf completion=0.00% finite_obj=0.0% no_solution=100.0% collision=0.0% spectrum=50.0% action_range=[0.003,0.997] solver_status=optimal:0.0%,infeasible:82.5%,unknown:17.5%,error:0.0%,other:0.0% norm_count=20320
2026-09-29 12:28:31 | [QUEUE] | iter=254 | 队列 | sample_queue=0/4 | weight_queues_pending=4/4
2026-09-29 12:28:34 | [UPDATE] | [learner] iter=255 transitions=40 completion=0.00% reward=-1.575 | cost=2.585s | lr_actor=2.924e-04 lr_critic=2.924e-04 | wv=249 stale=6 ck=ok| obj=inf completion=0.00% finite_obj=0.0% no_solution=100.0% collision=0.0% spectrum=55.0% action_range=[0.003,0.998] solver_status=optimal:0.0%,infeasible:90.0%,unknown:10.0%,error:0.0%,other:0.0% norm_count=20400
2026-09-29 12:28:34 | [QUEUE] | iter=255 | 队列 | sample_queue=1/4 | weight_queues_pending=4/4
2026-09-29 12:28:37 | [UPDATE] | [learner] iter=256 transitions=40 completion=0.00% reward=-1.503 | cost=2.361s | lr_actor=2.923e-04 lr_critic=2.923e-04 | wv=250 stale=6 ck=ok| obj=inf completion=0.00% finite_obj=5.0% no_solution=95.0% collision=0.0% spectrum=57.5% action_range=[0.001,0.997] solver_status=optimal:5.0%,infeasible:95.0%,unknown:0.0%,error:0.0%,other:0.0% norm_count=20480
2026-09-29 12:28:37 | [QUEUE] | iter=256 | 队列 | sample_queue=0/4 | weight_queues_pending=4/4
2026-09-29 12:28:41 | [UPDATE] | [learner] iter=257 transitions=40 completion=0.00% reward=-1.602 | cost=2.108s | lr_actor=2.923e-04 lr_critic=2.923e-04 | wv=252 stale=5 ck=ok| obj=inf completion=0.00% finite_obj=2.5% no_solution=97.5% collision=0.0% spectrum=60.0% action_range=[0.002,0.998] solver_status=optimal:2.5%,infeasible:95.0%,unknown:2.5%,error:0.0%,other:0.0% norm_count=20560
2026-09-29 12:28:41 | [QUEUE] | iter=257 | 队列 | sample_queue=0/4 | weight_queues_pending=4/4
2026-09-29 12:28:57 | [UPDATE] | [learner] iter=258 transitions=40 completion=0.00% reward=-1.450 | cost=2.374s | lr_actor=2.923e-04 lr_critic=2.923e-04 | wv=253 stale=5 ck=ok| obj=inf completion=0.00% finite_obj=0.0% no_solution=100.0% collision=0.0% spectrum=42.5% action_range=[0.002,0.997] solver_status=optimal:0.0%,infeasible:95.0%,unknown:5.0%,error:0.0%,other:0.0% norm_count=20640
2026-09-29 12:28:57 | [QUEUE] | iter=258 | 队列 | sample_queue=0/4 | weight_queues_pending=4/4
2026-09-29 12:29:01 | [UPDATE] | [learner] iter=259 transitions=40 completion=0.00% reward=-1.525 | cost=2.490s | lr_actor=2.923e-04 lr_critic=2.923e-04 | wv=254 stale=5 ck=ok| obj=inf completion=0.00% finite_obj=0.0% no_solution=100.0% collision=0.0% spectrum=45.0% action_range=[0.003,0.998] solver_status=optimal:0.0%,infeasible:87.5%,unknown:12.5%,error:0.0%,other:0.0% norm_count=20720
2026-09-29 12:29:01 | [QUEUE] | iter=259 | 队列 | sample_queue=1/4 | weight_queues_pending=4/4
2026-09-29 12:29:03 | [UPDATE] | [learner] iter=260 transitions=40 completion=0.00% reward=-1.627 | cost=2.347s | lr_actor=2.922e-04 lr_critic=2.922e-04 | wv=254 stale=6 ck=ok| obj=inf completion=0.00% finite_obj=2.5% no_solution=97.5% collision=0.0% spectrum=62.5% action_range=[0.002,0.997] solver_status=optimal:2.5%,infeasible:97.5%,unknown:0.0%,error:0.0%,other:0.0% norm_count=20800
2026-09-29 12:29:03 | [QUEUE] | iter=260 | 队列 | sample_queue=1/4 | weight_queues_pending=4/4
2026-09-29 12:29:06 | [UPDATE] | [learner] iter=261 transitions=40 completion=2.50% reward=-1.429 | cost=2.486s | lr_actor=2.922e-04 lr_critic=2.922e-04 | wv=256 stale=5 ck=ok| obj=inf completion=2.50% finite_obj=2.5% no_solution=97.5% collision=0.0% spectrum=45.0% action_range=[0.001,0.999] solver_status=optimal:2.5%,infeasible:95.0%,unknown:2.5%,error:0.0%,other:0.0% norm_count=20880
2026-09-29 12:29:06 | [QUEUE] | iter=261 | 队列 | sample_queue=0/4 | weight_queues_pending=4/4
2026-09-29 12:29:19 | [UPDATE] | [learner] iter=262 transitions=40 completion=0.00% reward=-1.452 | cost=2.243s | lr_actor=2.922e-04 lr_critic=2.922e-04 | wv=257 stale=5 ck=ok| obj=inf completion=0.00% finite_obj=2.5% no_solution=97.5% collision=0.0% spectrum=50.0% action_range=[0.002,0.992] solver_status=optimal:2.5%,infeasible:87.5%,unknown:10.0%,error:0.0%,other:0.0% norm_count=20960
2026-09-29 12:29:19 | [QUEUE] | iter=262 | 队列 | sample_queue=0/4 | weight_queues_pending=4/4
2026-09-29 12:29:27 | [UPDATE] | [learner] iter=263 transitions=40 completion=0.00% reward=-1.575 | cost=2.422s | lr_actor=2.921e-04 lr_critic=2.921e-04 | wv=258 stale=5 ck=ok| obj=inf completion=0.00% finite_obj=0.0% no_solution=100.0% collision=0.0% spectrum=55.0% action_range=[0.007,0.994] solver_status=optimal:0.0%,infeasible:92.5%,unknown:7.5%,error:0.0%,other:0.0% norm_count=21040
2026-09-29 12:29:27 | [QUEUE] | iter=263 | 队列 | sample_queue=1/4 | weight_queues_pending=4/4
2026-09-29 12:29:29 | [UPDATE] | [learner] iter=264 transitions=40 completion=0.00% reward=-1.525 | cost=2.255s | lr_actor=2.921e-04 lr_critic=2.921e-04 | wv=258 stale=6 ck=ok| obj=inf completion=0.00% finite_obj=0.0% no_solution=100.0% collision=0.0% spectrum=42.5% action_range=[0.012,0.994] solver_status=optimal:0.0%,infeasible:92.5%,unknown:7.5%,error:0.0%,other:0.0% norm_count=21120
2026-09-29 12:29:29 | [QUEUE] | iter=264 | 队列 | sample_queue=1/4 | weight_queues_pending=4/4
2026-09-29 12:29:31 | [UPDATE] | [learner] iter=265 transitions=40 completion=2.50% reward=-1.577 | cost=2.190s | lr_actor=2.921e-04 lr_critic=2.921e-04 | wv=259 stale=6 ck=ok| obj=inf completion=2.50% finite_obj=2.5% no_solution=97.5% collision=0.0% spectrum=50.0% action_range=[0.003,0.997] solver_status=optimal:2.5%,infeasible:90.0%,unknown:7.5%,error:0.0%,other:0.0% norm_count=21200
2026-09-29 12:29:31 | [QUEUE] | iter=265 | 队列 | sample_queue=0/4 | weight_queues_pending=4/4
2026-09-29 12:29:41 | [UPDATE] | [learner] iter=266 transitions=40 completion=0.00% reward=-1.627 | cost=2.307s | lr_actor=2.920e-04 lr_critic=2.920e-04 | wv=261 stale=5 ck=ok| obj=inf completion=0.00% finite_obj=2.5% no_solution=97.5% collision=0.0% spectrum=57.5% action_range=[0.001,1.000] solver_status=optimal:2.5%,infeasible:90.0%,unknown:7.5%,error:0.0%,other:0.0% norm_count=21280
2026-09-29 12:29:41 | [QUEUE] | iter=266 | 队列 | sample_queue=0/4 | weight_queues_pending=4/4
2026-09-29 12:29:51 | [UPDATE] | [learner] iter=267 transitions=40 completion=0.00% reward=-1.600 | cost=2.192s | lr_actor=2.920e-04 lr_critic=2.920e-04 | wv=262 stale=5 ck=ok| obj=inf completion=0.00% finite_obj=0.0% no_solution=100.0% collision=0.0% spectrum=50.0% action_range=[0.004,0.995] solver_status=optimal:0.0%,infeasible:97.5%,unknown:2.5%,error:0.0%,other:0.0% norm_count=21360
2026-09-29 12:29:51 | [QUEUE] | iter=267 | 队列 | sample_queue=0/4 | weight_queues_pending=4/4
2026-09-29 12:29:53 | [UPDATE] | [learner] iter=268 transitions=40 completion=0.00% reward=-1.525 | cost=2.190s | lr_actor=2.920e-04 lr_critic=2.920e-04 | wv=262 stale=6 ck=ok| obj=inf completion=0.00% finite_obj=0.0% no_solution=100.0% collision=0.0% spectrum=47.5% action_range=[0.002,0.999] solver_status=optimal:0.0%,infeasible:90.0%,unknown:10.0%,error:0.0%,other:0.0% norm_count=21440
2026-09-29 12:29:53 | [QUEUE] | iter=268 | 队列 | sample_queue=1/4 | weight_queues_pending=4/4
2026-09-29 12:29:55 | [UPDATE] | [learner] iter=269 transitions=40 completion=2.50% reward=-1.479 | cost=2.258s | lr_actor=2.920e-04 lr_critic=2.920e-04 | wv=263 stale=6 ck=ok| obj=inf completion=2.50% finite_obj=2.5% no_solution=97.5% collision=0.0% spectrum=50.0% action_range=[0.002,0.999] solver_status=optimal:2.5%,infeasible:92.5%,unknown:5.0%,error:0.0%,other:0.0% norm_count=21520
2026-09-29 12:29:55 | [QUEUE] | iter=269 | 队列 | sample_queue=0/4 | weight_queues_pending=4/4
2026-09-29 12:30:05 | [UPDATE] | [learner] iter=270 transitions=40 completion=0.00% reward=-1.675 | cost=2.355s | lr_actor=2.919e-04 lr_critic=2.919e-04 | wv=265 stale=5 ck=ok| obj=inf completion=0.00% finite_obj=0.0% no_solution=100.0% collision=0.0% spectrum=60.0% action_range=[0.006,0.998] solver_status=optimal:0.0%,infeasible:90.0%,unknown:10.0%,error:0.0%,other:0.0% norm_count=21600
2026-09-29 12:30:05 | [QUEUE] | iter=270 | 队列 | sample_queue=0/4 | weight_queues_pending=4/4
2026-09-29 12:30:14 | [UPDATE] | [learner] iter=271 transitions=40 completion=0.00% reward=-1.575 | cost=2.403s | lr_actor=2.919e-04 lr_critic=2.919e-04 | wv=266 stale=5 ck=ok| obj=inf completion=0.00% finite_obj=0.0% no_solution=100.0% collision=0.0% spectrum=55.0% action_range=[0.002,0.999] solver_status=optimal:0.0%,infeasible:95.0%,unknown:5.0%,error:0.0%,other:0.0% norm_count=21680
2026-09-29 12:30:14 | [QUEUE] | iter=271 | 队列 | sample_queue=0/4 | weight_queues_pending=4/4
2026-09-29 12:30:17 | [UPDATE] | [learner] iter=272 transitions=40 completion=0.00% reward=-1.600 | cost=2.472s | lr_actor=2.919e-04 lr_critic=2.919e-04 | wv=267 stale=5 ck=ok| obj=inf completion=0.00% finite_obj=0.0% no_solution=100.0% collision=0.0% spectrum=52.5% action_range=[0.003,0.999] solver_status=optimal:0.0%,infeasible:90.0%,unknown:10.0%,error:0.0%,other:0.0% norm_count=21760
2026-09-29 12:30:17 | [QUEUE] | iter=272 | 队列 | sample_queue=0/4 | weight_queues_pending=4/4
2026-09-29 12:30:21 | [UPDATE] | [learner] iter=273 transitions=40 completion=2.50% reward=-1.429 | cost=1.979s | lr_actor=2.918e-04 lr_critic=2.918e-04 | wv=267 stale=6 ck=ok| obj=inf completion=2.50% finite_obj=2.5% no_solution=97.5% collision=0.0% spectrum=45.0% action_range=[0.004,0.999] solver_status=optimal:2.5%,infeasible:85.0%,unknown:12.5%,error:0.0%,other:0.0% norm_count=21840
2026-09-29 12:30:21 | [QUEUE] | iter=273 | 队列 | sample_queue=0/4 | weight_queues_pending=4/4
2026-09-29 12:30:32 | [UPDATE] | [learner] iter=274 transitions=40 completion=0.00% reward=-1.428 | cost=2.396s | lr_actor=2.918e-04 lr_critic=2.918e-04 | wv=269 stale=5 ck=ok| obj=inf completion=0.00% finite_obj=2.5% no_solution=97.5% collision=0.0% spectrum=45.0% action_range=[0.001,0.997] solver_status=optimal:2.5%,infeasible:87.5%,unknown:10.0%,error:0.0%,other:0.0% norm_count=21920
2026-09-29 12:30:32 | [QUEUE] | iter=274 | 队列 | sample_queue=0/4 | weight_queues_pending=4/4
2026-09-29 12:30:38 | [UPDATE] | [learner] iter=275 transitions=40 completion=0.00% reward=-1.400 | cost=2.319s | lr_actor=2.918e-04 lr_critic=2.918e-04 | wv=270 stale=5 ck=ok| obj=inf completion=0.00% finite_obj=0.0% no_solution=100.0% collision=0.0% spectrum=40.0% action_range=[0.001,0.999] solver_status=optimal:0.0%,infeasible:92.5%,unknown:7.5%,error:0.0%,other:0.0% norm_count=22000
2026-09-29 12:30:38 | [QUEUE] | iter=275 | 队列 | sample_queue=0/4 | weight_queues_pending=4/4
2026-09-29 12:30:40 | [UPDATE] | [learner] iter=276 transitions=40 completion=0.00% reward=-1.700 | cost=2.130s | lr_actor=2.917e-04 lr_critic=2.917e-04 | wv=271 stale=5 ck=ok| obj=inf completion=0.00% finite_obj=0.0% no_solution=100.0% collision=0.0% spectrum=62.5% action_range=[0.004,1.000] solver_status=optimal:0.0%,infeasible:87.5%,unknown:12.5%,error:0.0%,other:0.0% norm_count=22080
2026-09-29 12:30:40 | [QUEUE] | iter=276 | 队列 | sample_queue=0/4 | weight_queues_pending=4/4
2026-09-29 12:30:50 | [UPDATE] | [learner] iter=277 transitions=40 completion=0.00% reward=-1.600 | cost=2.349s | lr_actor=2.917e-04 lr_critic=2.917e-04 | wv=272 stale=5 ck=ok| obj=inf completion=0.00% finite_obj=0.0% no_solution=100.0% collision=0.0% spectrum=47.5% action_range=[0.004,0.996] solver_status=optimal:0.0%,infeasible:92.5%,unknown:7.5%,error:0.0%,other:0.0% norm_count=22160
2026-09-29 12:30:50 | [QUEUE] | iter=277 | 队列 | sample_queue=0/4 | weight_queues_pending=4/4
2026-09-29 12:30:54 | [UPDATE] | [learner] iter=278 transitions=40 completion=0.00% reward=-1.450 | cost=2.010s | lr_actor=2.917e-04 lr_critic=2.917e-04 | wv=273 stale=5 ck=ok| obj=inf completion=0.00% finite_obj=0.0% no_solution=100.0% collision=0.0% spectrum=40.0% action_range=[0.003,0.996] solver_status=optimal:0.0%,infeasible:92.5%,unknown:7.5%,error:0.0%,other:0.0% norm_count=22240
2026-09-29 12:30:54 | [QUEUE] | iter=278 | 队列 | sample_queue=0/4 | weight_queues_pending=4/4
2026-09-29 12:31:01 | [UPDATE] | [learner] iter=279 transitions=40 completion=2.50% reward=-1.527 | cost=2.353s | lr_actor=2.917e-04 lr_critic=2.917e-04 | wv=274 stale=5 ck=ok| obj=inf completion=2.50% finite_obj=2.5% no_solution=97.5% collision=0.0% spectrum=52.5% action_range=[0.004,0.988] solver_status=optimal:2.5%,infeasible:85.0%,unknown:12.5%,error:0.0%,other:0.0% norm_count=22320
2026-09-29 12:31:01 | [QUEUE] | iter=279 | 队列 | sample_queue=0/4 | weight_queues_pending=4/4
2026-09-29 12:31:04 | [UPDATE] | [learner] iter=280 transitions=40 completion=0.00% reward=-1.475 | cost=2.121s | lr_actor=2.916e-04 lr_critic=2.916e-04 | wv=275 stale=5 ck=ok| obj=inf completion=0.00% finite_obj=0.0% no_solution=100.0% collision=0.0% spectrum=42.5% action_range=[0.005,0.999] solver_status=optimal:0.0%,infeasible:92.5%,unknown:7.5%,error:0.0%,other:0.0% norm_count=22400
2026-09-29 12:31:04 | [QUEUE] | iter=280 | 队列 | sample_queue=0/4 | weight_queues_pending=4/4
2026-09-29 12:31:14 | [UPDATE] | [learner] iter=281 transitions=40 completion=0.00% reward=-1.650 | cost=2.301s | lr_actor=2.916e-04 lr_critic=2.916e-04 | wv=276 stale=5 ck=ok| obj=inf completion=0.00% finite_obj=0.0% no_solution=100.0% collision=0.0% spectrum=52.5% action_range=[0.003,0.997] solver_status=optimal:0.0%,infeasible:92.5%,unknown:7.5%,error:0.0%,other:0.0% norm_count=22480
2026-09-29 12:31:14 | [QUEUE] | iter=281 | 队列 | sample_queue=0/4 | weight_queues_pending=4/4
2026-09-29 12:31:19 | [UPDATE] | [learner] iter=282 transitions=40 completion=0.00% reward=-1.425 | cost=2.502s | lr_actor=2.916e-04 lr_critic=2.916e-04 | wv=277 stale=5 ck=ok| obj=inf completion=0.00% finite_obj=0.0% no_solution=100.0% collision=0.0% spectrum=37.5% action_range=[0.006,0.995] solver_status=optimal:0.0%,infeasible:97.5%,unknown:2.5%,error:0.0%,other:0.0% norm_count=22560
2026-09-29 12:31:19 | [QUEUE] | iter=282 | 队列 | sample_queue=0/4 | weight_queues_pending=4/4
2026-09-29 12:31:24 | [UPDATE] | [learner] iter=283 transitions=40 completion=0.00% reward=-1.350 | cost=2.155s | lr_actor=2.915e-04 lr_critic=2.915e-04 | wv=278 stale=5 ck=ok| obj=inf completion=0.00% finite_obj=0.0% no_solution=100.0% collision=0.0% spectrum=30.0% action_range=[0.003,0.996] solver_status=optimal:0.0%,infeasible:85.0%,unknown:15.0%,error:0.0%,other:0.0% norm_count=22640
2026-09-29 12:31:24 | [QUEUE] | iter=283 | 队列 | sample_queue=0/4 | weight_queues_pending=4/4
2026-09-29 12:31:31 | [UPDATE] | [learner] iter=284 transitions=40 completion=0.00% reward=-1.575 | cost=2.296s | lr_actor=2.915e-04 lr_critic=2.915e-04 | wv=279 stale=5 ck=ok| obj=inf completion=0.00% finite_obj=0.0% no_solution=100.0% collision=0.0% spectrum=55.0% action_range=[0.002,0.998] solver_status=optimal:0.0%,infeasible:95.0%,unknown:5.0%,error:0.0%,other:0.0% norm_count=22720
2026-09-29 12:31:31 | [QUEUE] | iter=284 | 队列 | sample_queue=0/4 | weight_queues_pending=4/4
2026-09-29 12:31:40 | [UPDATE] | [learner] iter=285 transitions=40 completion=0.00% reward=-1.650 | cost=2.405s | lr_actor=2.915e-04 lr_critic=2.915e-04 | wv=281 stale=4 ck=ok| obj=inf completion=0.00% finite_obj=0.0% no_solution=100.0% collision=0.0% spectrum=52.5% action_range=[0.004,0.993] solver_status=optimal:0.0%,infeasible:92.5%,unknown:7.5%,error:0.0%,other:0.0% norm_count=22800
2026-09-29 12:31:40 | [QUEUE] | iter=285 | 队列 | sample_queue=0/4 | weight_queues_pending=4/4
2026-09-29 12:31:43 | [UPDATE] | [learner] iter=286 transitions=40 completion=0.00% reward=-1.426 | cost=2.364s | lr_actor=2.915e-04 lr_critic=2.915e-04 | wv=280 stale=6 ck=ok| obj=inf completion=0.00% finite_obj=2.5% no_solution=97.5% collision=0.0% spectrum=47.5% action_range=[0.002,0.998] solver_status=optimal:2.5%,infeasible:90.0%,unknown:7.5%,error:0.0%,other:0.0% norm_count=22880
2026-09-29 12:31:43 | [QUEUE] | iter=286 | 队列 | sample_queue=0/4 | weight_queues_pending=4/4
2026-09-29 12:31:49 | [UPDATE] | [learner] iter=287 transitions=40 completion=0.00% reward=-1.650 | cost=1.999s | lr_actor=2.914e-04 lr_critic=2.914e-04 | wv=282 stale=5 ck=ok| obj=inf completion=0.00% finite_obj=0.0% no_solution=100.0% collision=0.0% spectrum=55.0% action_range=[0.003,0.995] solver_status=optimal:0.0%,infeasible:87.5%,unknown:12.5%,error:0.0%,other:0.0% norm_count=22960
2026-09-29 12:31:49 | [QUEUE] | iter=287 | 队列 | sample_queue=0/4 | weight_queues_pending=4/4
2026-09-29 12:31:54 | [UPDATE] | [learner] iter=288 transitions=40 completion=0.00% reward=-1.925 | cost=2.109s | lr_actor=2.914e-04 lr_critic=2.914e-04 | wv=283 stale=5 ck=ok| obj=inf completion=0.00% finite_obj=0.0% no_solution=100.0% collision=0.0% spectrum=70.0% action_range=[0.001,0.998] solver_status=optimal:0.0%,infeasible:92.5%,unknown:7.5%,error:0.0%,other:0.0% norm_count=23040
2026-09-29 12:31:54 | [QUEUE] | iter=288 | 队列 | sample_queue=0/4 | weight_queues_pending=4/4
2026-09-29 12:32:04 | [UPDATE] | [learner] iter=289 transitions=40 completion=0.00% reward=-1.900 | cost=2.359s | lr_actor=2.914e-04 lr_critic=2.914e-04 | wv=284 stale=5 ck=ok| obj=inf completion=0.00% finite_obj=0.0% no_solution=100.0% collision=0.0% spectrum=75.0% action_range=[0.003,0.997] solver_status=optimal:0.0%,infeasible:92.5%,unknown:7.5%,error:0.0%,other:0.0% norm_count=23120
2026-09-29 12:32:04 | [QUEUE] | iter=289 | 队列 | sample_queue=0/4 | weight_queues_pending=4/4
2026-09-29 12:32:10 | [UPDATE] | [learner] iter=290 transitions=40 completion=0.00% reward=-1.500 | cost=2.290s | lr_actor=2.913e-04 lr_critic=2.913e-04 | wv=285 stale=5 ck=ok| obj=inf completion=0.00% finite_obj=0.0% no_solution=100.0% collision=0.0% spectrum=45.0% action_range=[0.005,0.997] solver_status=optimal:0.0%,infeasible:95.0%,unknown:5.0%,error:0.0%,other:0.0% norm_count=23200
2026-09-29 12:32:10 | [QUEUE] | iter=290 | 队列 | sample_queue=0/4 | weight_queues_pending=4/4
2026-09-29 12:32:14 | [UPDATE] | [learner] iter=291 transitions=40 completion=0.00% reward=-1.550 | cost=2.252s | lr_actor=2.913e-04 lr_critic=2.913e-04 | wv=286 stale=5 ck=ok| obj=inf completion=0.00% finite_obj=0.0% no_solution=100.0% collision=0.0% spectrum=52.5% action_range=[0.002,0.997] solver_status=optimal:0.0%,infeasible:97.5%,unknown:2.5%,error:0.0%,other:0.0% norm_count=23280
2026-09-29 12:32:14 | [QUEUE] | iter=291 | 队列 | sample_queue=1/4 | weight_queues_pending=4/4
2026-09-29 12:32:16 | [UPDATE] | [learner] iter=292 transitions=40 completion=0.00% reward=-1.500 | cost=2.150s | lr_actor=2.913e-04 lr_critic=2.913e-04 | wv=287 stale=5 ck=ok| obj=inf completion=0.00% finite_obj=0.0% no_solution=100.0% collision=0.0% spectrum=42.5% action_range=[0.005,0.999] solver_status=optimal:0.0%,infeasible:92.5%,unknown:7.5%,error:0.0%,other:0.0% norm_count=23360
2026-09-29 12:32:16 | [QUEUE] | iter=292 | 队列 | sample_queue=0/4 | weight_queues_pending=4/4
2026-09-29 12:32:30 | [UPDATE] | [learner] iter=293 transitions=40 completion=0.00% reward=-1.625 | cost=2.804s | lr_actor=2.912e-04 lr_critic=2.912e-04 | wv=288 stale=5 ck=ok| obj=inf completion=0.00% finite_obj=0.0% no_solution=100.0% collision=0.0% spectrum=47.5% action_range=[0.006,0.999] solver_status=optimal:0.0%,infeasible:92.5%,unknown:7.5%,error:0.0%,other:0.0% norm_count=23440
2026-09-29 12:32:30 | [QUEUE] | iter=293 | 队列 | sample_queue=0/4 | weight_queues_pending=4/4
2026-09-29 12:32:34 | [UPDATE] | [learner] iter=294 transitions=40 completion=0.00% reward=-1.500 | cost=1.933s | lr_actor=2.912e-04 lr_critic=2.912e-04 | wv=289 stale=5 ck=ok| obj=inf completion=0.00% finite_obj=0.0% no_solution=100.0% collision=0.0% spectrum=45.0% action_range=[0.002,0.997] solver_status=optimal:0.0%,infeasible:90.0%,unknown:10.0%,error:0.0%,other:0.0% norm_count=23520
2026-09-29 12:32:34 | [QUEUE] | iter=294 | 队列 | sample_queue=0/4 | weight_queues_pending=4/4
2026-09-29 12:32:39 | [UPDATE] | [learner] iter=295 transitions=40 completion=0.00% reward=-1.550 | cost=2.140s | lr_actor=2.912e-04 lr_critic=2.912e-04 | wv=290 stale=5 ck=ok| obj=inf completion=0.00% finite_obj=0.0% no_solution=100.0% collision=0.0% spectrum=50.0% action_range=[0.009,0.999] solver_status=optimal:0.0%,infeasible:90.0%,unknown:10.0%,error:0.0%,other:0.0% norm_count=23600
2026-09-29 12:32:39 | [QUEUE] | iter=295 | 队列 | sample_queue=1/4 | weight_queues_pending=4/4
2026-09-29 12:32:41 | [UPDATE] | [learner] iter=296 transitions=40 completion=0.00% reward=-1.525 | cost=2.092s | lr_actor=2.912e-04 lr_critic=2.912e-04 | wv=290 stale=6 ck=ok| obj=inf completion=0.00% finite_obj=0.0% no_solution=100.0% collision=0.0% spectrum=50.0% action_range=[0.004,0.994] solver_status=optimal:0.0%,infeasible:95.0%,unknown:5.0%,error:0.0%,other:0.0% norm_count=23680
2026-09-29 12:32:41 | [QUEUE] | iter=296 | 队列 | sample_queue=0/4 | weight_queues_pending=4/4
2026-09-29 12:32:51 | [UPDATE] | [learner] iter=297 transitions=40 completion=2.50% reward=-1.528 | cost=2.139s | lr_actor=2.911e-04 lr_critic=2.911e-04 | wv=292 stale=5 ck=ok| obj=inf completion=2.50% finite_obj=2.5% no_solution=97.5% collision=0.0% spectrum=55.0% action_range=[0.005,0.996] solver_status=optimal:2.5%,infeasible:90.0%,unknown:7.5%,error:0.0%,other:0.0% norm_count=23760
2026-09-29 12:32:51 | [QUEUE] | iter=297 | 队列 | sample_queue=0/4 | weight_queues_pending=4/4
2026-09-29 12:33:02 | [UPDATE] | [learner] iter=298 transitions=40 completion=0.00% reward=-1.450 | cost=2.273s | lr_actor=2.911e-04 lr_critic=2.911e-04 | wv=294 stale=4 ck=ok| obj=inf completion=0.00% finite_obj=0.0% no_solution=100.0% collision=0.0% spectrum=42.5% action_range=[0.008,0.996] solver_status=optimal:0.0%,infeasible:95.0%,unknown:5.0%,error:0.0%,other:0.0% norm_count=23840
2026-09-29 12:33:02 | [QUEUE] | iter=298 | 队列 | sample_queue=0/4 | weight_queues_pending=4/4
2026-09-29 12:33:04 | [UPDATE] | [learner] iter=299 transitions=40 completion=0.00% reward=-1.625 | cost=2.178s | lr_actor=2.911e-04 lr_critic=2.911e-04 | wv=293 stale=6 ck=ok| obj=inf completion=0.00% finite_obj=0.0% no_solution=100.0% collision=0.0% spectrum=57.5% action_range=[0.000,0.997] solver_status=optimal:0.0%,infeasible:95.0%,unknown:5.0%,error:0.0%,other:0.0% norm_count=23920
2026-09-29 12:33:04 | [QUEUE] | iter=299 | 队列 | sample_queue=1/4 | weight_queues_pending=4/4
2026-09-29 12:33:07 | [UPDATE] | [learner] iter=300 transitions=40 completion=0.00% reward=-1.502 | cost=2.341s | lr_actor=2.910e-04 lr_critic=2.910e-04 | wv=294 stale=6 ck=ok| obj=inf completion=0.00% finite_obj=2.5% no_solution=97.5% collision=0.0% spectrum=47.5% action_range=[0.005,1.000] solver_status=optimal:2.5%,infeasible:90.0%,unknown:7.5%,error:0.0%,other:0.0% norm_count=24000
2026-09-29 12:33:07 | [QUEUE] | iter=300 | 队列 | sample_queue=0/4 | weight_queues_pending=4/4
2026-09-29 12:33:16 | [UPDATE] | [learner] iter=301 transitions=40 completion=0.00% reward=-1.575 | cost=2.535s | lr_actor=2.910e-04 lr_critic=2.910e-04 | wv=296 stale=5 ck=ok| obj=inf completion=0.00% finite_obj=0.0% no_solution=100.0% collision=0.0% spectrum=52.5% action_range=[0.002,0.997] solver_status=optimal:0.0%,infeasible:90.0%,unknown:10.0%,error:0.0%,other:0.0% norm_count=24080
2026-09-29 12:33:16 | [QUEUE] | iter=301 | 队列 | sample_queue=0/4 | weight_queues_pending=4/4
2026-09-29 12:33:24 | [UPDATE] | [learner] iter=302 transitions=40 completion=0.00% reward=-1.550 | cost=1.766s | lr_actor=2.910e-04 lr_critic=2.910e-04 | wv=297 stale=5 ck=ok| obj=inf completion=0.00% finite_obj=0.0% no_solution=100.0% collision=0.0% spectrum=45.0% action_range=[0.003,0.997] solver_status=optimal:0.0%,infeasible:92.5%,unknown:7.5%,error:0.0%,other:0.0% norm_count=24160
2026-09-29 12:33:24 | [QUEUE] | iter=302 | 队列 | sample_queue=0/4 | weight_queues_pending=4/4
2026-09-29 12:33:27 | [UPDATE] | [learner] iter=303 transitions=40 completion=0.00% reward=-1.525 | cost=2.326s | lr_actor=2.909e-04 lr_critic=2.909e-04 | wv=298 stale=5 ck=ok| obj=inf completion=0.00% finite_obj=0.0% no_solution=100.0% collision=0.0% spectrum=47.5% action_range=[0.002,0.999] solver_status=optimal:0.0%,infeasible:95.0%,unknown:5.0%,error:0.0%,other:0.0% norm_count=24240
2026-09-29 12:33:27 | [QUEUE] | iter=303 | 队列 | sample_queue=1/4 | weight_queues_pending=4/4
2026-09-29 12:33:30 | [UPDATE] | [learner] iter=304 transitions=40 completion=0.00% reward=-1.625 | cost=2.357s | lr_actor=2.909e-04 lr_critic=2.909e-04 | wv=298 stale=6 ck=ok| obj=inf completion=0.00% finite_obj=0.0% no_solution=100.0% collision=0.0% spectrum=60.0% action_range=[0.003,0.999] solver_status=optimal:0.0%,infeasible:87.5%,unknown:12.5%,error:0.0%,other:0.0% norm_count=24320
2026-09-29 12:33:30 | [QUEUE] | iter=304 | 队列 | sample_queue=0/4 | weight_queues_pending=4/4
2026-09-29 12:33:39 | [UPDATE] | [learner] iter=305 transitions=40 completion=0.00% reward=-1.575 | cost=2.534s | lr_actor=2.909e-04 lr_critic=2.909e-04 | wv=300 stale=5 ck=ok| obj=inf completion=0.00% finite_obj=0.0% no_solution=100.0% collision=0.0% spectrum=50.0% action_range=[0.003,0.997] solver_status=optimal:0.0%,infeasible:95.0%,unknown:5.0%,error:0.0%,other:0.0% norm_count=24400
2026-09-29 12:33:39 | [QUEUE] | iter=305 | 队列 | sample_queue=0/4 | weight_queues_pending=4/4
2026-09-29 12:33:48 | [UPDATE] | [learner] iter=306 transitions=40 completion=2.50% reward=-1.453 | cost=2.388s | lr_actor=2.908e-04 lr_critic=2.908e-04 | wv=302 stale=4 ck=ok| obj=inf completion=2.50% finite_obj=2.5% no_solution=97.5% collision=0.0% spectrum=50.0% action_range=[0.001,0.995] solver_status=optimal:2.5%,infeasible:85.0%,unknown:12.5%,error:0.0%,other:0.0% norm_count=24480
2026-09-29 12:33:48 | [QUEUE] | iter=306 | 队列 | sample_queue=1/4 | weight_queues_pending=4/4
2026-09-29 12:33:51 | [UPDATE] | [learner] iter=307 transitions=40 completion=0.00% reward=-1.425 | cost=2.043s | lr_actor=2.908e-04 lr_critic=2.908e-04 | wv=301 stale=6 ck=ok| obj=inf completion=0.00% finite_obj=0.0% no_solution=100.0% collision=0.0% spectrum=42.5% action_range=[0.002,0.997] solver_status=optimal:0.0%,infeasible:90.0%,unknown:10.0%,error:0.0%,other:0.0% norm_count=24560
2026-09-29 12:33:51 | [QUEUE] | iter=307 | 队列 | sample_queue=0/4 | weight_queues_pending=4/4
2026-09-29 12:33:59 | [UPDATE] | [learner] iter=308 transitions=40 completion=2.50% reward=-1.501 | cost=2.190s | lr_actor=2.908e-04 lr_critic=2.908e-04 | wv=302 stale=6 ck=ok| obj=inf completion=2.50% finite_obj=2.5% no_solution=97.5% collision=0.0% spectrum=50.0% action_range=[0.000,0.999] solver_status=optimal:2.5%,infeasible:90.0%,unknown:7.5%,error:0.0%,other:0.0% norm_count=24640
2026-09-29 12:33:59 | [QUEUE] | iter=308 | 队列 | sample_queue=0/4 | weight_queues_pending=4/4
2026-09-29 12:34:04 | [UPDATE] | [learner] iter=309 transitions=40 completion=2.50% reward=-1.478 | cost=2.501s | lr_actor=2.908e-04 lr_critic=2.908e-04 | wv=304 stale=5 ck=ok| obj=inf completion=2.50% finite_obj=2.5% no_solution=97.5% collision=0.0% spectrum=47.5% action_range=[0.002,0.994] solver_status=optimal:2.5%,infeasible:92.5%,unknown:5.0%,error:0.0%,other:0.0% norm_count=24720
2026-09-29 12:34:04 | [QUEUE] | iter=309 | 队列 | sample_queue=0/4 | weight_queues_pending=4/4
2026-09-29 12:34:10 | [UPDATE] | [learner] iter=310 transitions=40 completion=0.00% reward=-1.500 | cost=2.322s | lr_actor=2.907e-04 lr_critic=2.907e-04 | wv=305 stale=5 ck=ok| obj=inf completion=0.00% finite_obj=0.0% no_solution=100.0% collision=0.0% spectrum=45.0% action_range=[0.003,0.997] solver_status=optimal:0.0%,infeasible:92.5%,unknown:7.5%,error:0.0%,other:0.0% norm_count=24800
2026-09-29 12:34:10 | [QUEUE] | iter=310 | 队列 | sample_queue=1/4 | weight_queues_pending=4/4
2026-09-29 12:34:13 | [UPDATE] | [learner] iter=311 transitions=40 completion=0.00% reward=-1.550 | cost=2.340s | lr_actor=2.907e-04 lr_critic=2.907e-04 | wv=305 stale=6 ck=ok| obj=inf completion=0.00% finite_obj=0.0% no_solution=100.0% collision=0.0% spectrum=50.0% action_range=[0.000,0.996] solver_status=optimal:0.0%,infeasible:95.0%,unknown:5.0%,error:0.0%,other:0.0% norm_count=24880
2026-09-29 12:34:13 | [QUEUE] | iter=311 | 队列 | sample_queue=0/4 | weight_queues_pending=4/4
2026-09-29 12:34:24 | [UPDATE] | [learner] iter=312 transitions=40 completion=0.00% reward=-1.400 | cost=2.175s | lr_actor=2.907e-04 lr_critic=2.907e-04 | wv=308 stale=4 ck=ok| obj=inf completion=0.00% finite_obj=0.0% no_solution=100.0% collision=0.0% spectrum=37.5% action_range=[0.007,0.996] solver_status=optimal:0.0%,infeasible:87.5%,unknown:12.5%,error:0.0%,other:0.0% norm_count=24960
2026-09-29 12:34:24 | [QUEUE] | iter=312 | 队列 | sample_queue=1/4 | weight_queues_pending=4/4
2026-09-29 12:34:27 | [UPDATE] | [learner] iter=313 transitions=40 completion=0.00% reward=-1.425 | cost=2.186s | lr_actor=2.906e-04 lr_critic=2.906e-04 | wv=307 stale=6 ck=ok| obj=inf completion=0.00% finite_obj=0.0% no_solution=100.0% collision=0.0% spectrum=37.5% action_range=[0.002,0.998] solver_status=optimal:0.0%,infeasible:95.0%,unknown:5.0%,error:0.0%,other:0.0% norm_count=25040
2026-09-29 12:34:27 | [QUEUE] | iter=313 | 队列 | sample_queue=0/4 | weight_queues_pending=4/4
2026-09-29 12:34:36 | [UPDATE] | [learner] iter=314 transitions=40 completion=0.00% reward=-1.675 | cost=2.184s | lr_actor=2.906e-04 lr_critic=2.906e-04 | wv=309 stale=5 ck=ok| obj=inf completion=0.00% finite_obj=0.0% no_solution=100.0% collision=0.0% spectrum=57.5% action_range=[0.002,0.998] solver_status=optimal:0.0%,infeasible:87.5%,unknown:12.5%,error:0.0%,other:0.0% norm_count=25120
2026-09-29 12:34:36 | [QUEUE] | iter=314 | 队列 | sample_queue=0/4 | weight_queues_pending=4/4
2026-09-29 12:34:38 | [UPDATE] | [learner] iter=315 transitions=40 completion=0.00% reward=-1.400 | cost=2.266s | lr_actor=2.906e-04 lr_critic=2.906e-04 | wv=309 stale=6 ck=ok| obj=inf completion=0.00% finite_obj=0.0% no_solution=100.0% collision=0.0% spectrum=37.5% action_range=[0.004,0.999] solver_status=optimal:0.0%,infeasible:95.0%,unknown:5.0%,error:0.0%,other:0.0% norm_count=25200
2026-09-29 12:34:38 | [QUEUE] | iter=315 | 队列 | sample_queue=0/4 | weight_queues_pending=4/4
2026-09-29 12:34:46 | [UPDATE] | [learner] iter=316 transitions=40 completion=0.00% reward=-1.500 | cost=1.906s | lr_actor=2.905e-04 lr_critic=2.905e-04 | wv=311 stale=5 ck=ok| obj=inf completion=0.00% finite_obj=0.0% no_solution=100.0% collision=0.0% spectrum=47.5% action_range=[0.004,0.996] solver_status=optimal:0.0%,infeasible:97.5%,unknown:2.5%,error:0.0%,other:0.0% norm_count=25280
2026-09-29 12:34:46 | [QUEUE] | iter=316 | 队列 | sample_queue=0/4 | weight_queues_pending=4/4
2026-09-29 12:34:56 | [UPDATE] | [learner] iter=317 transitions=40 completion=0.00% reward=-1.700 | cost=2.323s | lr_actor=2.905e-04 lr_critic=2.905e-04 | wv=311 stale=6 ck=ok| obj=inf completion=0.00% finite_obj=0.0% no_solution=100.0% collision=0.0% spectrum=62.5% action_range=[0.004,0.998] solver_status=optimal:0.0%,infeasible:97.5%,unknown:2.5%,error:0.0%,other:0.0% norm_count=25360
2026-09-29 12:34:56 | [QUEUE] | iter=317 | 队列 | sample_queue=0/4 | weight_queues_pending=4/4
2026-09-29 12:35:01 | [UPDATE] | [learner] iter=318 transitions=40 completion=0.00% reward=-1.351 | cost=2.052s | lr_actor=2.905e-04 lr_critic=2.905e-04 | wv=313 stale=5 ck=ok| obj=inf completion=0.00% finite_obj=2.5% no_solution=97.5% collision=0.0% spectrum=37.5% action_range=[0.002,0.995] solver_status=optimal:2.5%,infeasible:90.0%,unknown:7.5%,error:0.0%,other:0.0% norm_count=25440
2026-09-29 12:35:01 | [QUEUE] | iter=318 | 队列 | sample_queue=0/4 | weight_queues_pending=4/4
2026-09-29 12:35:04 | [UPDATE] | [learner] iter=319 transitions=40 completion=0.00% reward=-1.550 | cost=2.329s | lr_actor=2.905e-04 lr_critic=2.905e-04 | wv=314 stale=5 ck=ok| obj=inf completion=0.00% finite_obj=0.0% no_solution=100.0% collision=0.0% spectrum=47.5% action_range=[0.001,0.999] solver_status=optimal:0.0%,infeasible:95.0%,unknown:5.0%,error:0.0%,other:0.0% norm_count=25520
2026-09-29 12:35:04 | [QUEUE] | iter=319 | 队列 | sample_queue=0/4 | weight_queues_pending=4/4
2026-09-29 12:35:09 | [UPDATE] | [learner] iter=320 transitions=40 completion=0.00% reward=-1.425 | cost=2.063s | lr_actor=2.904e-04 lr_critic=2.904e-04 | wv=315 stale=5 ck=ok| obj=inf completion=0.00% finite_obj=0.0% no_solution=100.0% collision=0.0% spectrum=37.5% action_range=[0.005,0.992] solver_status=optimal:0.0%,infeasible:87.5%,unknown:12.5%,error:0.0%,other:0.0% norm_count=25600
2026-09-29 12:35:09 | [QUEUE] | iter=320 | 队列 | sample_queue=0/4 | weight_queues_pending=4/4
2026-09-29 12:35:24 | [UPDATE] | [learner] iter=321 transitions=40 completion=0.00% reward=-1.402 | cost=2.078s | lr_actor=2.904e-04 lr_critic=2.904e-04 | wv=316 stale=5 ck=ok| obj=inf completion=0.00% finite_obj=2.5% no_solution=97.5% collision=0.0% spectrum=37.5% action_range=[0.008,0.995] solver_status=optimal:2.5%,infeasible:87.5%,unknown:10.0%,error:0.0%,other:0.0% norm_count=25680
2026-09-29 12:35:24 | [QUEUE] | iter=321 | 队列 | sample_queue=2/4 | weight_queues_pending=4/4
2026-09-29 12:35:27 | [UPDATE] | [learner] iter=322 transitions=40 completion=0.00% reward=-1.375 | cost=2.309s | lr_actor=2.904e-04 lr_critic=2.904e-04 | wv=318 stale=4 ck=ok| obj=inf completion=0.00% finite_obj=0.0% no_solution=100.0% collision=0.0% spectrum=35.0% action_range=[0.004,1.000] solver_status=optimal:0.0%,infeasible:95.0%,unknown:5.0%,error:0.0%,other:0.0% norm_count=25760
2026-09-29 12:35:27 | [QUEUE] | iter=322 | 队列 | sample_queue=1/4 | weight_queues_pending=4/4
2026-09-29 12:35:29 | [UPDATE] | [learner] iter=323 transitions=40 completion=0.00% reward=-1.525 | cost=2.433s | lr_actor=2.903e-04 lr_critic=2.903e-04 | wv=317 stale=6 ck=ok| obj=inf completion=0.00% finite_obj=0.0% no_solution=100.0% collision=0.0% spectrum=45.0% action_range=[0.004,0.997] solver_status=optimal:0.0%,infeasible:90.0%,unknown:10.0%,error:0.0%,other:0.0% norm_count=25840
2026-09-29 12:35:29 | [QUEUE] | iter=323 | 队列 | sample_queue=0/4 | weight_queues_pending=4/4
2026-09-29 12:35:37 | [UPDATE] | [learner] iter=324 transitions=40 completion=0.00% reward=-1.475 | cost=2.195s | lr_actor=2.903e-04 lr_critic=2.903e-04 | wv=319 stale=5 ck=ok| obj=inf completion=0.00% finite_obj=0.0% no_solution=100.0% collision=0.0% spectrum=45.0% action_range=[0.005,0.998] solver_status=optimal:0.0%,infeasible:90.0%,unknown:10.0%,error:0.0%,other:0.0% norm_count=25920
2026-09-29 12:35:37 | [QUEUE] | iter=324 | 队列 | sample_queue=0/4 | weight_queues_pending=4/4
2026-09-29 12:35:48 | [UPDATE] | [learner] iter=325 transitions=40 completion=0.00% reward=-1.500 | cost=2.320s | lr_actor=2.903e-04 lr_critic=2.903e-04 | wv=320 stale=5 ck=ok| obj=inf completion=0.00% finite_obj=0.0% no_solution=100.0% collision=0.0% spectrum=42.5% action_range=[0.002,0.998] solver_status=optimal:0.0%,infeasible:92.5%,unknown:7.5%,error:0.0%,other:0.0% norm_count=26000
2026-09-29 12:35:48 | [QUEUE] | iter=325 | 队列 | sample_queue=0/4 | weight_queues_pending=4/4
2026-09-29 12:35:51 | [UPDATE] | [learner] iter=326 transitions=40 completion=0.00% reward=-1.475 | cost=2.372s | lr_actor=2.902e-04 lr_critic=2.902e-04 | wv=320 stale=6 ck=ok| obj=inf completion=0.00% finite_obj=0.0% no_solution=100.0% collision=0.0% spectrum=42.5% action_range=[0.000,0.992] solver_status=optimal:0.0%,infeasible:92.5%,unknown:7.5%,error:0.0%,other:0.0% norm_count=26080
2026-09-29 12:35:51 | [QUEUE] | iter=326 | 队列 | sample_queue=0/4 | weight_queues_pending=4/4
2026-09-29 12:35:54 | [UPDATE] | [learner] iter=327 transitions=40 completion=0.00% reward=-1.625 | cost=2.266s | lr_actor=2.902e-04 lr_critic=2.902e-04 | wv=320 stale=7 ck=ok| obj=inf completion=0.00% finite_obj=0.0% no_solution=100.0% collision=0.0% spectrum=57.5% action_range=[0.003,0.997] solver_status=optimal:0.0%,infeasible:87.5%,unknown:12.5%,error:0.0%,other:0.0% norm_count=26160
2026-09-29 12:35:54 | [QUEUE] | iter=327 | 队列 | sample_queue=0/4 | weight_queues_pending=4/4
2026-09-29 12:35:59 | [UPDATE] | [learner] iter=328 transitions=40 completion=0.00% reward=-1.678 | cost=2.231s | lr_actor=2.902e-04 lr_critic=2.902e-04 | wv=323 stale=5 ck=ok| obj=inf completion=0.00% finite_obj=2.5% no_solution=97.5% collision=0.0% spectrum=62.5% action_range=[0.003,0.997] solver_status=optimal:2.5%,infeasible:92.5%,unknown:5.0%,error:0.0%,other:0.0% norm_count=26240
2026-09-29 12:35:59 | [QUEUE] | iter=328 | 队列 | sample_queue=0/4 | weight_queues_pending=4/4
2026-09-29 12:36:12 | [UPDATE] | [learner] iter=329 transitions=40 completion=0.00% reward=-1.502 | cost=2.225s | lr_actor=2.902e-04 lr_critic=2.902e-04 | wv=324 stale=5 ck=ok| obj=inf completion=0.00% finite_obj=2.5% no_solution=97.5% collision=0.0% spectrum=47.5% action_range=[0.002,0.999] solver_status=optimal:2.5%,infeasible:82.5%,unknown:15.0%,error:0.0%,other:0.0% norm_count=26320
2026-09-29 12:36:12 | [QUEUE] | iter=329 | 队列 | sample_queue=0/4 | weight_queues_pending=4/4
2026-09-29 12:36:16 | [UPDATE] | [learner] iter=330 transitions=40 completion=0.00% reward=-1.625 | cost=2.542s | lr_actor=2.901e-04 lr_critic=2.901e-04 | wv=325 stale=5 ck=ok| obj=inf completion=0.00% finite_obj=0.0% no_solution=100.0% collision=0.0% spectrum=55.0% action_range=[0.002,0.999] solver_status=optimal:0.0%,infeasible:92.5%,unknown:7.5%,error:0.0%,other:0.0% norm_count=26400
2026-09-29 12:36:16 | [QUEUE] | iter=330 | 队列 | sample_queue=0/4 | weight_queues_pending=4/4
2026-09-29 12:36:22 | [UPDATE] | [learner] iter=331 transitions=40 completion=2.50% reward=-1.553 | cost=2.297s | lr_actor=2.901e-04 lr_critic=2.901e-04 | wv=326 stale=5 ck=ok| obj=inf completion=2.50% finite_obj=2.5% no_solution=97.5% collision=0.0% spectrum=45.0% action_range=[0.001,0.999] solver_status=optimal:2.5%,infeasible:95.0%,unknown:2.5%,error:0.0%,other:0.0% norm_count=26480
2026-09-29 12:36:22 | [QUEUE] | iter=331 | 队列 | sample_queue=0/4 | weight_queues_pending=4/4
2026-09-29 12:36:25 | [UPDATE] | [learner] iter=332 transitions=40 completion=0.00% reward=-1.500 | cost=2.269s | lr_actor=2.901e-04 lr_critic=2.901e-04 | wv=327 stale=5 ck=ok| obj=inf completion=0.00% finite_obj=0.0% no_solution=100.0% collision=0.0% spectrum=47.5% action_range=[0.007,0.999] solver_status=optimal:0.0%,infeasible:95.0%,unknown:5.0%,error:0.0%,other:0.0% norm_count=26560
2026-09-29 12:36:25 | [QUEUE] | iter=332 | 队列 | sample_queue=0/4 | weight_queues_pending=4/4
2026-09-29 12:36:36 | [UPDATE] | [learner] iter=333 transitions=40 completion=0.00% reward=-1.525 | cost=2.235s | lr_actor=2.900e-04 lr_critic=2.900e-04 | wv=328 stale=5 ck=ok| obj=inf completion=0.00% finite_obj=0.0% no_solution=100.0% collision=0.0% spectrum=50.0% action_range=[0.000,0.997] solver_status=optimal:0.0%,infeasible:92.5%,unknown:7.5%,error:0.0%,other:0.0% norm_count=26640
2026-09-29 12:36:36 | [QUEUE] | iter=333 | 队列 | sample_queue=0/4 | weight_queues_pending=4/4
2026-09-29 12:36:43 | [UPDATE] | [learner] iter=334 transitions=40 completion=2.50% reward=-1.476 | cost=2.335s | lr_actor=2.900e-04 lr_critic=2.900e-04 | wv=329 stale=5 ck=ok| obj=inf completion=2.50% finite_obj=2.5% no_solution=97.5% collision=0.0% spectrum=45.0% action_range=[0.003,0.992] solver_status=optimal:2.5%,infeasible:87.5%,unknown:10.0%,error:0.0%,other:0.0% norm_count=26720
2026-09-29 12:36:43 | [QUEUE] | iter=334 | 队列 | sample_queue=0/4 | weight_queues_pending=4/4
2026-09-29 12:36:49 | [UPDATE] | [learner] iter=335 transitions=40 completion=0.00% reward=-1.600 | cost=2.358s | lr_actor=2.900e-04 lr_critic=2.900e-04 | wv=330 stale=5 ck=ok| obj=inf completion=0.00% finite_obj=0.0% no_solution=100.0% collision=0.0% spectrum=50.0% action_range=[0.005,0.997] solver_status=optimal:0.0%,infeasible:82.5%,unknown:17.5%,error:0.0%,other:0.0% norm_count=26800
2026-09-29 12:36:49 | [QUEUE] | iter=335 | 队列 | sample_queue=1/4 | weight_queues_pending=4/4
2026-09-29 12:36:51 | [UPDATE] | [learner] iter=336 transitions=40 completion=0.00% reward=-1.525 | cost=2.407s | lr_actor=2.899e-04 lr_critic=2.899e-04 | wv=331 stale=5 ck=ok| obj=inf completion=0.00% finite_obj=0.0% no_solution=100.0% collision=0.0% spectrum=47.5% action_range=[0.004,0.999] solver_status=optimal:0.0%,infeasible:95.0%,unknown:5.0%,error:0.0%,other:0.0% norm_count=26880
2026-09-29 12:36:51 | [QUEUE] | iter=336 | 队列 | sample_queue=0/4 | weight_queues_pending=4/4
2026-09-29 12:37:00 | [UPDATE] | [learner] iter=337 transitions=40 completion=0.00% reward=-1.475 | cost=2.197s | lr_actor=2.899e-04 lr_critic=2.899e-04 | wv=332 stale=5 ck=ok| obj=inf completion=0.00% finite_obj=0.0% no_solution=100.0% collision=0.0% spectrum=45.0% action_range=[0.003,1.000] solver_status=optimal:0.0%,infeasible:85.0%,unknown:15.0%,error:0.0%,other:0.0% norm_count=26960
2026-09-29 12:37:00 | [QUEUE] | iter=337 | 队列 | sample_queue=0/4 | weight_queues_pending=4/4
2026-09-29 12:37:06 | [UPDATE] | [learner] iter=338 transitions=40 completion=0.00% reward=-1.554 | cost=2.045s | lr_actor=2.899e-04 lr_critic=2.899e-04 | wv=333 stale=5 ck=ok| obj=inf completion=0.00% finite_obj=2.5% no_solution=97.5% collision=0.0% spectrum=55.0% action_range=[0.001,0.997] solver_status=optimal:2.5%,infeasible:90.0%,unknown:7.5%,error:0.0%,other:0.0% norm_count=27040
2026-09-29 12:37:06 | [QUEUE] | iter=338 | 队列 | sample_queue=0/4 | weight_queues_pending=4/4
2026-09-29 12:37:15 | [UPDATE] | [learner] iter=339 transitions=40 completion=0.00% reward=-1.475 | cost=2.241s | lr_actor=2.899e-04 lr_critic=2.899e-04 | wv=334 stale=5 ck=ok| obj=inf completion=0.00% finite_obj=0.0% no_solution=100.0% collision=0.0% spectrum=45.0% action_range=[0.002,0.998] solver_status=optimal:0.0%,infeasible:95.0%,unknown:5.0%,error:0.0%,other:0.0% norm_count=27120
2026-09-29 12:37:15 | [QUEUE] | iter=339 | 队列 | sample_queue=1/4 | weight_queues_pending=4/4
2026-09-29 12:37:17 | [UPDATE] | [learner] iter=340 transitions=40 completion=0.00% reward=-1.500 | cost=2.465s | lr_actor=2.898e-04 lr_critic=2.898e-04 | wv=334 stale=6 ck=ok| obj=inf completion=0.00% finite_obj=0.0% no_solution=100.0% collision=0.0% spectrum=45.0% action_range=[0.001,0.997] solver_status=optimal:0.0%,infeasible:90.0%,unknown:10.0%,error:0.0%,other:0.0% norm_count=27200
2026-09-29 12:37:17 | [QUEUE] | iter=340 | 队列 | sample_queue=0/4 | weight_queues_pending=4/4
2026-09-29 12:37:21 | [UPDATE] | [learner] iter=341 transitions=40 completion=2.50% reward=-1.402 | cost=2.064s | lr_actor=2.898e-04 lr_critic=2.898e-04 | wv=336 stale=5 ck=ok| obj=inf completion=2.50% finite_obj=2.5% no_solution=97.5% collision=0.0% spectrum=40.0% action_range=[0.000,0.998] solver_status=optimal:2.5%,infeasible:97.5%,unknown:0.0%,error:0.0%,other:0.0% norm_count=27280
2026-09-29 12:37:21 | [QUEUE] | iter=341 | 队列 | sample_queue=0/4 | weight_queues_pending=4/4
2026-09-29 12:37:28 | [UPDATE] | [learner] iter=342 transitions=40 completion=0.00% reward=-1.575 | cost=2.173s | lr_actor=2.898e-04 lr_critic=2.898e-04 | wv=337 stale=5 ck=ok| obj=inf completion=0.00% finite_obj=0.0% no_solution=100.0% collision=0.0% spectrum=52.5% action_range=[0.004,1.000] solver_status=optimal:0.0%,infeasible:87.5%,unknown:12.5%,error:0.0%,other:0.0% norm_count=27360
2026-09-29 12:37:28 | [QUEUE] | iter=342 | 队列 | sample_queue=0/4 | weight_queues_pending=4/4
2026-09-29 12:37:41 | [UPDATE] | [learner] iter=343 transitions=40 completion=0.00% reward=-1.650 | cost=2.565s | lr_actor=2.897e-04 lr_critic=2.897e-04 | wv=338 stale=5 ck=ok| obj=inf completion=0.00% finite_obj=0.0% no_solution=100.0% collision=0.0% spectrum=62.5% action_range=[0.002,0.998] solver_status=optimal:0.0%,infeasible:95.0%,unknown:5.0%,error:0.0%,other:0.0% norm_count=27440
2026-09-29 12:37:41 | [QUEUE] | iter=343 | 队列 | sample_queue=0/4 | weight_queues_pending=4/4
2026-09-29 12:37:45 | [UPDATE] | [learner] iter=344 transitions=40 completion=0.00% reward=-1.450 | cost=2.416s | lr_actor=2.897e-04 lr_critic=2.897e-04 | wv=340 stale=4 ck=ok| obj=inf completion=0.00% finite_obj=0.0% no_solution=100.0% collision=0.0% spectrum=42.5% action_range=[0.000,0.999] solver_status=optimal:0.0%,infeasible:92.5%,unknown:7.5%,error:0.0%,other:0.0% norm_count=27520
2026-09-29 12:37:45 | [QUEUE] | iter=344 | 队列 | sample_queue=1/4 | weight_queues_pending=4/4
2026-09-29 12:37:47 | [UPDATE] | [learner] iter=345 transitions=40 completion=0.00% reward=-1.500 | cost=2.119s | lr_actor=2.897e-04 lr_critic=2.897e-04 | wv=338 stale=7 ck=ok| obj=inf completion=0.00% finite_obj=0.0% no_solution=100.0% collision=0.0% spectrum=47.5% action_range=[0.002,0.997] solver_status=optimal:0.0%,infeasible:95.0%,unknown:5.0%,error:0.0%,other:0.0% norm_count=27600
2026-09-29 12:37:47 | [QUEUE] | iter=345 | 队列 | sample_queue=0/4 | weight_queues_pending=4/4
2026-09-29 12:37:50 | [UPDATE] | [learner] iter=346 transitions=40 completion=0.00% reward=-1.627 | cost=2.118s | lr_actor=2.896e-04 lr_critic=2.896e-04 | wv=341 stale=5 ck=ok| obj=inf completion=0.00% finite_obj=2.5% no_solution=97.5% collision=0.0% spectrum=57.5% action_range=[0.004,0.997] solver_status=optimal:2.5%,infeasible:92.5%,unknown:5.0%,error:0.0%,other:0.0% norm_count=27680
2026-09-29 12:37:50 | [QUEUE] | iter=346 | 队列 | sample_queue=0/4 | weight_queues_pending=4/4
2026-09-29 12:38:08 | [UPDATE] | [learner] iter=347 transitions=40 completion=2.50% reward=-1.528 | cost=2.332s | lr_actor=2.896e-04 lr_critic=2.896e-04 | wv=342 stale=5 ck=ok| obj=inf completion=2.50% finite_obj=2.5% no_solution=97.5% collision=0.0% spectrum=52.5% action_range=[0.002,0.999] solver_status=optimal:2.5%,infeasible:90.0%,unknown:7.5%,error:0.0%,other:0.0% norm_count=27760
2026-09-29 12:38:08 | [QUEUE] | iter=347 | 队列 | sample_queue=1/4 | weight_queues_pending=4/4
2026-09-29 12:38:11 | [UPDATE] | [learner] iter=348 transitions=40 completion=0.00% reward=-1.400 | cost=2.452s | lr_actor=2.896e-04 lr_critic=2.896e-04 | wv=343 stale=5 ck=ok| obj=inf completion=0.00% finite_obj=0.0% no_solution=100.0% collision=0.0% spectrum=37.5% action_range=[0.001,0.999] solver_status=optimal:0.0%,infeasible:95.0%,unknown:5.0%,error:0.0%,other:0.0% norm_count=27840
2026-09-29 12:38:11 | [QUEUE] | iter=348 | 队列 | sample_queue=1/4 | weight_queues_pending=4/4
2026-09-29 12:38:13 | [UPDATE] | [learner] iter=349 transitions=40 completion=5.00% reward=-1.531 | cost=2.324s | lr_actor=2.896e-04 lr_critic=2.896e-04 | wv=343 stale=6 ck=ok| obj=inf completion=5.00% finite_obj=5.0% no_solution=95.0% collision=0.0% spectrum=52.5% action_range=[0.001,0.997] solver_status=optimal:5.0%,infeasible:95.0%,unknown:0.0%,error:0.0%,other:0.0% norm_count=27920
2026-09-29 12:38:13 | [QUEUE] | iter=349 | 队列 | sample_queue=0/4 | weight_queues_pending=4/4
2026-09-29 12:38:16 | [UPDATE] | [learner] iter=350 transitions=40 completion=0.00% reward=-1.325 | cost=2.163s | lr_actor=2.895e-04 lr_critic=2.895e-04 | wv=345 stale=5 ck=ok| obj=inf completion=0.00% finite_obj=0.0% no_solution=100.0% collision=0.0% spectrum=30.0% action_range=[0.002,0.997] solver_status=optimal:0.0%,infeasible:90.0%,unknown:10.0%,error:0.0%,other:0.0% norm_count=28000
2026-09-29 12:38:16 | [QUEUE] | iter=350 | 队列 | sample_queue=0/4 | weight_queues_pending=4/4
2026-09-29 12:38:31 | [UPDATE] | [learner] iter=351 transitions=40 completion=0.00% reward=-1.525 | cost=2.129s | lr_actor=2.895e-04 lr_critic=2.895e-04 | wv=346 stale=5 ck=ok| obj=inf completion=0.00% finite_obj=0.0% no_solution=100.0% collision=0.0% spectrum=50.0% action_range=[0.003,0.999] solver_status=optimal:0.0%,infeasible:92.5%,unknown:7.5%,error:0.0%,other:0.0% norm_count=28080
2026-09-29 12:38:31 | [QUEUE] | iter=351 | 队列 | sample_queue=0/4 | weight_queues_pending=4/4
2026-09-29 12:38:36 | [UPDATE] | [learner] iter=352 transitions=40 completion=0.00% reward=-1.675 | cost=2.241s | lr_actor=2.895e-04 lr_critic=2.895e-04 | wv=347 stale=5 ck=ok| obj=inf completion=0.00% finite_obj=0.0% no_solution=100.0% collision=0.0% spectrum=55.0% action_range=[0.003,0.998] solver_status=optimal:0.0%,infeasible:95.0%,unknown:5.0%,error:0.0%,other:0.0% norm_count=28160
2026-09-29 12:38:36 | [QUEUE] | iter=352 | 队列 | sample_queue=0/4 | weight_queues_pending=4/4
2026-09-29 12:38:39 | [UPDATE] | [learner] iter=353 transitions=40 completion=0.00% reward=-1.750 | cost=2.307s | lr_actor=2.894e-04 lr_critic=2.894e-04 | wv=346 stale=7 ck=ok| obj=inf completion=0.00% finite_obj=0.0% no_solution=100.0% collision=0.0% spectrum=60.0% action_range=[0.002,0.999] solver_status=optimal:0.0%,infeasible:92.5%,unknown:7.5%,error:0.0%,other:0.0% norm_count=28240
2026-09-29 12:38:39 | [QUEUE] | iter=353 | 队列 | sample_queue=1/4 | weight_queues_pending=4/4
2026-09-29 12:38:41 | [UPDATE] | [learner] iter=354 transitions=40 completion=0.00% reward=-1.553 | cost=2.093s | lr_actor=2.894e-04 lr_critic=2.894e-04 | wv=349 stale=5 ck=ok| obj=inf completion=0.00% finite_obj=2.5% no_solution=97.5% collision=0.0% spectrum=52.5% action_range=[0.003,0.998] solver_status=optimal:2.5%,infeasible:92.5%,unknown:5.0%,error:0.0%,other:0.0% norm_count=28320
2026-09-29 12:38:41 | [QUEUE] | iter=354 | 队列 | sample_queue=0/4 | weight_queues_pending=4/4
2026-09-29 12:38:54 | [UPDATE] | [learner] iter=355 transitions=40 completion=2.50% reward=-1.528 | cost=2.098s | lr_actor=2.894e-04 lr_critic=2.894e-04 | wv=350 stale=5 ck=ok| obj=inf completion=2.50% finite_obj=2.5% no_solution=97.5% collision=0.0% spectrum=52.5% action_range=[0.011,0.999] solver_status=optimal:2.5%,infeasible:90.0%,unknown:7.5%,error:0.0%,other:0.0% norm_count=28400
2026-09-29 12:38:54 | [QUEUE] | iter=355 | 队列 | sample_queue=0/4 | weight_queues_pending=4/4
2026-09-29 12:39:00 | [UPDATE] | [learner] iter=356 transitions=40 completion=0.00% reward=-1.600 | cost=2.081s | lr_actor=2.893e-04 lr_critic=2.893e-04 | wv=351 stale=5 ck=ok| obj=inf completion=0.00% finite_obj=0.0% no_solution=100.0% collision=0.0% spectrum=52.5% action_range=[0.002,0.999] solver_status=optimal:0.0%,infeasible:97.5%,unknown:2.5%,error:0.0%,other:0.0% norm_count=28480
2026-09-29 12:39:00 | [QUEUE] | iter=356 | 队列 | sample_queue=0/4 | weight_queues_pending=4/4
2026-09-29 12:39:06 | [UPDATE] | [learner] iter=357 transitions=40 completion=0.00% reward=-1.575 | cost=2.468s | lr_actor=2.893e-04 lr_critic=2.893e-04 | wv=352 stale=5 ck=ok| obj=inf completion=0.00% finite_obj=0.0% no_solution=100.0% collision=0.0% spectrum=52.5% action_range=[0.004,0.997] solver_status=optimal:0.0%,infeasible:95.0%,unknown:5.0%,error:0.0%,other:0.0% norm_count=28560
2026-09-29 12:39:06 | [QUEUE] | iter=357 | 队列 | sample_queue=1/4 | weight_queues_pending=4/4
2026-09-29 12:39:08 | [UPDATE] | [learner] iter=358 transitions=40 completion=0.00% reward=-1.575 | cost=2.274s | lr_actor=2.893e-04 lr_critic=2.893e-04 | wv=352 stale=6 ck=ok| obj=inf completion=0.00% finite_obj=0.0% no_solution=100.0% collision=0.0% spectrum=50.0% action_range=[0.004,0.999] solver_status=optimal:0.0%,infeasible:97.5%,unknown:2.5%,error:0.0%,other:0.0% norm_count=28640
2026-09-29 12:39:08 | [QUEUE] | iter=358 | 队列 | sample_queue=0/4 | weight_queues_pending=4/4
2026-09-29 12:39:19 | [UPDATE] | [learner] iter=359 transitions=40 completion=0.00% reward=-1.550 | cost=2.167s | lr_actor=2.893e-04 lr_critic=2.893e-04 | wv=354 stale=5 ck=ok| obj=inf completion=0.00% finite_obj=0.0% no_solution=100.0% collision=0.0% spectrum=50.0% action_range=[0.008,0.998] solver_status=optimal:0.0%,infeasible:92.5%,unknown:7.5%,error:0.0%,other:0.0% norm_count=28720
2026-09-29 12:39:19 | [QUEUE] | iter=359 | 队列 | sample_queue=0/4 | weight_queues_pending=4/4
2026-09-29 12:39:23 | [UPDATE] | [learner] iter=360 transitions=40 completion=0.00% reward=-1.375 | cost=2.104s | lr_actor=2.892e-04 lr_critic=2.892e-04 | wv=355 stale=5 ck=ok| obj=inf completion=0.00% finite_obj=0.0% no_solution=100.0% collision=0.0% spectrum=35.0% action_range=[0.001,0.999] solver_status=optimal:0.0%,infeasible:92.5%,unknown:7.5%,error:0.0%,other:0.0% norm_count=28800
2026-09-29 12:39:23 | [QUEUE] | iter=360 | 队列 | sample_queue=0/4 | weight_queues_pending=4/4
2026-09-29 12:39:30 | [UPDATE] | [learner] iter=361 transitions=40 completion=0.00% reward=-1.502 | cost=2.452s | lr_actor=2.892e-04 lr_critic=2.892e-04 | wv=356 stale=5 ck=ok| obj=inf completion=0.00% finite_obj=2.5% no_solution=97.5% collision=0.0% spectrum=47.5% action_range=[0.001,0.999] solver_status=optimal:2.5%,infeasible:92.5%,unknown:5.0%,error:0.0%,other:0.0% norm_count=28880
2026-09-29 12:39:30 | [QUEUE] | iter=361 | 队列 | sample_queue=0/4 | weight_queues_pending=4/4
2026-09-29 12:39:34 | [UPDATE] | [learner] iter=362 transitions=40 completion=0.00% reward=-1.428 | cost=2.430s | lr_actor=2.892e-04 lr_critic=2.892e-04 | wv=356 stale=6 ck=ok| obj=inf completion=0.00% finite_obj=2.5% no_solution=97.5% collision=0.0% spectrum=47.5% action_range=[0.003,0.998] solver_status=optimal:2.5%,infeasible:95.0%,unknown:2.5%,error:0.0%,other:0.0% norm_count=28960
2026-09-29 12:39:34 | [QUEUE] | iter=362 | 队列 | sample_queue=0/4 | weight_queues_pending=4/4
2026-09-29 12:39:42 | [UPDATE] | [learner] iter=363 transitions=40 completion=0.00% reward=-1.378 | cost=2.283s | lr_actor=2.891e-04 lr_critic=2.891e-04 | wv=358 stale=5 ck=ok| obj=inf completion=0.00% finite_obj=2.5% no_solution=97.5% collision=0.0% spectrum=42.5% action_range=[0.002,0.993] solver_status=optimal:2.5%,infeasible:85.0%,unknown:12.5%,error:0.0%,other:0.0% norm_count=29040
2026-09-29 12:39:42 | [QUEUE] | iter=363 | 队列 | sample_queue=1/4 | weight_queues_pending=4/4
2026-09-29 12:39:44 | [UPDATE] | [learner] iter=364 transitions=40 completion=0.00% reward=-1.625 | cost=2.022s | lr_actor=2.891e-04 lr_critic=2.891e-04 | wv=359 stale=5 ck=ok| obj=inf completion=0.00% finite_obj=0.0% no_solution=100.0% collision=0.0% spectrum=57.5% action_range=[0.003,1.000] solver_status=optimal:0.0%,infeasible:87.5%,unknown:12.5%,error:0.0%,other:0.0% norm_count=29120
2026-09-29 12:39:44 | [QUEUE] | iter=364 | 队列 | sample_queue=0/4 | weight_queues_pending=4/4
2026-09-29 12:39:53 | [UPDATE] | [learner] iter=365 transitions=40 completion=0.00% reward=-1.700 | cost=2.158s | lr_actor=2.891e-04 lr_critic=2.891e-04 | wv=360 stale=5 ck=ok| obj=inf completion=0.00% finite_obj=0.0% no_solution=100.0% collision=0.0% spectrum=62.5% action_range=[0.003,1.000] solver_status=optimal:0.0%,infeasible:95.0%,unknown:5.0%,error:0.0%,other:0.0% norm_count=29200
2026-09-29 12:39:53 | [QUEUE] | iter=365 | 队列 | sample_queue=0/4 | weight_queues_pending=4/4
2026-09-29 12:40:02 | [UPDATE] | [learner] iter=366 transitions=40 completion=0.00% reward=-1.675 | cost=2.539s | lr_actor=2.891e-04 lr_critic=2.891e-04 | wv=361 stale=5 ck=ok| obj=inf completion=0.00% finite_obj=0.0% no_solution=100.0% collision=0.0% spectrum=65.0% action_range=[0.003,0.997] solver_status=optimal:0.0%,infeasible:95.0%,unknown:5.0%,error:0.0%,other:0.0% norm_count=29280
2026-09-29 12:40:02 | [QUEUE] | iter=366 | 队列 | sample_queue=0/4 | weight_queues_pending=4/4
2026-09-29 12:40:07 | [UPDATE] | [learner] iter=367 transitions=40 completion=2.50% reward=-1.452 | cost=2.887s | lr_actor=2.890e-04 lr_critic=2.890e-04 | wv=362 stale=5 ck=ok| obj=inf completion=2.50% finite_obj=2.5% no_solution=97.5% collision=0.0% spectrum=47.5% action_range=[0.003,1.000] solver_status=optimal:2.5%,infeasible:92.5%,unknown:5.0%,error:0.0%,other:0.0% norm_count=29360
2026-09-29 12:40:07 | [QUEUE] | iter=367 | 队列 | sample_queue=0/4 | weight_queues_pending=4/4
2026-09-29 12:40:10 | [UPDATE] | [learner] iter=368 transitions=40 completion=0.00% reward=-1.525 | cost=2.283s | lr_actor=2.890e-04 lr_critic=2.890e-04 | wv=362 stale=6 ck=ok| obj=inf completion=0.00% finite_obj=0.0% no_solution=100.0% collision=0.0% spectrum=50.0% action_range=[0.001,0.997] solver_status=optimal:0.0%,infeasible:85.0%,unknown:15.0%,error:0.0%,other:0.0% norm_count=29440
2026-09-29 12:40:10 | [QUEUE] | iter=368 | 队列 | sample_queue=0/4 | weight_queues_pending=4/4
2026-09-29 12:40:19 | [UPDATE] | [learner] iter=369 transitions=40 completion=2.50% reward=-1.507 | cost=2.317s | lr_actor=2.890e-04 lr_critic=2.890e-04 | wv=364 stale=5 ck=ok| obj=inf completion=2.50% finite_obj=5.0% no_solution=95.0% collision=0.0% spectrum=55.0% action_range=[0.003,0.998] solver_status=optimal:5.0%,infeasible:95.0%,unknown:0.0%,error:0.0%,other:0.0% norm_count=29520
2026-09-29 12:40:19 | [QUEUE] | iter=369 | 队列 | sample_queue=0/4 | weight_queues_pending=4/4
2026-09-29 12:40:27 | [UPDATE] | [learner] iter=370 transitions=40 completion=0.00% reward=-1.500 | cost=2.546s | lr_actor=2.889e-04 lr_critic=2.889e-04 | wv=366 stale=4 ck=ok| obj=inf completion=0.00% finite_obj=0.0% no_solution=100.0% collision=0.0% spectrum=45.0% action_range=[0.001,0.998] solver_status=optimal:0.0%,infeasible:90.0%,unknown:10.0%,error:0.0%,other:0.0% norm_count=29600
2026-09-29 12:40:27 | [QUEUE] | iter=370 | 队列 | sample_queue=0/4 | weight_queues_pending=4/4
2026-09-29 12:40:31 | [UPDATE] | [learner] iter=371 transitions=40 completion=0.00% reward=-1.650 | cost=2.523s | lr_actor=2.889e-04 lr_critic=2.889e-04 | wv=365 stale=6 ck=ok| obj=inf completion=0.00% finite_obj=0.0% no_solution=100.0% collision=0.0% spectrum=60.0% action_range=[0.002,0.997] solver_status=optimal:0.0%,infeasible:92.5%,unknown:7.5%,error:0.0%,other:0.0% norm_count=29680
2026-09-29 12:40:31 | [QUEUE] | iter=371 | 队列 | sample_queue=1/4 | weight_queues_pending=4/4
2026-09-29 12:40:34 | [UPDATE] | [learner] iter=372 transitions=40 completion=0.00% reward=-1.600 | cost=2.296s | lr_actor=2.889e-04 lr_critic=2.889e-04 | wv=367 stale=5 ck=ok| obj=inf completion=0.00% finite_obj=0.0% no_solution=100.0% collision=0.0% spectrum=57.5% action_range=[0.003,1.000] solver_status=optimal:0.0%,infeasible:97.5%,unknown:2.5%,error:0.0%,other:0.0% norm_count=29760
2026-09-29 12:40:34 | [QUEUE] | iter=372 | 队列 | sample_queue=0/4 | weight_queues_pending=4/4
2026-09-29 12:40:42 | [UPDATE] | [learner] iter=373 transitions=40 completion=0.00% reward=-1.525 | cost=2.090s | lr_actor=2.888e-04 lr_critic=2.888e-04 | wv=368 stale=5 ck=ok| obj=inf completion=0.00% finite_obj=0.0% no_solution=100.0% collision=0.0% spectrum=47.5% action_range=[0.000,0.994] solver_status=optimal:0.0%,infeasible:90.0%,unknown:10.0%,error:0.0%,other:0.0% norm_count=29840
2026-09-29 12:40:42 | [QUEUE] | iter=373 | 队列 | sample_queue=0/4 | weight_queues_pending=4/4
2026-09-29 12:40:50 | [UPDATE] | [learner] iter=374 transitions=40 completion=0.00% reward=-1.600 | cost=2.082s | lr_actor=2.888e-04 lr_critic=2.888e-04 | wv=369 stale=5 ck=ok| obj=inf completion=0.00% finite_obj=0.0% no_solution=100.0% collision=0.0% spectrum=55.0% action_range=[0.001,0.999] solver_status=optimal:0.0%,infeasible:92.5%,unknown:7.5%,error:0.0%,other:0.0% norm_count=29920
2026-09-29 12:40:50 | [QUEUE] | iter=374 | 队列 | sample_queue=0/4 | weight_queues_pending=4/4
2026-09-29 12:40:59 | [UPDATE] | [learner] iter=375 transitions=40 completion=2.50% reward=-1.601 | cost=2.362s | lr_actor=2.888e-04 lr_critic=2.888e-04 | wv=370 stale=5 ck=ok| obj=inf completion=2.50% finite_obj=2.5% no_solution=97.5% collision=0.0% spectrum=57.5% action_range=[0.001,0.999] solver_status=optimal:2.5%,infeasible:90.0%,unknown:7.5%,error:0.0%,other:0.0% norm_count=30000
2026-09-29 12:40:59 | [QUEUE] | iter=375 | 队列 | sample_queue=0/4 | weight_queues_pending=4/4
2026-09-29 12:41:01 | [UPDATE] | [learner] iter=376 transitions=40 completion=0.00% reward=-1.505 | cost=2.474s | lr_actor=2.887e-04 lr_critic=2.887e-04 | wv=370 stale=6 ck=ok| obj=inf completion=0.00% finite_obj=5.0% no_solution=95.0% collision=0.0% spectrum=55.0% action_range=[0.001,0.996] solver_status=optimal:5.0%,infeasible:90.0%,unknown:5.0%,error:0.0%,other:0.0% norm_count=30080
2026-09-29 12:41:01 | [QUEUE] | iter=376 | 队列 | sample_queue=0/4 | weight_queues_pending=4/4
2026-09-29 12:41:05 | [UPDATE] | [learner] iter=377 transitions=40 completion=0.00% reward=-1.425 | cost=2.411s | lr_actor=2.887e-04 lr_critic=2.887e-04 | wv=372 stale=5 ck=ok| obj=inf completion=0.00% finite_obj=0.0% no_solution=100.0% collision=0.0% spectrum=37.5% action_range=[0.002,1.000] solver_status=optimal:0.0%,infeasible:92.5%,unknown:7.5%,error:0.0%,other:0.0% norm_count=30160
2026-09-29 12:41:05 | [QUEUE] | iter=377 | 队列 | sample_queue=0/4 | weight_queues_pending=4/4
2026-09-29 12:41:11 | [UPDATE] | [learner] iter=378 transitions=40 completion=0.00% reward=-1.550 | cost=2.030s | lr_actor=2.887e-04 lr_critic=2.887e-04 | wv=373 stale=5 ck=ok| obj=inf completion=0.00% finite_obj=0.0% no_solution=100.0% collision=0.0% spectrum=52.5% action_range=[0.005,0.998] solver_status=optimal:0.0%,infeasible:92.5%,unknown:7.5%,error:0.0%,other:0.0% norm_count=30240
2026-09-29 12:41:11 | [QUEUE] | iter=378 | 队列 | sample_queue=0/4 | weight_queues_pending=4/4
2026-09-29 12:41:24 | [UPDATE] | [learner] iter=379 transitions=40 completion=0.00% reward=-1.505 | cost=2.264s | lr_actor=2.887e-04 lr_critic=2.887e-04 | wv=375 stale=4 ck=ok| obj=inf completion=0.00% finite_obj=2.5% no_solution=97.5% collision=0.0% spectrum=47.5% action_range=[0.001,0.999] solver_status=optimal:2.5%,infeasible:85.0%,unknown:12.5%,error:0.0%,other:0.0% norm_count=30320
2026-09-29 12:41:24 | [QUEUE] | iter=379 | 队列 | sample_queue=1/4 | weight_queues_pending=4/4
2026-09-29 12:41:27 | [UPDATE] | [learner] iter=380 transitions=40 completion=0.00% reward=-1.525 | cost=2.448s | lr_actor=2.886e-04 lr_critic=2.886e-04 | wv=374 stale=6 ck=ok| obj=inf completion=0.00% finite_obj=0.0% no_solution=100.0% collision=0.0% spectrum=47.5% action_range=[0.001,0.999] solver_status=optimal:0.0%,infeasible:90.0%,unknown:10.0%,error:0.0%,other:0.0% norm_count=30400
2026-09-29 12:41:27 | [QUEUE] | iter=380 | 队列 | sample_queue=0/4 | weight_queues_pending=4/4
2026-09-29 12:41:31 | [UPDATE] | [learner] iter=381 transitions=40 completion=0.00% reward=-1.528 | cost=2.144s | lr_actor=2.886e-04 lr_critic=2.886e-04 | wv=376 stale=5 ck=ok| obj=inf completion=0.00% finite_obj=2.5% no_solution=97.5% collision=0.0% spectrum=50.0% action_range=[0.002,0.999] solver_status=optimal:2.5%,infeasible:87.5%,unknown:10.0%,error:0.0%,other:0.0% norm_count=30480
2026-09-29 12:41:31 | [QUEUE] | iter=381 | 队列 | sample_queue=0/4 | weight_queues_pending=4/4
2026-09-29 12:41:38 | [UPDATE] | [learner] iter=382 transitions=40 completion=0.00% reward=-1.500 | cost=2.193s | lr_actor=2.886e-04 lr_critic=2.886e-04 | wv=377 stale=5 ck=ok| obj=inf completion=0.00% finite_obj=0.0% no_solution=100.0% collision=0.0% spectrum=47.5% action_range=[0.002,1.000] solver_status=optimal:0.0%,infeasible:92.5%,unknown:7.5%,error:0.0%,other:0.0% norm_count=30560
2026-09-29 12:41:38 | [QUEUE] | iter=382 | 队列 | sample_queue=0/4 | weight_queues_pending=4/4
2026-09-29 12:41:50 | [UPDATE] | [learner] iter=383 transitions=40 completion=0.00% reward=-1.375 | cost=2.276s | lr_actor=2.885e-04 lr_critic=2.885e-04 | wv=378 stale=5 ck=ok| obj=inf completion=0.00% finite_obj=0.0% no_solution=100.0% collision=0.0% spectrum=35.0% action_range=[0.002,0.999] solver_status=optimal:0.0%,infeasible:95.0%,unknown:5.0%,error:0.0%,other:0.0% norm_count=30640
2026-09-29 12:41:50 | [QUEUE] | iter=383 | 队列 | sample_queue=1/4 | weight_queues_pending=4/4
2026-09-29 12:41:53 | [UPDATE] | [learner] iter=384 transitions=40 completion=0.00% reward=-1.500 | cost=2.398s | lr_actor=2.885e-04 lr_critic=2.885e-04 | wv=378 stale=6 ck=ok| obj=inf completion=0.00% finite_obj=0.0% no_solution=100.0% collision=0.0% spectrum=45.0% action_range=[0.000,0.998] solver_status=optimal:0.0%,infeasible:97.5%,unknown:2.5%,error:0.0%,other:0.0% norm_count=30720
2026-09-29 12:41:53 | [QUEUE] | iter=384 | 队列 | sample_queue=1/4 | weight_queues_pending=4/4
2026-09-29 12:41:56 | [UPDATE] | [learner] iter=385 transitions=40 completion=0.00% reward=-1.500 | cost=2.895s | lr_actor=2.885e-04 lr_critic=2.885e-04 | wv=380 stale=5 ck=ok| obj=inf completion=0.00% finite_obj=0.0% no_solution=100.0% collision=0.0% spectrum=42.5% action_range=[0.002,0.992] solver_status=optimal:0.0%,infeasible:90.0%,unknown:10.0%,error:0.0%,other:0.0% norm_count=30800
2026-09-29 12:41:56 | [QUEUE] | iter=385 | 队列 | sample_queue=0/4 | weight_queues_pending=4/4
2026-09-29 12:42:03 | [UPDATE] | [learner] iter=386 transitions=40 completion=0.00% reward=-1.450 | cost=2.156s | lr_actor=2.884e-04 lr_critic=2.884e-04 | wv=381 stale=5 ck=ok| obj=inf completion=0.00% finite_obj=0.0% no_solution=100.0% collision=0.0% spectrum=42.5% action_range=[0.003,0.998] solver_status=optimal:0.0%,infeasible:92.5%,unknown:7.5%,error:0.0%,other:0.0% norm_count=30880
2026-09-29 12:42:03 | [QUEUE] | iter=386 | 队列 | sample_queue=0/4 | weight_queues_pending=4/4
2026-09-29 12:42:14 | [UPDATE] | [learner] iter=387 transitions=40 completion=0.00% reward=-1.750 | cost=2.306s | lr_actor=2.884e-04 lr_critic=2.884e-04 | wv=382 stale=5 ck=ok| obj=inf completion=0.00% finite_obj=0.0% no_solution=100.0% collision=0.0% spectrum=67.5% action_range=[0.000,0.998] solver_status=optimal:0.0%,infeasible:97.5%,unknown:2.5%,error:0.0%,other:0.0% norm_count=30960
2026-09-29 12:42:14 | [QUEUE] | iter=387 | 队列 | sample_queue=0/4 | weight_queues_pending=4/4
2026-09-29 12:42:16 | [UPDATE] | [learner] iter=388 transitions=40 completion=0.00% reward=-1.525 | cost=2.073s | lr_actor=2.884e-04 lr_critic=2.884e-04 | wv=383 stale=5 ck=ok| obj=inf completion=0.00% finite_obj=0.0% no_solution=100.0% collision=0.0% spectrum=47.5% action_range=[0.003,0.998] solver_status=optimal:0.0%,infeasible:97.5%,unknown:2.5%,error:0.0%,other:0.0% norm_count=31040
2026-09-29 12:42:16 | [QUEUE] | iter=388 | 队列 | sample_queue=1/4 | weight_queues_pending=4/4
2026-09-29 12:42:19 | [UPDATE] | [learner] iter=389 transitions=40 completion=0.00% reward=-1.450 | cost=2.421s | lr_actor=2.884e-04 lr_critic=2.884e-04 | wv=382 stale=7 ck=ok| obj=inf completion=0.00% finite_obj=0.0% no_solution=100.0% collision=0.0% spectrum=42.5% action_range=[0.000,0.998] solver_status=optimal:0.0%,infeasible:95.0%,unknown:5.0%,error:0.0%,other:0.0% norm_count=31120
2026-09-29 12:42:19 | [QUEUE] | iter=389 | 队列 | sample_queue=0/4 | weight_queues_pending=4/4
2026-09-29 12:42:27 | [UPDATE] | [learner] iter=390 transitions=40 completion=0.00% reward=-1.500 | cost=2.104s | lr_actor=2.883e-04 lr_critic=2.883e-04 | wv=385 stale=5 ck=ok| obj=inf completion=0.00% finite_obj=0.0% no_solution=100.0% collision=0.0% spectrum=47.5% action_range=[0.004,0.997] solver_status=optimal:0.0%,infeasible:92.5%,unknown:7.5%,error:0.0%,other:0.0% norm_count=31200
2026-09-29 12:42:27 | [QUEUE] | iter=390 | 队列 | sample_queue=0/4 | weight_queues_pending=4/4
2026-09-29 12:42:38 | [UPDATE] | [learner] iter=391 transitions=40 completion=0.00% reward=-1.475 | cost=2.267s | lr_actor=2.883e-04 lr_critic=2.883e-04 | wv=386 stale=5 ck=ok| obj=inf completion=0.00% finite_obj=0.0% no_solution=100.0% collision=0.0% spectrum=47.5% action_range=[0.002,0.998] solver_status=optimal:0.0%,infeasible:97.5%,unknown:2.5%,error:0.0%,other:0.0% norm_count=31280
2026-09-29 12:42:38 | [QUEUE] | iter=391 | 队列 | sample_queue=0/4 | weight_queues_pending=4/4
2026-09-29 12:42:41 | [UPDATE] | [learner] iter=392 transitions=40 completion=0.00% reward=-1.453 | cost=2.378s | lr_actor=2.883e-04 lr_critic=2.883e-04 | wv=387 stale=5 ck=ok| obj=inf completion=0.00% finite_obj=2.5% no_solution=97.5% collision=0.0% spectrum=47.5% action_range=[0.001,0.995] solver_status=optimal:2.5%,infeasible:90.0%,unknown:7.5%,error:0.0%,other:0.0% norm_count=31360
2026-09-29 12:42:41 | [QUEUE] | iter=392 | 队列 | sample_queue=0/4 | weight_queues_pending=4/4
2026-09-29 12:42:45 | [UPDATE] | [learner] iter=393 transitions=40 completion=0.00% reward=-1.700 | cost=2.304s | lr_actor=2.882e-04 lr_critic=2.882e-04 | wv=387 stale=6 ck=ok| obj=inf completion=0.00% finite_obj=0.0% no_solution=100.0% collision=0.0% spectrum=67.5% action_range=[0.002,0.998] solver_status=optimal:0.0%,infeasible:95.0%,unknown:5.0%,error:0.0%,other:0.0% norm_count=31440
2026-09-29 12:42:45 | [QUEUE] | iter=393 | 队列 | sample_queue=0/4 | weight_queues_pending=4/4
2026-09-29 12:42:53 | [UPDATE] | [learner] iter=394 transitions=40 completion=0.00% reward=-1.500 | cost=2.305s | lr_actor=2.882e-04 lr_critic=2.882e-04 | wv=389 stale=5 ck=ok| obj=inf completion=0.00% finite_obj=0.0% no_solution=100.0% collision=0.0% spectrum=37.5% action_range=[0.001,1.000] solver_status=optimal:0.0%,infeasible:95.0%,unknown:5.0%,error:0.0%,other:0.0% norm_count=31520
2026-09-29 12:42:53 | [QUEUE] | iter=394 | 队列 | sample_queue=0/4 | weight_queues_pending=4/4
2026-09-29 12:43:01 | [UPDATE] | [learner] iter=395 transitions=40 completion=0.00% reward=-1.379 | cost=2.134s | lr_actor=2.882e-04 lr_critic=2.882e-04 | wv=390 stale=5 ck=ok| obj=inf completion=0.00% finite_obj=2.5% no_solution=97.5% collision=0.0% spectrum=35.0% action_range=[0.002,1.000] solver_status=optimal:2.5%,infeasible:92.5%,unknown:5.0%,error:0.0%,other:0.0% norm_count=31600
2026-09-29 12:43:01 | [QUEUE] | iter=395 | 队列 | sample_queue=0/4 | weight_queues_pending=4/4
2026-09-29 12:43:06 | [UPDATE] | [learner] iter=396 transitions=40 completion=0.00% reward=-1.600 | cost=2.224s | lr_actor=2.881e-04 lr_critic=2.881e-04 | wv=391 stale=5 ck=ok| obj=inf completion=0.00% finite_obj=0.0% no_solution=100.0% collision=0.0% spectrum=50.0% action_range=[0.002,1.000] solver_status=optimal:0.0%,infeasible:87.5%,unknown:12.5%,error:0.0%,other:0.0% norm_count=31680
2026-09-29 12:43:06 | [QUEUE] | iter=396 | 队列 | sample_queue=0/4 | weight_queues_pending=4/4
2026-09-29 12:43:11 | [UPDATE] | [learner] iter=397 transitions=40 completion=2.50% reward=-1.502 | cost=2.002s | lr_actor=2.881e-04 lr_critic=2.881e-04 | wv=392 stale=5 ck=ok| obj=inf completion=2.50% finite_obj=2.5% no_solution=97.5% collision=0.0% spectrum=42.5% action_range=[0.004,1.000] solver_status=optimal:2.5%,infeasible:90.0%,unknown:7.5%,error:0.0%,other:0.0% norm_count=31760
2026-09-29 12:43:11 | [QUEUE] | iter=397 | 队列 | sample_queue=0/4 | weight_queues_pending=4/4
2026-09-29 12:43:14 | [UPDATE] | [learner] iter=398 transitions=40 completion=0.00% reward=-1.477 | cost=1.999s | lr_actor=2.881e-04 lr_critic=2.881e-04 | wv=393 stale=5 ck=ok| obj=inf completion=0.00% finite_obj=2.5% no_solution=97.5% collision=0.0% spectrum=45.0% action_range=[0.001,0.998] solver_status=optimal:2.5%,infeasible:95.0%,unknown:2.5%,error:0.0%,other:0.0% norm_count=31840
2026-09-29 12:43:14 | [QUEUE] | iter=398 | 队列 | sample_queue=0/4 | weight_queues_pending=4/4
2026-09-29 12:43:27 | [UPDATE] | [learner] iter=399 transitions=40 completion=2.50% reward=-1.452 | cost=2.020s | lr_actor=2.881e-04 lr_critic=2.881e-04 | wv=394 stale=5 ck=ok| obj=inf completion=2.50% finite_obj=2.5% no_solution=97.5% collision=0.0% spectrum=45.0% action_range=[0.001,0.999] solver_status=optimal:2.5%,infeasible:92.5%,unknown:5.0%,error:0.0%,other:0.0% norm_count=31920
2026-09-29 12:43:27 | [QUEUE] | iter=399 | 队列 | sample_queue=0/4 | weight_queues_pending=4/4
2026-09-29 12:43:31 | [UPDATE] | [learner] iter=400 transitions=40 completion=0.00% reward=-1.500 | cost=2.332s | lr_actor=2.880e-04 lr_critic=2.880e-04 | wv=395 stale=5 ck=ok| obj=inf completion=0.00% finite_obj=0.0% no_solution=100.0% collision=0.0% spectrum=45.0% action_range=[0.002,0.999] solver_status=optimal:0.0%,infeasible:92.5%,unknown:7.5%,error:0.0%,other:0.0% norm_count=32000
2026-09-29 12:43:31 | [QUEUE] | iter=400 | 队列 | sample_queue=0/4 | weight_queues_pending=4/4
2026-09-29 12:43:35 | [UPDATE] | [learner] iter=401 transitions=40 completion=0.00% reward=-1.525 | cost=2.014s | lr_actor=2.880e-04 lr_critic=2.880e-04 | wv=396 stale=5 ck=ok| obj=inf completion=0.00% finite_obj=0.0% no_solution=100.0% collision=0.0% spectrum=47.5% action_range=[0.001,0.997] solver_status=optimal:0.0%,infeasible:95.0%,unknown:5.0%,error:0.0%,other:0.0% norm_count=32080
2026-09-29 12:43:35 | [QUEUE] | iter=401 | 队列 | sample_queue=0/4 | weight_queues_pending=4/4
2026-09-29 12:43:38 | [UPDATE] | [learner] iter=402 transitions=40 completion=0.00% reward=-1.425 | cost=2.385s | lr_actor=2.880e-04 lr_critic=2.880e-04 | wv=397 stale=5 ck=ok| obj=inf completion=0.00% finite_obj=0.0% no_solution=100.0% collision=0.0% spectrum=40.0% action_range=[0.003,1.000] solver_status=optimal:0.0%,infeasible:97.5%,unknown:2.5%,error:0.0%,other:0.0% norm_count=32160
2026-09-29 12:43:38 | [QUEUE] | iter=402 | 队列 | sample_queue=0/4 | weight_queues_pending=4/4
2026-09-29 12:43:50 | [UPDATE] | [learner] iter=403 transitions=40 completion=0.00% reward=-1.475 | cost=2.125s | lr_actor=2.879e-04 lr_critic=2.879e-04 | wv=398 stale=5 ck=ok| obj=inf completion=0.00% finite_obj=0.0% no_solution=100.0% collision=0.0% spectrum=47.5% action_range=[0.004,0.996] solver_status=optimal:0.0%,infeasible:100.0%,unknown:0.0%,error:0.0%,other:0.0% norm_count=32240
2026-09-29 12:43:50 | [QUEUE] | iter=403 | 队列 | sample_queue=0/4 | weight_queues_pending=4/4
2026-09-29 12:43:57 | [UPDATE] | [learner] iter=404 transitions=40 completion=0.00% reward=-1.350 | cost=2.257s | lr_actor=2.879e-04 lr_critic=2.879e-04 | wv=399 stale=5 ck=ok| obj=inf completion=0.00% finite_obj=0.0% no_solution=100.0% collision=0.0% spectrum=35.0% action_range=[0.001,0.998] solver_status=optimal:0.0%,infeasible:92.5%,unknown:7.5%,error:0.0%,other:0.0% norm_count=32320
2026-09-29 12:43:57 | [QUEUE] | iter=404 | 队列 | sample_queue=0/4 | weight_queues_pending=4/4
2026-09-29 12:44:03 | [UPDATE] | [learner] iter=405 transitions=40 completion=0.00% reward=-1.477 | cost=1.893s | lr_actor=2.879e-04 lr_critic=2.879e-04 | wv=401 stale=4 ck=ok| obj=inf completion=0.00% finite_obj=2.5% no_solution=97.5% collision=0.0% spectrum=45.0% action_range=[0.003,1.000] solver_status=optimal:2.5%,infeasible:90.0%,unknown:7.5%,error:0.0%,other:0.0% norm_count=32400
2026-09-29 12:44:03 | [QUEUE] | iter=405 | 队列 | sample_queue=1/4 | weight_queues_pending=4/4
2026-09-29 12:44:05 | [UPDATE] | [learner] iter=406 transitions=40 completion=0.00% reward=-1.475 | cost=2.146s | lr_actor=2.878e-04 lr_critic=2.878e-04 | wv=400 stale=6 ck=ok| obj=inf completion=0.00% finite_obj=0.0% no_solution=100.0% collision=0.0% spectrum=40.0% action_range=[0.003,0.998] solver_status=optimal:0.0%,infeasible:90.0%,unknown:10.0%,error:0.0%,other:0.0% norm_count=32480
2026-09-29 12:44:05 | [QUEUE] | iter=406 | 队列 | sample_queue=0/4 | weight_queues_pending=4/4
2026-09-29 12:44:15 | [UPDATE] | [learner] iter=407 transitions=40 completion=0.00% reward=-1.551 | cost=2.252s | lr_actor=2.878e-04 lr_critic=2.878e-04 | wv=402 stale=5 ck=ok| obj=inf completion=0.00% finite_obj=2.5% no_solution=97.5% collision=0.0% spectrum=50.0% action_range=[0.001,0.999] solver_status=optimal:2.5%,infeasible:82.5%,unknown:15.0%,error:0.0%,other:0.0% norm_count=32560
2026-09-29 12:44:15 | [QUEUE] | iter=407 | 队列 | sample_queue=0/4 | weight_queues_pending=4/4
2026-09-29 12:44:18 | [UPDATE] | [learner] iter=408 transitions=40 completion=0.00% reward=-1.575 | cost=2.354s | lr_actor=2.878e-04 lr_critic=2.878e-04 | wv=403 stale=5 ck=ok| obj=inf completion=0.00% finite_obj=0.0% no_solution=100.0% collision=0.0% spectrum=50.0% action_range=[0.002,0.999] solver_status=optimal:0.0%,infeasible:85.0%,unknown:15.0%,error:0.0%,other:0.0% norm_count=32640
2026-09-29 12:44:18 | [QUEUE] | iter=408 | 队列 | sample_queue=0/4 | weight_queues_pending=4/4
2026-09-29 12:44:30 | [UPDATE] | [learner] iter=409 transitions=40 completion=0.00% reward=-1.675 | cost=2.317s | lr_actor=2.878e-04 lr_critic=2.878e-04 | wv=404 stale=5 ck=ok| obj=inf completion=0.00% finite_obj=0.0% no_solution=100.0% collision=0.0% spectrum=52.5% action_range=[0.001,0.999] solver_status=optimal:0.0%,infeasible:90.0%,unknown:10.0%,error:0.0%,other:0.0% norm_count=32720
2026-09-29 12:44:30 | [QUEUE] | iter=409 | 队列 | sample_queue=0/4 | weight_queues_pending=4/4
2026-09-29 12:44:34 | [UPDATE] | [learner] iter=410 transitions=40 completion=2.50% reward=-1.427 | cost=2.055s | lr_actor=2.877e-04 lr_critic=2.877e-04 | wv=404 stale=6 ck=ok| obj=inf completion=2.50% finite_obj=2.5% no_solution=97.5% collision=0.0% spectrum=40.0% action_range=[0.001,0.997] solver_status=optimal:2.5%,infeasible:87.5%,unknown:10.0%,error:0.0%,other:0.0% norm_count=32800
2026-09-29 12:44:34 | [QUEUE] | iter=410 | 队列 | sample_queue=0/4 | weight_queues_pending=4/4
2026-09-29 12:44:38 | [UPDATE] | [learner] iter=411 transitions=40 completion=0.00% reward=-1.326 | cost=2.238s | lr_actor=2.877e-04 lr_critic=2.877e-04 | wv=406 stale=5 ck=ok| obj=inf completion=0.00% finite_obj=2.5% no_solution=97.5% collision=0.0% spectrum=35.0% action_range=[0.001,0.997] solver_status=optimal:2.5%,infeasible:92.5%,unknown:5.0%,error:0.0%,other:0.0% norm_count=32880
2026-09-29 12:44:38 | [QUEUE] | iter=411 | 队列 | sample_queue=0/4 | weight_queues_pending=4/4
2026-09-29 12:44:41 | [UPDATE] | [learner] iter=412 transitions=40 completion=2.50% reward=-1.630 | cost=2.014s | lr_actor=2.877e-04 lr_critic=2.877e-04 | wv=407 stale=5 ck=ok| obj=inf completion=2.50% finite_obj=2.5% no_solution=97.5% collision=0.0% spectrum=55.0% action_range=[0.003,0.998] solver_status=optimal:2.5%,infeasible:87.5%,unknown:10.0%,error:0.0%,other:0.0% norm_count=32960
2026-09-29 12:44:41 | [QUEUE] | iter=412 | 队列 | sample_queue=0/4 | weight_queues_pending=4/4
2026-09-29 12:44:55 | [UPDATE] | [learner] iter=413 transitions=40 completion=2.50% reward=-1.601 | cost=2.151s | lr_actor=2.876e-04 lr_critic=2.876e-04 | wv=409 stale=4 ck=ok| obj=inf completion=2.50% finite_obj=2.5% no_solution=97.5% collision=0.0% spectrum=52.5% action_range=[0.001,0.999] solver_status=optimal:2.5%,infeasible:87.5%,unknown:10.0%,error:0.0%,other:0.0% norm_count=33040
2026-09-29 12:44:55 | [QUEUE] | iter=413 | 队列 | sample_queue=0/4 | weight_queues_pending=4/4
2026-09-29 12:44:59 | [UPDATE] | [learner] iter=414 transitions=40 completion=0.00% reward=-1.525 | cost=2.043s | lr_actor=2.876e-04 lr_critic=2.876e-04 | wv=408 stale=6 ck=ok| obj=inf completion=0.00% finite_obj=0.0% no_solution=100.0% collision=0.0% spectrum=50.0% action_range=[0.005,0.998] solver_status=optimal:0.0%,infeasible:90.0%,unknown:10.0%,error:0.0%,other:0.0% norm_count=33120
2026-09-29 12:44:59 | [QUEUE] | iter=414 | 队列 | sample_queue=0/4 | weight_queues_pending=4/4
2026-09-29 12:45:02 | [UPDATE] | [learner] iter=415 transitions=40 completion=2.50% reward=-1.528 | cost=2.202s | lr_actor=2.876e-04 lr_critic=2.876e-04 | wv=410 stale=5 ck=ok| obj=inf completion=2.50% finite_obj=2.5% no_solution=97.5% collision=0.0% spectrum=52.5% action_range=[0.001,0.993] solver_status=optimal:2.5%,infeasible:90.0%,unknown:7.5%,error:0.0%,other:0.0% norm_count=33200
2026-09-29 12:45:02 | [QUEUE] | iter=415 | 队列 | sample_queue=1/4 | weight_queues_pending=4/4
2026-09-29 12:45:04 | [UPDATE] | [learner] iter=416 transitions=40 completion=0.00% reward=-1.450 | cost=2.123s | lr_actor=2.875e-04 lr_critic=2.875e-04 | wv=411 stale=5 ck=ok| obj=inf completion=0.00% finite_obj=0.0% no_solution=100.0% collision=0.0% spectrum=37.5% action_range=[0.005,0.998] solver_status=optimal:0.0%,infeasible:87.5%,unknown:12.5%,error:0.0%,other:0.0% norm_count=33280
2026-09-29 12:45:04 | [QUEUE] | iter=416 | 队列 | sample_queue=0/4 | weight_queues_pending=4/4
2026-09-29 12:45:21 | [UPDATE] | [learner] iter=417 transitions=40 completion=0.00% reward=-1.525 | cost=2.409s | lr_actor=2.875e-04 lr_critic=2.875e-04 | wv=412 stale=5 ck=ok| obj=inf completion=0.00% finite_obj=0.0% no_solution=100.0% collision=0.0% spectrum=50.0% action_range=[0.001,1.000] solver_status=optimal:0.0%,infeasible:95.0%,unknown:5.0%,error:0.0%,other:0.0% norm_count=33360
2026-09-29 12:45:21 | [QUEUE] | iter=417 | 队列 | sample_queue=0/4 | weight_queues_pending=4/4
2026-09-29 12:45:24 | [UPDATE] | [learner] iter=418 transitions=40 completion=0.00% reward=-1.475 | cost=2.175s | lr_actor=2.875e-04 lr_critic=2.875e-04 | wv=413 stale=5 ck=ok| obj=inf completion=0.00% finite_obj=0.0% no_solution=100.0% collision=0.0% spectrum=42.5% action_range=[0.001,0.999] solver_status=optimal:0.0%,infeasible:92.5%,unknown:7.5%,error:0.0%,other:0.0% norm_count=33440
2026-09-29 12:45:24 | [QUEUE] | iter=418 | 队列 | sample_queue=2/4 | weight_queues_pending=4/4
2026-09-29 12:45:26 | [UPDATE] | [learner] iter=419 transitions=40 completion=0.00% reward=-1.625 | cost=2.244s | lr_actor=2.875e-04 lr_critic=2.875e-04 | wv=414 stale=5 ck=ok| obj=inf completion=0.00% finite_obj=0.0% no_solution=100.0% collision=0.0% spectrum=55.0% action_range=[0.002,1.000] solver_status=optimal:0.0%,infeasible:92.5%,unknown:7.5%,error:0.0%,other:0.0% norm_count=33520
2026-09-29 12:45:26 | [QUEUE] | iter=419 | 队列 | sample_queue=1/4 | weight_queues_pending=4/4
2026-09-29 12:45:28 | [UPDATE] | [learner] iter=420 transitions=40 completion=0.00% reward=-1.500 | cost=1.979s | lr_actor=2.874e-04 lr_critic=2.874e-04 | wv=414 stale=6 ck=ok| obj=inf completion=0.00% finite_obj=0.0% no_solution=100.0% collision=0.0% spectrum=45.0% action_range=[0.001,0.998] solver_status=optimal:0.0%,infeasible:95.0%,unknown:5.0%,error:0.0%,other:0.0% norm_count=33600
2026-09-29 12:45:28 | [QUEUE] | iter=420 | 队列 | sample_queue=0/4 | weight_queues_pending=4/4
2026-09-29 12:45:45 | [UPDATE] | [learner] iter=421 transitions=40 completion=0.00% reward=-1.476 | cost=2.290s | lr_actor=2.874e-04 lr_critic=2.874e-04 | wv=416 stale=5 ck=ok| obj=inf completion=0.00% finite_obj=2.5% no_solution=97.5% collision=0.0% spectrum=42.5% action_range=[0.002,1.000] solver_status=optimal:2.5%,infeasible:92.5%,unknown:5.0%,error:0.0%,other:0.0% norm_count=33680
2026-09-29 12:45:45 | [QUEUE] | iter=421 | 队列 | sample_queue=1/4 | weight_queues_pending=4/4
2026-09-29 12:45:47 | [UPDATE] | [learner] iter=422 transitions=40 completion=2.50% reward=-1.376 | cost=2.252s | lr_actor=2.874e-04 lr_critic=2.874e-04 | wv=417 stale=5 ck=ok| obj=inf completion=2.50% finite_obj=2.5% no_solution=97.5% collision=0.0% spectrum=37.5% action_range=[0.000,0.998] solver_status=optimal:2.5%,infeasible:85.0%,unknown:12.5%,error:0.0%,other:0.0% norm_count=33760
2026-09-29 12:45:47 | [QUEUE] | iter=422 | 队列 | sample_queue=0/4 | weight_queues_pending=4/4
2026-09-29 12:45:50 | [UPDATE] | [learner] iter=423 transitions=40 completion=2.50% reward=-1.477 | cost=2.091s | lr_actor=2.873e-04 lr_critic=2.873e-04 | wv=417 stale=6 ck=ok| obj=inf completion=2.50% finite_obj=2.5% no_solution=97.5% collision=0.0% spectrum=45.0% action_range=[0.005,0.998] solver_status=optimal:2.5%,infeasible:95.0%,unknown:2.5%,error:0.0%,other:0.0% norm_count=33840
2026-09-29 12:45:50 | [QUEUE] | iter=423 | 队列 | sample_queue=1/4 | weight_queues_pending=4/4
2026-09-29 12:45:52 | [UPDATE] | [learner] iter=424 transitions=40 completion=0.00% reward=-1.700 | cost=2.144s | lr_actor=2.873e-04 lr_critic=2.873e-04 | wv=417 stale=7 ck=ok| obj=inf completion=0.00% finite_obj=0.0% no_solution=100.0% collision=0.0% spectrum=60.0% action_range=[0.003,0.998] solver_status=optimal:0.0%,infeasible:92.5%,unknown:7.5%,error:0.0%,other:0.0% norm_count=33920
2026-09-29 12:45:52 | [QUEUE] | iter=424 | 队列 | sample_queue=0/4 | weight_queues_pending=4/4
2026-09-29 12:46:07 | [UPDATE] | [learner] iter=425 transitions=40 completion=0.00% reward=-1.375 | cost=2.127s | lr_actor=2.873e-04 lr_critic=2.873e-04 | wv=420 stale=5 ck=ok| obj=inf completion=0.00% finite_obj=0.0% no_solution=100.0% collision=0.0% spectrum=30.0% action_range=[0.004,0.999] solver_status=optimal:0.0%,infeasible:85.0%,unknown:15.0%,error:0.0%,other:0.0% norm_count=34000
2026-09-29 12:46:07 | [QUEUE] | iter=425 | 队列 | sample_queue=0/4 | weight_queues_pending=4/4
2026-09-29 12:46:11 | [UPDATE] | [learner] iter=426 transitions=40 completion=0.00% reward=-1.400 | cost=2.261s | lr_actor=2.872e-04 lr_critic=2.872e-04 | wv=420 stale=6 ck=ok| obj=inf completion=0.00% finite_obj=0.0% no_solution=100.0% collision=0.0% spectrum=37.5% action_range=[0.003,0.998] solver_status=optimal:0.0%,infeasible:97.5%,unknown:2.5%,error:0.0%,other:0.0% norm_count=34080
2026-09-29 12:46:11 | [QUEUE] | iter=426 | 队列 | sample_queue=0/4 | weight_queues_pending=4/4
2026-09-29 12:46:14 | [UPDATE] | [learner] iter=427 transitions=40 completion=0.00% reward=-1.500 | cost=2.408s | lr_actor=2.872e-04 lr_critic=2.872e-04 | wv=422 stale=5 ck=ok| obj=inf completion=0.00% finite_obj=0.0% no_solution=100.0% collision=0.0% spectrum=47.5% action_range=[0.003,0.997] solver_status=optimal:0.0%,infeasible:90.0%,unknown:10.0%,error:0.0%,other:0.0% norm_count=34160
2026-09-29 12:46:14 | [QUEUE] | iter=427 | 队列 | sample_queue=0/4 | weight_queues_pending=4/4
2026-09-29 12:46:17 | [UPDATE] | [learner] iter=428 transitions=40 completion=0.00% reward=-1.475 | cost=2.109s | lr_actor=2.872e-04 lr_critic=2.872e-04 | wv=422 stale=6 ck=ok| obj=inf completion=0.00% finite_obj=0.0% no_solution=100.0% collision=0.0% spectrum=45.0% action_range=[0.002,1.000] solver_status=optimal:0.0%,infeasible:90.0%,unknown:10.0%,error:0.0%,other:0.0% norm_count=34240
2026-09-29 12:46:17 | [QUEUE] | iter=428 | 队列 | sample_queue=0/4 | weight_queues_pending=4/4
2026-09-29 12:46:31 | [UPDATE] | [learner] iter=429 transitions=40 completion=0.00% reward=-1.450 | cost=2.223s | lr_actor=2.872e-04 lr_critic=2.872e-04 | wv=424 stale=5 ck=ok| obj=inf completion=0.00% finite_obj=0.0% no_solution=100.0% collision=0.0% spectrum=37.5% action_range=[0.003,0.997] solver_status=optimal:0.0%,infeasible:92.5%,unknown:7.5%,error:0.0%,other:0.0% norm_count=34320
2026-09-29 12:46:31 | [QUEUE] | iter=429 | 队列 | sample_queue=0/4 | weight_queues_pending=4/4
2026-09-29 12:46:34 | [UPDATE] | [learner] iter=430 transitions=40 completion=0.00% reward=-1.579 | cost=2.140s | lr_actor=2.871e-04 lr_critic=2.871e-04 | wv=425 stale=5 ck=ok| obj=inf completion=0.00% finite_obj=2.5% no_solution=97.5% collision=0.0% spectrum=52.5% action_range=[0.001,0.999] solver_status=optimal:2.5%,infeasible:90.0%,unknown:7.5%,error:0.0%,other:0.0% norm_count=34400
2026-09-29 12:46:34 | [QUEUE] | iter=430 | 队列 | sample_queue=0/4 | weight_queues_pending=4/4
2026-09-29 12:46:41 | [UPDATE] | [learner] iter=431 transitions=40 completion=0.00% reward=-1.375 | cost=2.313s | lr_actor=2.871e-04 lr_critic=2.871e-04 | wv=426 stale=5 ck=ok| obj=inf completion=0.00% finite_obj=0.0% no_solution=100.0% collision=0.0% spectrum=35.0% action_range=[0.002,1.000] solver_status=optimal:0.0%,infeasible:97.5%,unknown:2.5%,error:0.0%,other:0.0% norm_count=34480
2026-09-29 12:46:41 | [QUEUE] | iter=431 | 队列 | sample_queue=0/4 | weight_queues_pending=4/4
2026-09-29 12:46:45 | [UPDATE] | [learner] iter=432 transitions=40 completion=0.00% reward=-1.575 | cost=2.153s | lr_actor=2.871e-04 lr_critic=2.871e-04 | wv=427 stale=5 ck=ok| obj=inf completion=0.00% finite_obj=0.0% no_solution=100.0% collision=0.0% spectrum=55.0% action_range=[0.002,0.995] solver_status=optimal:0.0%,infeasible:92.5%,unknown:7.5%,error:0.0%,other:0.0% norm_count=34560
2026-09-29 12:46:45 | [QUEUE] | iter=432 | 队列 | sample_queue=0/4 | weight_queues_pending=4/4
2026-09-29 12:46:58 | [UPDATE] | [learner] iter=433 transitions=40 completion=0.00% reward=-1.525 | cost=1.843s | lr_actor=2.870e-04 lr_critic=2.870e-04 | wv=429 stale=4 ck=ok| obj=inf completion=0.00% finite_obj=0.0% no_solution=100.0% collision=0.0% spectrum=50.0% action_range=[0.003,0.999] solver_status=optimal:0.0%,infeasible:92.5%,unknown:7.5%,error:0.0%,other:0.0% norm_count=34640
2026-09-29 12:46:58 | [QUEUE] | iter=433 | 队列 | sample_queue=1/4 | weight_queues_pending=4/4
2026-09-29 12:47:00 | [UPDATE] | [learner] iter=434 transitions=40 completion=0.00% reward=-1.500 | cost=2.383s | lr_actor=2.870e-04 lr_critic=2.870e-04 | wv=428 stale=6 ck=ok| obj=inf completion=0.00% finite_obj=0.0% no_solution=100.0% collision=0.0% spectrum=47.5% action_range=[0.001,0.996] solver_status=optimal:0.0%,infeasible:92.5%,unknown:7.5%,error:0.0%,other:0.0% norm_count=34720
2026-09-29 12:47:00 | [QUEUE] | iter=434 | 队列 | sample_queue=0/4 | weight_queues_pending=4/4
2026-09-29 12:47:03 | [UPDATE] | [learner] iter=435 transitions=40 completion=2.50% reward=-1.703 | cost=2.008s | lr_actor=2.870e-04 lr_critic=2.870e-04 | wv=430 stale=5 ck=ok| obj=inf completion=2.50% finite_obj=2.5% no_solution=97.5% collision=0.0% spectrum=70.0% action_range=[0.002,0.998] solver_status=optimal:2.5%,infeasible:87.5%,unknown:10.0%,error:0.0%,other:0.0% norm_count=34800
2026-09-29 12:47:03 | [QUEUE] | iter=435 | 队列 | sample_queue=0/4 | weight_queues_pending=4/4
2026-09-29 12:47:11 | [UPDATE] | [learner] iter=436 transitions=40 completion=0.00% reward=-1.700 | cost=2.102s | lr_actor=2.869e-04 lr_critic=2.869e-04 | wv=431 stale=5 ck=ok| obj=inf completion=0.00% finite_obj=0.0% no_solution=100.0% collision=0.0% spectrum=65.0% action_range=[0.001,1.000] solver_status=optimal:0.0%,infeasible:92.5%,unknown:7.5%,error:0.0%,other:0.0% norm_count=34880
2026-09-29 12:47:11 | [QUEUE] | iter=436 | 队列 | sample_queue=0/4 | weight_queues_pending=4/4
2026-09-29 12:47:22 | [UPDATE] | [learner] iter=437 transitions=40 completion=0.00% reward=-1.575 | cost=2.248s | lr_actor=2.869e-04 lr_critic=2.869e-04 | wv=432 stale=5 ck=ok| obj=inf completion=0.00% finite_obj=0.0% no_solution=100.0% collision=0.0% spectrum=52.5% action_range=[0.001,0.999] solver_status=optimal:0.0%,infeasible:95.0%,unknown:5.0%,error:0.0%,other:0.0% norm_count=34960
2026-09-29 12:47:22 | [QUEUE] | iter=437 | 队列 | sample_queue=1/4 | weight_queues_pending=4/4
2026-09-29 12:47:24 | [UPDATE] | [learner] iter=438 transitions=40 completion=0.00% reward=-1.700 | cost=2.050s | lr_actor=2.869e-04 lr_critic=2.869e-04 | wv=432 stale=6 ck=ok| obj=inf completion=0.00% finite_obj=0.0% no_solution=100.0% collision=0.0% spectrum=67.5% action_range=[0.002,0.999] solver_status=optimal:0.0%,infeasible:92.5%,unknown:7.5%,error:0.0%,other:0.0% norm_count=35040
2026-09-29 12:47:24 | [QUEUE] | iter=438 | 队列 | sample_queue=1/4 | weight_queues_pending=4/4
2026-09-29 12:47:26 | [UPDATE] | [learner] iter=439 transitions=40 completion=0.00% reward=-1.500 | cost=2.060s | lr_actor=2.869e-04 lr_critic=2.869e-04 | wv=434 stale=5 ck=ok| obj=inf completion=0.00% finite_obj=0.0% no_solution=100.0% collision=0.0% spectrum=47.5% action_range=[0.002,0.999] solver_status=optimal:0.0%,infeasible:97.5%,unknown:2.5%,error:0.0%,other:0.0% norm_count=35120
2026-09-29 12:47:26 | [QUEUE] | iter=439 | 队列 | sample_queue=0/4 | weight_queues_pending=4/4
2026-09-29 12:47:37 | [UPDATE] | [learner] iter=440 transitions=40 completion=0.00% reward=-1.500 | cost=2.281s | lr_actor=2.868e-04 lr_critic=2.868e-04 | wv=435 stale=5 ck=ok| obj=inf completion=0.00% finite_obj=0.0% no_solution=100.0% collision=0.0% spectrum=45.0% action_range=[0.000,0.999] solver_status=optimal:0.0%,infeasible:90.0%,unknown:10.0%,error:0.0%,other:0.0% norm_count=35200
2026-09-29 12:47:37 | [QUEUE] | iter=440 | 队列 | sample_queue=0/4 | weight_queues_pending=4/4
2026-09-29 12:47:46 | [UPDATE] | [learner] iter=441 transitions=40 completion=0.00% reward=-1.775 | cost=2.504s | lr_actor=2.868e-04 lr_critic=2.868e-04 | wv=436 stale=5 ck=ok| obj=inf completion=0.00% finite_obj=0.0% no_solution=100.0% collision=0.0% spectrum=65.0% action_range=[0.000,1.000] solver_status=optimal:0.0%,infeasible:92.5%,unknown:7.5%,error:0.0%,other:0.0% norm_count=35280
2026-09-29 12:47:46 | [QUEUE] | iter=441 | 队列 | sample_queue=1/4 | weight_queues_pending=4/4
2026-09-29 12:47:48 | [UPDATE] | [learner] iter=442 transitions=40 completion=0.00% reward=-1.500 | cost=2.334s | lr_actor=2.868e-04 lr_critic=2.868e-04 | wv=436 stale=6 ck=ok| obj=inf completion=0.00% finite_obj=0.0% no_solution=100.0% collision=0.0% spectrum=45.0% action_range=[0.001,0.999] solver_status=optimal:0.0%,infeasible:95.0%,unknown:5.0%,error:0.0%,other:0.0% norm_count=35360
2026-09-29 12:47:48 | [QUEUE] | iter=442 | 队列 | sample_queue=1/4 | weight_queues_pending=4/4
2026-09-29 12:47:50 | [UPDATE] | [learner] iter=443 transitions=40 completion=0.00% reward=-1.475 | cost=2.057s | lr_actor=2.867e-04 lr_critic=2.867e-04 | wv=437 stale=6 ck=ok| obj=inf completion=0.00% finite_obj=0.0% no_solution=100.0% collision=0.0% spectrum=45.0% action_range=[0.001,0.999] solver_status=optimal:0.0%,infeasible:90.0%,unknown:10.0%,error:0.0%,other:0.0% norm_count=35440
2026-09-29 12:47:50 | [QUEUE] | iter=443 | 队列 | sample_queue=0/4 | weight_queues_pending=4/4
2026-09-29 12:48:05 | [UPDATE] | [learner] iter=444 transitions=40 completion=0.00% reward=-1.475 | cost=2.268s | lr_actor=2.867e-04 lr_critic=2.867e-04 | wv=439 stale=5 ck=ok| obj=inf completion=0.00% finite_obj=0.0% no_solution=100.0% collision=0.0% spectrum=42.5% action_range=[0.001,0.998] solver_status=optimal:0.0%,infeasible:87.5%,unknown:12.5%,error:0.0%,other:0.0% norm_count=35520
2026-09-29 12:48:05 | [QUEUE] | iter=444 | 队列 | sample_queue=0/4 | weight_queues_pending=4/4
2026-09-29 12:48:08 | [UPDATE] | [learner] iter=445 transitions=40 completion=2.50% reward=-1.427 | cost=2.159s | lr_actor=2.867e-04 lr_critic=2.867e-04 | wv=440 stale=5 ck=ok| obj=inf completion=2.50% finite_obj=2.5% no_solution=97.5% collision=0.0% spectrum=42.5% action_range=[0.001,1.000] solver_status=optimal:2.5%,infeasible:87.5%,unknown:10.0%,error:0.0%,other:0.0% norm_count=35600
2026-09-29 12:48:08 | [QUEUE] | iter=445 | 队列 | sample_queue=0/4 | weight_queues_pending=4/4
2026-09-29 12:48:11 | [UPDATE] | [learner] iter=446 transitions=40 completion=0.00% reward=-1.575 | cost=2.032s | lr_actor=2.867e-04 lr_critic=2.867e-04 | wv=440 stale=6 ck=ok| obj=inf completion=0.00% finite_obj=0.0% no_solution=100.0% collision=0.0% spectrum=55.0% action_range=[0.001,0.998] solver_status=optimal:0.0%,infeasible:92.5%,unknown:7.5%,error:0.0%,other:0.0% norm_count=35680
2026-09-29 12:48:11 | [QUEUE] | iter=446 | 队列 | sample_queue=1/4 | weight_queues_pending=4/4
2026-09-29 12:48:13 | [UPDATE] | [learner] iter=447 transitions=40 completion=0.00% reward=-1.376 | cost=2.234s | lr_actor=2.866e-04 lr_critic=2.866e-04 | wv=441 stale=6 ck=ok| obj=inf completion=0.00% finite_obj=2.5% no_solution=97.5% collision=0.0% spectrum=37.5% action_range=[0.001,0.999] solver_status=optimal:2.5%,infeasible:90.0%,unknown:7.5%,error:0.0%,other:0.0% norm_count=35760
2026-09-29 12:48:13 | [QUEUE] | iter=447 | 队列 | sample_queue=0/4 | weight_queues_pending=4/4
2026-09-29 12:48:33 | [UPDATE] | [learner] iter=448 transitions=40 completion=0.00% reward=-1.525 | cost=2.280s | lr_actor=2.866e-04 lr_critic=2.866e-04 | wv=445 stale=3 ck=ok| obj=inf completion=0.00% finite_obj=0.0% no_solution=100.0% collision=0.0% spectrum=47.5% action_range=[0.001,0.999] solver_status=optimal:0.0%,infeasible:90.0%,unknown:10.0%,error:0.0%,other:0.0% norm_count=35840
2026-09-29 12:48:33 | [QUEUE] | iter=448 | 队列 | sample_queue=3/4 | weight_queues_pending=4/4
2026-09-29 12:48:36 | [UPDATE] | [learner] iter=449 transitions=40 completion=0.00% reward=-1.625 | cost=2.312s | lr_actor=2.866e-04 lr_critic=2.866e-04 | wv=444 stale=5 ck=ok| obj=inf completion=0.00% finite_obj=0.0% no_solution=100.0% collision=0.0% spectrum=57.5% action_range=[0.000,0.998] solver_status=optimal:0.0%,infeasible:95.0%,unknown:5.0%,error:0.0%,other:0.0% norm_count=35920
2026-09-29 12:48:36 | [QUEUE] | iter=449 | 队列 | sample_queue=2/4 | weight_queues_pending=4/4
2026-09-29 12:48:38 | [UPDATE] | [learner] iter=450 transitions=40 completion=0.00% reward=-1.700 | cost=2.236s | lr_actor=2.865e-04 lr_critic=2.865e-04 | wv=445 stale=5 ck=ok| obj=inf completion=0.00% finite_obj=0.0% no_solution=100.0% collision=0.0% spectrum=60.0% action_range=[0.001,1.000] solver_status=optimal:0.0%,infeasible:95.0%,unknown:5.0%,error:0.0%,other:0.0% norm_count=36000
2026-09-29 12:48:38 | [QUEUE] | iter=450 | 队列 | sample_queue=1/4 | weight_queues_pending=4/4
2026-09-29 12:48:40 | [UPDATE] | [learner] iter=451 transitions=40 completion=0.00% reward=-1.725 | cost=2.612s | lr_actor=2.865e-04 lr_critic=2.865e-04 | wv=443 stale=8 ck=ok| obj=inf completion=0.00% finite_obj=0.0% no_solution=100.0% collision=0.0% spectrum=57.5% action_range=[0.003,0.999] solver_status=optimal:0.0%,infeasible:95.0%,unknown:5.0%,error:0.0%,other:0.0% norm_count=36080
2026-09-29 12:48:40 | [QUEUE] | iter=451 | 队列 | sample_queue=0/4 | weight_queues_pending=4/4
2026-09-29 12:48:56 | [UPDATE] | [learner] iter=452 transitions=40 completion=0.00% reward=-1.600 | cost=2.653s | lr_actor=2.865e-04 lr_critic=2.865e-04 | wv=447 stale=5 ck=ok| obj=inf completion=0.00% finite_obj=0.0% no_solution=100.0% collision=0.0% spectrum=52.5% action_range=[0.002,0.999] solver_status=optimal:0.0%,infeasible:90.0%,unknown:10.0%,error:0.0%,other:0.0% norm_count=36160
2026-09-29 12:48:56 | [QUEUE] | iter=452 | 队列 | sample_queue=1/4 | weight_queues_pending=4/4
2026-09-29 12:48:59 | [UPDATE] | [learner] iter=453 transitions=40 completion=0.00% reward=-1.550 | cost=2.231s | lr_actor=2.864e-04 lr_critic=2.864e-04 | wv=447 stale=6 ck=ok| obj=inf completion=0.00% finite_obj=0.0% no_solution=100.0% collision=0.0% spectrum=50.0% action_range=[0.000,0.998] solver_status=optimal:0.0%,infeasible:87.5%,unknown:12.5%,error:0.0%,other:0.0% norm_count=36240
2026-09-29 12:48:59 | [QUEUE] | iter=453 | 队列 | sample_queue=1/4 | weight_queues_pending=4/4
2026-09-29 12:49:01 | [UPDATE] | [learner] iter=454 transitions=40 completion=0.00% reward=-1.577 | cost=2.230s | lr_actor=2.864e-04 lr_critic=2.864e-04 | wv=447 stale=7 ck=ok| obj=inf completion=0.00% finite_obj=2.5% no_solution=97.5% collision=0.0% spectrum=60.0% action_range=[0.002,0.994] solver_status=optimal:2.5%,infeasible:92.5%,unknown:5.0%,error:0.0%,other:0.0% norm_count=36320
2026-09-29 12:49:01 | [QUEUE] | iter=454 | 队列 | sample_queue=1/4 | weight_queues_pending=4/4
2026-09-29 12:49:03 | [UPDATE] | [learner] iter=455 transitions=40 completion=0.00% reward=-1.575 | cost=2.238s | lr_actor=2.864e-04 lr_critic=2.864e-04 | wv=447 stale=8 ck=ok| obj=inf completion=0.00% finite_obj=0.0% no_solution=100.0% collision=0.0% spectrum=55.0% action_range=[0.000,1.000] solver_status=optimal:0.0%,infeasible:97.5%,unknown:2.5%,error:0.0%,other:0.0% norm_count=36400
2026-09-29 12:49:03 | [QUEUE] | iter=455 | 队列 | sample_queue=0/4 | weight_queues_pending=4/4
2026-09-29 12:49:18 | [UPDATE] | [learner] iter=456 transitions=40 completion=2.50% reward=-1.529 | cost=2.197s | lr_actor=2.863e-04 lr_critic=2.863e-04 | wv=451 stale=5 ck=ok| obj=inf completion=2.50% finite_obj=2.5% no_solution=97.5% collision=0.0% spectrum=55.0% action_range=[0.003,0.997] solver_status=optimal:2.5%,infeasible:87.5%,unknown:10.0%,error:0.0%,other:0.0% norm_count=36480
2026-09-29 12:49:18 | [QUEUE] | iter=456 | 队列 | sample_queue=0/4 | weight_queues_pending=4/4
2026-09-29 12:49:21 | [UPDATE] | [learner] iter=457 transitions=40 completion=0.00% reward=-1.575 | cost=2.363s | lr_actor=2.863e-04 lr_critic=2.863e-04 | wv=452 stale=5 ck=ok| obj=inf completion=0.00% finite_obj=0.0% no_solution=100.0% collision=0.0% spectrum=47.5% action_range=[0.000,0.998] solver_status=optimal:0.0%,infeasible:92.5%,unknown:7.5%,error:0.0%,other:0.0% norm_count=36560
2026-09-29 12:49:21 | [QUEUE] | iter=457 | 队列 | sample_queue=1/4 | weight_queues_pending=4/4
2026-09-29 12:49:23 | [UPDATE] | [learner] iter=458 transitions=40 completion=0.00% reward=-1.625 | cost=2.118s | lr_actor=2.863e-04 lr_critic=2.863e-04 | wv=447 stale=11 ck=ok| obj=inf completion=0.00% finite_obj=0.0% no_solution=100.0% collision=0.0% spectrum=57.5% action_range=[0.001,0.998] solver_status=optimal:0.0%,infeasible:100.0%,unknown:0.0%,error:0.0%,other:0.0% norm_count=36640
2026-09-29 12:49:23 | [QUEUE] | iter=458 | 队列 | sample_queue=0/4 | weight_queues_pending=4/4
2026-09-29 12:49:31 | [UPDATE] | [learner] iter=459 transitions=40 completion=0.00% reward=-1.450 | cost=2.072s | lr_actor=2.863e-04 lr_critic=2.863e-04 | wv=453 stale=6 ck=ok| obj=inf completion=0.00% finite_obj=0.0% no_solution=100.0% collision=0.0% spectrum=40.0% action_range=[0.005,0.996] solver_status=optimal:0.0%,infeasible:90.0%,unknown:10.0%,error:0.0%,other:0.0% norm_count=36720
2026-09-29 12:49:31 | [QUEUE] | iter=459 | 队列 | sample_queue=0/4 | weight_queues_pending=4/4
2026-09-29 12:49:42 | [UPDATE] | [learner] iter=460 transitions=40 completion=0.00% reward=-1.575 | cost=2.241s | lr_actor=2.862e-04 lr_critic=2.862e-04 | wv=455 stale=5 ck=ok| obj=inf completion=0.00% finite_obj=0.0% no_solution=100.0% collision=0.0% spectrum=50.0% action_range=[0.003,1.000] solver_status=optimal:0.0%,infeasible:92.5%,unknown:7.5%,error:0.0%,other:0.0% norm_count=36800
2026-09-29 12:49:42 | [QUEUE] | iter=460 | 队列 | sample_queue=0/4 | weight_queues_pending=4/4
2026-09-29 12:49:45 | [UPDATE] | [learner] iter=461 transitions=40 completion=0.00% reward=-1.575 | cost=2.172s | lr_actor=2.862e-04 lr_critic=2.862e-04 | wv=456 stale=5 ck=ok| obj=inf completion=0.00% finite_obj=0.0% no_solution=100.0% collision=0.0% spectrum=45.0% action_range=[0.001,0.999] solver_status=optimal:0.0%,infeasible:90.0%,unknown:10.0%,error:0.0%,other:0.0% norm_count=36880
2026-09-29 12:49:45 | [QUEUE] | iter=461 | 队列 | sample_queue=0/4 | weight_queues_pending=4/4
2026-09-29 12:49:48 | [UPDATE] | [learner] iter=462 transitions=40 completion=0.00% reward=-1.501 | cost=2.231s | lr_actor=2.862e-04 lr_critic=2.862e-04 | wv=456 stale=6 ck=ok| obj=inf completion=0.00% finite_obj=2.5% no_solution=97.5% collision=0.0% spectrum=47.5% action_range=[0.000,0.998] solver_status=optimal:2.5%,infeasible:85.0%,unknown:12.5%,error:0.0%,other:0.0% norm_count=36960
2026-09-29 12:49:48 | [QUEUE] | iter=462 | 队列 | sample_queue=0/4 | weight_queues_pending=4/4
2026-09-29 12:49:58 | [UPDATE] | [learner] iter=463 transitions=40 completion=0.00% reward=-1.600 | cost=2.101s | lr_actor=2.861e-04 lr_critic=2.861e-04 | wv=458 stale=5 ck=ok| obj=inf completion=0.00% finite_obj=0.0% no_solution=100.0% collision=0.0% spectrum=50.0% action_range=[0.000,1.000] solver_status=optimal:0.0%,infeasible:97.5%,unknown:2.5%,error:0.0%,other:0.0% norm_count=37040
2026-09-29 12:49:58 | [QUEUE] | iter=463 | 队列 | sample_queue=0/4 | weight_queues_pending=4/4
2026-09-29 12:50:04 | [UPDATE] | [learner] iter=464 transitions=40 completion=2.50% reward=-1.505 | cost=2.404s | lr_actor=2.861e-04 lr_critic=2.861e-04 | wv=459 stale=5 ck=ok| obj=inf completion=2.50% finite_obj=2.5% no_solution=97.5% collision=0.0% spectrum=50.0% action_range=[0.001,0.995] solver_status=optimal:2.5%,infeasible:92.5%,unknown:5.0%,error:0.0%,other:0.0% norm_count=37120
2026-09-29 12:50:04 | [QUEUE] | iter=464 | 队列 | sample_queue=0/4 | weight_queues_pending=4/4
2026-09-29 12:50:09 | [UPDATE] | [learner] iter=465 transitions=40 completion=0.00% reward=-1.425 | cost=1.993s | lr_actor=2.861e-04 lr_critic=2.861e-04 | wv=460 stale=5 ck=ok| obj=inf completion=0.00% finite_obj=0.0% no_solution=100.0% collision=0.0% spectrum=42.5% action_range=[0.001,0.998] solver_status=optimal:0.0%,infeasible:87.5%,unknown:12.5%,error:0.0%,other:0.0% norm_count=37200
2026-09-29 12:50:09 | [QUEUE] | iter=465 | 队列 | sample_queue=0/4 | weight_queues_pending=4/4
2026-09-29 12:50:13 | [UPDATE] | [learner] iter=466 transitions=40 completion=0.00% reward=-1.380 | cost=2.150s | lr_actor=2.860e-04 lr_critic=2.860e-04 | wv=461 stale=5 ck=ok| obj=inf completion=0.00% finite_obj=5.0% no_solution=95.0% collision=0.0% spectrum=45.0% action_range=[0.001,1.000] solver_status=optimal:5.0%,infeasible:87.5%,unknown:7.5%,error:0.0%,other:0.0% norm_count=37280
2026-09-29 12:50:13 | [QUEUE] | iter=466 | 队列 | sample_queue=0/4 | weight_queues_pending=4/4
2026-09-29 12:50:25 | [UPDATE] | [learner] iter=467 transitions=40 completion=0.00% reward=-1.750 | cost=2.149s | lr_actor=2.860e-04 lr_critic=2.860e-04 | wv=463 stale=4 ck=ok| obj=inf completion=0.00% finite_obj=0.0% no_solution=100.0% collision=0.0% spectrum=55.0% action_range=[0.001,1.000] solver_status=optimal:0.0%,infeasible:87.5%,unknown:12.5%,error:0.0%,other:0.0% norm_count=37360
2026-09-29 12:50:25 | [QUEUE] | iter=467 | 队列 | sample_queue=0/4 | weight_queues_pending=4/4
2026-09-29 12:50:28 | [UPDATE] | [learner] iter=468 transitions=40 completion=0.00% reward=-1.600 | cost=2.372s | lr_actor=2.860e-04 lr_critic=2.860e-04 | wv=462 stale=6 ck=ok| obj=inf completion=0.00% finite_obj=0.0% no_solution=100.0% collision=0.0% spectrum=57.5% action_range=[0.003,0.999] solver_status=optimal:0.0%,infeasible:92.5%,unknown:7.5%,error:0.0%,other:0.0% norm_count=37440
2026-09-29 12:50:28 | [QUEUE] | iter=468 | 队列 | sample_queue=0/4 | weight_queues_pending=4/4
2026-09-29 12:50:33 | [UPDATE] | [learner] iter=469 transitions=40 completion=0.00% reward=-1.350 | cost=2.270s | lr_actor=2.860e-04 lr_critic=2.860e-04 | wv=464 stale=5 ck=ok| obj=inf completion=0.00% finite_obj=0.0% no_solution=100.0% collision=0.0% spectrum=35.0% action_range=[0.000,0.999] solver_status=optimal:0.0%,infeasible:95.0%,unknown:5.0%,error:0.0%,other:0.0% norm_count=37520
2026-09-29 12:50:33 | [QUEUE] | iter=469 | 队列 | sample_queue=0/4 | weight_queues_pending=4/4
2026-09-29 12:50:41 | [UPDATE] | [learner] iter=470 transitions=40 completion=0.00% reward=-1.800 | cost=2.233s | lr_actor=2.859e-04 lr_critic=2.859e-04 | wv=465 stale=5 ck=ok| obj=inf completion=0.00% finite_obj=0.0% no_solution=100.0% collision=0.0% spectrum=67.5% action_range=[0.001,1.000] solver_status=optimal:0.0%,infeasible:92.5%,unknown:7.5%,error:0.0%,other:0.0% norm_count=37600
2026-09-29 12:50:41 | [QUEUE] | iter=470 | 队列 | sample_queue=0/4 | weight_queues_pending=4/4
2026-09-29 12:50:48 | [UPDATE] | [learner] iter=471 transitions=40 completion=2.50% reward=-1.603 | cost=2.184s | lr_actor=2.859e-04 lr_critic=2.859e-04 | wv=466 stale=5 ck=ok| obj=inf completion=2.50% finite_obj=2.5% no_solution=97.5% collision=0.0% spectrum=50.0% action_range=[0.001,0.999] solver_status=optimal:2.5%,infeasible:80.0%,unknown:17.5%,error:0.0%,other:0.0% norm_count=37680
2026-09-29 12:50:48 | [QUEUE] | iter=471 | 队列 | sample_queue=0/4 | weight_queues_pending=4/4
2026-09-29 12:50:56 | [UPDATE] | [learner] iter=472 transitions=40 completion=0.00% reward=-1.475 | cost=2.237s | lr_actor=2.859e-04 lr_critic=2.859e-04 | wv=468 stale=4 ck=ok| obj=inf completion=0.00% finite_obj=0.0% no_solution=100.0% collision=0.0% spectrum=45.0% action_range=[0.001,0.999] solver_status=optimal:0.0%,infeasible:92.5%,unknown:7.5%,error:0.0%,other:0.0% norm_count=37760
2026-09-29 12:50:56 | [QUEUE] | iter=472 | 队列 | sample_queue=1/4 | weight_queues_pending=4/4
2026-09-29 12:50:58 | [UPDATE] | [learner] iter=473 transitions=40 completion=2.50% reward=-1.176 | cost=2.228s | lr_actor=2.858e-04 lr_critic=2.858e-04 | wv=467 stale=6 ck=ok| obj=inf completion=2.50% finite_obj=2.5% no_solution=97.5% collision=0.0% spectrum=20.0% action_range=[0.000,0.997] solver_status=optimal:2.5%,infeasible:92.5%,unknown:5.0%,error:0.0%,other:0.0% norm_count=37840
2026-09-29 12:50:58 | [QUEUE] | iter=473 | 队列 | sample_queue=0/4 | weight_queues_pending=4/4
2026-09-29 12:51:04 | [UPDATE] | [learner] iter=474 transitions=40 completion=0.00% reward=-1.502 | cost=2.384s | lr_actor=2.858e-04 lr_critic=2.858e-04 | wv=469 stale=5 ck=ok| obj=inf completion=0.00% finite_obj=2.5% no_solution=97.5% collision=0.0% spectrum=45.0% action_range=[0.002,0.997] solver_status=optimal:2.5%,infeasible:92.5%,unknown:5.0%,error:0.0%,other:0.0% norm_count=37920
2026-09-29 12:51:04 | [QUEUE] | iter=474 | 队列 | sample_queue=0/4 | weight_queues_pending=4/4
2026-09-29 12:51:11 | [UPDATE] | [learner] iter=475 transitions=40 completion=0.00% reward=-1.426 | cost=1.912s | lr_actor=2.858e-04 lr_critic=2.858e-04 | wv=470 stale=5 ck=ok| obj=inf completion=0.00% finite_obj=2.5% no_solution=97.5% collision=0.0% spectrum=42.5% action_range=[0.001,0.999] solver_status=optimal:2.5%,infeasible:87.5%,unknown:10.0%,error:0.0%,other:0.0% norm_count=38000
2026-09-29 12:51:11 | [QUEUE] | iter=475 | 队列 | sample_queue=0/4 | weight_queues_pending=4/4
2026-09-29 12:51:20 | [UPDATE] | [learner] iter=476 transitions=40 completion=0.00% reward=-1.503 | cost=2.095s | lr_actor=2.857e-04 lr_critic=2.857e-04 | wv=471 stale=5 ck=ok| obj=inf completion=0.00% finite_obj=2.5% no_solution=97.5% collision=0.0% spectrum=50.0% action_range=[0.000,0.999] solver_status=optimal:2.5%,infeasible:95.0%,unknown:2.5%,error:0.0%,other:0.0% norm_count=38080
2026-09-29 12:51:20 | [QUEUE] | iter=476 | 队列 | sample_queue=0/4 | weight_queues_pending=4/4
2026-09-29 12:51:26 | [UPDATE] | [learner] iter=477 transitions=40 completion=0.00% reward=-1.550 | cost=2.325s | lr_actor=2.857e-04 lr_critic=2.857e-04 | wv=471 stale=6 ck=ok| obj=inf completion=0.00% finite_obj=0.0% no_solution=100.0% collision=0.0% spectrum=47.5% action_range=[0.001,0.999] solver_status=optimal:0.0%,infeasible:95.0%,unknown:5.0%,error:0.0%,other:0.0% norm_count=38160
2026-09-29 12:51:26 | [QUEUE] | iter=477 | 队列 | sample_queue=0/4 | weight_queues_pending=4/4
2026-09-29 12:51:28 | [UPDATE] | [learner] iter=478 transitions=40 completion=0.00% reward=-1.725 | cost=2.005s | lr_actor=2.857e-04 lr_critic=2.857e-04 | wv=473 stale=5 ck=ok| obj=inf completion=0.00% finite_obj=0.0% no_solution=100.0% collision=0.0% spectrum=60.0% action_range=[0.001,0.999] solver_status=optimal:0.0%,infeasible:97.5%,unknown:2.5%,error:0.0%,other:0.0% norm_count=38240
2026-09-29 12:51:28 | [QUEUE] | iter=478 | 队列 | sample_queue=0/4 | weight_queues_pending=4/4
2026-09-29 12:51:37 | [UPDATE] | [learner] iter=479 transitions=40 completion=0.00% reward=-1.575 | cost=2.285s | lr_actor=2.857e-04 lr_critic=2.857e-04 | wv=474 stale=5 ck=ok| obj=inf completion=0.00% finite_obj=0.0% no_solution=100.0% collision=0.0% spectrum=52.5% action_range=[0.000,1.000] solver_status=optimal:0.0%,infeasible:100.0%,unknown:0.0%,error:0.0%,other:0.0% norm_count=38320
2026-09-29 12:51:37 | [QUEUE] | iter=479 | 队列 | sample_queue=0/4 | weight_queues_pending=4/4
2026-09-29 12:51:44 | [UPDATE] | [learner] iter=480 transitions=40 completion=2.50% reward=-1.426 | cost=2.082s | lr_actor=2.856e-04 lr_critic=2.856e-04 | wv=475 stale=5 ck=ok| obj=inf completion=2.50% finite_obj=2.5% no_solution=97.5% collision=0.0% spectrum=47.5% action_range=[0.001,0.999] solver_status=optimal:2.5%,infeasible:80.0%,unknown:17.5%,error:0.0%,other:0.0% norm_count=38400
2026-09-29 12:51:44 | [QUEUE] | iter=480 | 队列 | sample_queue=0/4 | weight_queues_pending=4/4
2026-09-29 12:51:50 | [UPDATE] | [learner] iter=481 transitions=40 completion=0.00% reward=-1.375 | cost=2.166s | lr_actor=2.856e-04 lr_critic=2.856e-04 | wv=476 stale=5 ck=ok| obj=inf completion=0.00% finite_obj=0.0% no_solution=100.0% collision=0.0% spectrum=37.5% action_range=[0.000,0.998] solver_status=optimal:0.0%,infeasible:85.0%,unknown:15.0%,error:0.0%,other:0.0% norm_count=38480
2026-09-29 12:51:50 | [QUEUE] | iter=481 | 队列 | sample_queue=0/4 | weight_queues_pending=4/4
2026-09-29 12:51:55 | [UPDATE] | [learner] iter=482 transitions=40 completion=0.00% reward=-1.477 | cost=2.173s | lr_actor=2.856e-04 lr_critic=2.856e-04 | wv=477 stale=5 ck=ok| obj=inf completion=0.00% finite_obj=2.5% no_solution=97.5% collision=0.0% spectrum=47.5% action_range=[0.001,1.000] solver_status=optimal:2.5%,infeasible:92.5%,unknown:5.0%,error:0.0%,other:0.0% norm_count=38560
2026-09-29 12:51:55 | [QUEUE] | iter=482 | 队列 | sample_queue=0/4 | weight_queues_pending=4/4
2026-09-29 12:52:02 | [UPDATE] | [learner] iter=483 transitions=40 completion=0.00% reward=-1.500 | cost=2.188s | lr_actor=2.855e-04 lr_critic=2.855e-04 | wv=478 stale=5 ck=ok| obj=inf completion=0.00% finite_obj=0.0% no_solution=100.0% collision=0.0% spectrum=40.0% action_range=[0.001,0.999] solver_status=optimal:0.0%,infeasible:87.5%,unknown:12.5%,error:0.0%,other:0.0% norm_count=38640
2026-09-29 12:52:02 | [QUEUE] | iter=483 | 队列 | sample_queue=0/4 | weight_queues_pending=4/4
2026-09-29 12:52:08 | [UPDATE] | [learner] iter=484 transitions=40 completion=0.00% reward=-1.452 | cost=2.162s | lr_actor=2.855e-04 lr_critic=2.855e-04 | wv=479 stale=5 ck=ok| obj=inf completion=0.00% finite_obj=2.5% no_solution=97.5% collision=0.0% spectrum=45.0% action_range=[0.000,0.999] solver_status=optimal:2.5%,infeasible:92.5%,unknown:5.0%,error:0.0%,other:0.0% norm_count=38720
2026-09-29 12:52:08 | [QUEUE] | iter=484 | 队列 | sample_queue=0/4 | weight_queues_pending=4/4
2026-09-29 12:52:18 | [UPDATE] | [learner] iter=485 transitions=40 completion=0.00% reward=-1.475 | cost=2.199s | lr_actor=2.855e-04 lr_critic=2.855e-04 | wv=480 stale=5 ck=ok| obj=inf completion=0.00% finite_obj=0.0% no_solution=100.0% collision=0.0% spectrum=42.5% action_range=[0.010,0.998] solver_status=optimal:0.0%,infeasible:95.0%,unknown:5.0%,error:0.0%,other:0.0% norm_count=38800
2026-09-29 12:52:18 | [QUEUE] | iter=485 | 队列 | sample_queue=1/4 | weight_queues_pending=4/4
2026-09-29 12:52:20 | [UPDATE] | [learner] iter=486 transitions=40 completion=0.00% reward=-1.400 | cost=2.213s | lr_actor=2.854e-04 lr_critic=2.854e-04 | wv=481 stale=5 ck=ok| obj=inf completion=0.00% finite_obj=0.0% no_solution=100.0% collision=0.0% spectrum=37.5% action_range=[0.001,1.000] solver_status=optimal:0.0%,infeasible:97.5%,unknown:2.5%,error:0.0%,other:0.0% norm_count=38880
2026-09-29 12:52:20 | [QUEUE] | iter=486 | 队列 | sample_queue=0/4 | weight_queues_pending=4/4
2026-09-29 12:52:27 | [UPDATE] | [learner] iter=487 transitions=40 completion=2.50% reward=-1.451 | cost=2.265s | lr_actor=2.854e-04 lr_critic=2.854e-04 | wv=482 stale=5 ck=ok| obj=inf completion=2.50% finite_obj=2.5% no_solution=97.5% collision=0.0% spectrum=47.5% action_range=[0.000,1.000] solver_status=optimal:2.5%,infeasible:90.0%,unknown:7.5%,error:0.0%,other:0.0% norm_count=38960
2026-09-29 12:52:27 | [QUEUE] | iter=487 | 队列 | sample_queue=0/4 | weight_queues_pending=4/4
2026-09-29 12:52:32 | [UPDATE] | [learner] iter=488 transitions=40 completion=0.00% reward=-1.526 | cost=2.197s | lr_actor=2.854e-04 lr_critic=2.854e-04 | wv=483 stale=5 ck=ok| obj=inf completion=0.00% finite_obj=2.5% no_solution=97.5% collision=0.0% spectrum=52.5% action_range=[0.003,0.999] solver_status=optimal:2.5%,infeasible:90.0%,unknown:7.5%,error:0.0%,other:0.0% norm_count=39040
2026-09-29 12:52:32 | [QUEUE] | iter=488 | 队列 | sample_queue=0/4 | weight_queues_pending=4/4
2026-09-29 12:52:42 | [UPDATE] | [learner] iter=489 transitions=40 completion=0.00% reward=-1.550 | cost=2.479s | lr_actor=2.854e-04 lr_critic=2.854e-04 | wv=484 stale=5 ck=ok| obj=inf completion=0.00% finite_obj=0.0% no_solution=100.0% collision=0.0% spectrum=50.0% action_range=[0.001,0.999] solver_status=optimal:0.0%,infeasible:90.0%,unknown:10.0%,error:0.0%,other:0.0% norm_count=39120
2026-09-29 12:52:42 | [QUEUE] | iter=489 | 队列 | sample_queue=1/4 | weight_queues_pending=4/4
2026-09-29 12:52:44 | [UPDATE] | [learner] iter=490 transitions=40 completion=0.00% reward=-1.650 | cost=2.214s | lr_actor=2.853e-04 lr_critic=2.853e-04 | wv=484 stale=6 ck=ok| obj=inf completion=0.00% finite_obj=0.0% no_solution=100.0% collision=0.0% spectrum=52.5% action_range=[0.000,1.000] solver_status=optimal:0.0%,infeasible:90.0%,unknown:10.0%,error:0.0%,other:0.0% norm_count=39200
2026-09-29 12:52:44 | [QUEUE] | iter=490 | 队列 | sample_queue=0/4 | weight_queues_pending=4/4
2026-09-29 12:52:50 | [UPDATE] | [learner] iter=491 transitions=40 completion=0.00% reward=-1.452 | cost=1.924s | lr_actor=2.853e-04 lr_critic=2.853e-04 | wv=486 stale=5 ck=ok| obj=inf completion=0.00% finite_obj=2.5% no_solution=97.5% collision=0.0% spectrum=45.0% action_range=[0.002,0.999] solver_status=optimal:2.5%,infeasible:92.5%,unknown:5.0%,error:0.0%,other:0.0% norm_count=39280
2026-09-29 12:52:50 | [QUEUE] | iter=491 | 队列 | sample_queue=0/4 | weight_queues_pending=4/4
2026-09-29 12:52:54 | [UPDATE] | [learner] iter=492 transitions=40 completion=0.00% reward=-1.500 | cost=2.090s | lr_actor=2.853e-04 lr_critic=2.853e-04 | wv=487 stale=5 ck=ok| obj=inf completion=0.00% finite_obj=0.0% no_solution=100.0% collision=0.0% spectrum=47.5% action_range=[0.001,0.998] solver_status=optimal:0.0%,infeasible:87.5%,unknown:12.5%,error:0.0%,other:0.0% norm_count=39360
2026-09-29 12:52:54 | [QUEUE] | iter=492 | 队列 | sample_queue=0/4 | weight_queues_pending=4/4
2026-09-29 12:53:02 | [UPDATE] | [learner] iter=493 transitions=40 completion=0.00% reward=-1.500 | cost=2.098s | lr_actor=2.852e-04 lr_critic=2.852e-04 | wv=488 stale=5 ck=ok| obj=inf completion=0.00% finite_obj=0.0% no_solution=100.0% collision=0.0% spectrum=47.5% action_range=[0.005,0.999] solver_status=optimal:0.0%,infeasible:95.0%,unknown:5.0%,error:0.0%,other:0.0% norm_count=39440
2026-09-29 12:53:02 | [QUEUE] | iter=493 | 队列 | sample_queue=0/4 | weight_queues_pending=4/4
2026-09-29 12:53:13 | [UPDATE] | [learner] iter=494 transitions=40 completion=0.00% reward=-1.475 | cost=2.139s | lr_actor=2.852e-04 lr_critic=2.852e-04 | wv=488 stale=6 ck=ok| obj=inf completion=0.00% finite_obj=0.0% no_solution=100.0% collision=0.0% spectrum=42.5% action_range=[0.001,0.999] solver_status=optimal:0.0%,infeasible:82.5%,unknown:17.5%,error:0.0%,other:0.0% norm_count=39520
2026-09-29 12:53:13 | [QUEUE] | iter=494 | 队列 | sample_queue=1/4 | weight_queues_pending=4/4
2026-09-29 12:53:15 | [UPDATE] | [learner] iter=495 transitions=40 completion=0.00% reward=-1.575 | cost=2.237s | lr_actor=2.852e-04 lr_critic=2.852e-04 | wv=490 stale=5 ck=ok| obj=inf completion=0.00% finite_obj=0.0% no_solution=100.0% collision=0.0% spectrum=50.0% action_range=[0.002,0.998] solver_status=optimal:0.0%,infeasible:97.5%,unknown:2.5%,error:0.0%,other:0.0% norm_count=39600
2026-09-29 12:53:15 | [QUEUE] | iter=495 | 队列 | sample_queue=0/4 | weight_queues_pending=4/4
2026-09-29 12:53:19 | [UPDATE] | [learner] iter=496 transitions=40 completion=0.00% reward=-1.625 | cost=2.054s | lr_actor=2.851e-04 lr_critic=2.851e-04 | wv=491 stale=5 ck=ok| obj=inf completion=0.00% finite_obj=0.0% no_solution=100.0% collision=0.0% spectrum=55.0% action_range=[0.001,1.000] solver_status=optimal:0.0%,infeasible:90.0%,unknown:10.0%,error:0.0%,other:0.0% norm_count=39680
2026-09-29 12:53:19 | [QUEUE] | iter=496 | 队列 | sample_queue=0/4 | weight_queues_pending=4/4
2026-09-29 12:53:26 | [UPDATE] | [learner] iter=497 transitions=40 completion=0.00% reward=-1.575 | cost=2.424s | lr_actor=2.851e-04 lr_critic=2.851e-04 | wv=492 stale=5 ck=ok| obj=inf completion=0.00% finite_obj=0.0% no_solution=100.0% collision=0.0% spectrum=50.0% action_range=[0.001,1.000] solver_status=optimal:0.0%,infeasible:90.0%,unknown:10.0%,error:0.0%,other:0.0% norm_count=39760
2026-09-29 12:53:26 | [QUEUE] | iter=497 | 队列 | sample_queue=0/4 | weight_queues_pending=4/4
2026-09-29 12:53:36 | [UPDATE] | [learner] iter=498 transitions=40 completion=0.00% reward=-1.477 | cost=1.934s | lr_actor=2.851e-04 lr_critic=2.851e-04 | wv=493 stale=5 ck=ok| obj=inf completion=0.00% finite_obj=2.5% no_solution=97.5% collision=0.0% spectrum=47.5% action_range=[0.000,1.000] solver_status=optimal:2.5%,infeasible:90.0%,unknown:7.5%,error:0.0%,other:0.0% norm_count=39840
2026-09-29 12:53:36 | [QUEUE] | iter=498 | 队列 | sample_queue=0/4 | weight_queues_pending=4/4
2026-09-29 12:53:40 | [UPDATE] | [learner] iter=499 transitions=40 completion=5.00% reward=-1.405 | cost=2.451s | lr_actor=2.851e-04 lr_critic=2.851e-04 | wv=493 stale=6 ck=ok| obj=inf completion=5.00% finite_obj=5.0% no_solution=95.0% collision=0.0% spectrum=45.0% action_range=[0.001,0.999] solver_status=optimal:5.0%,infeasible:87.5%,unknown:7.5%,error:0.0%,other:0.0% norm_count=39920
2026-09-29 12:53:40 | [QUEUE] | iter=499 | 队列 | sample_queue=0/4 | weight_queues_pending=4/4
2026-09-29 12:53:44 | [UPDATE] | [learner] iter=500 transitions=40 completion=0.00% reward=-1.375 | cost=2.295s | lr_actor=2.850e-04 lr_critic=2.850e-04 | wv=495 stale=5 ck=ok| obj=inf completion=0.00% finite_obj=0.0% no_solution=100.0% collision=0.0% spectrum=37.5% action_range=[0.001,1.000] solver_status=optimal:0.0%,infeasible:87.5%,unknown:12.5%,error:0.0%,other:0.0% norm_count=40000
2026-09-29 12:53:44 | [QUEUE] | iter=500 | 队列 | sample_queue=0/4 | weight_queues_pending=4/4
2026-09-29 12:53:49 | [UPDATE] | [learner] iter=501 transitions=40 completion=0.00% reward=-1.375 | cost=2.077s | lr_actor=2.850e-04 lr_critic=2.850e-04 | wv=496 stale=5 ck=ok| obj=inf completion=0.00% finite_obj=0.0% no_solution=100.0% collision=0.0% spectrum=37.5% action_range=[0.000,1.000] solver_status=optimal:0.0%,infeasible:87.5%,unknown:12.5%,error:0.0%,other:0.0% norm_count=40080
2026-09-29 12:53:49 | [QUEUE] | iter=501 | 队列 | sample_queue=0/4 | weight_queues_pending=4/4
2026-09-29 12:54:01 | [UPDATE] | [learner] iter=502 transitions=40 completion=0.00% reward=-1.550 | cost=2.177s | lr_actor=2.850e-04 lr_critic=2.850e-04 | wv=497 stale=5 ck=ok| obj=inf completion=0.00% finite_obj=0.0% no_solution=100.0% collision=0.0% spectrum=50.0% action_range=[0.001,0.999] solver_status=optimal:0.0%,infeasible:92.5%,unknown:7.5%,error:0.0%,other:0.0% norm_count=40160
2026-09-29 12:54:01 | [QUEUE] | iter=502 | 队列 | sample_queue=0/4 | weight_queues_pending=4/4
2026-09-29 12:54:09 | [UPDATE] | [learner] iter=503 transitions=40 completion=2.50% reward=-1.578 | cost=2.256s | lr_actor=2.849e-04 lr_critic=2.849e-04 | wv=499 stale=4 ck=ok| obj=inf completion=2.50% finite_obj=2.5% no_solution=97.5% collision=0.0% spectrum=50.0% action_range=[0.005,0.999] solver_status=optimal:2.5%,infeasible:92.5%,unknown:5.0%,error:0.0%,other:0.0% norm_count=40240
2026-09-29 12:54:09 | [QUEUE] | iter=503 | 队列 | sample_queue=1/4 | weight_queues_pending=4/4
2026-09-29 12:54:11 | [UPDATE] | [learner] iter=504 transitions=40 completion=2.50% reward=-1.380 | cost=1.995s | lr_actor=2.849e-04 lr_critic=2.849e-04 | wv=498 stale=6 ck=ok| obj=inf completion=2.50% finite_obj=2.5% no_solution=97.5% collision=0.0% spectrum=40.0% action_range=[0.000,1.000] solver_status=optimal:2.5%,infeasible:97.5%,unknown:0.0%,error:0.0%,other:0.0% norm_count=40320
2026-09-29 12:54:11 | [QUEUE] | iter=504 | 队列 | sample_queue=0/4 | weight_queues_pending=4/4
2026-09-29 12:54:15 | [UPDATE] | [learner] iter=505 transitions=40 completion=0.00% reward=-1.550 | cost=2.099s | lr_actor=2.849e-04 lr_critic=2.849e-04 | wv=500 stale=5 ck=ok| obj=inf completion=0.00% finite_obj=0.0% no_solution=100.0% collision=0.0% spectrum=47.5% action_range=[0.000,0.999] solver_status=optimal:0.0%,infeasible:100.0%,unknown:0.0%,error:0.0%,other:0.0% norm_count=40400
2026-09-29 12:54:15 | [QUEUE] | iter=505 | 队列 | sample_queue=0/4 | weight_queues_pending=4/4
2026-09-29 12:54:26 | [UPDATE] | [learner] iter=506 transitions=40 completion=0.00% reward=-1.550 | cost=2.168s | lr_actor=2.848e-04 lr_critic=2.848e-04 | wv=501 stale=5 ck=ok| obj=inf completion=0.00% finite_obj=0.0% no_solution=100.0% collision=0.0% spectrum=47.5% action_range=[0.001,1.000] solver_status=optimal:0.0%,infeasible:97.5%,unknown:2.5%,error:0.0%,other:0.0% norm_count=40480
2026-09-29 12:54:26 | [QUEUE] | iter=506 | 队列 | sample_queue=0/4 | weight_queues_pending=4/4
2026-09-29 12:54:33 | [UPDATE] | [learner] iter=507 transitions=40 completion=0.00% reward=-1.525 | cost=2.213s | lr_actor=2.848e-04 lr_critic=2.848e-04 | wv=502 stale=5 ck=ok| obj=inf completion=0.00% finite_obj=0.0% no_solution=100.0% collision=0.0% spectrum=45.0% action_range=[0.001,0.997] solver_status=optimal:0.0%,infeasible:87.5%,unknown:12.5%,error:0.0%,other:0.0% norm_count=40560
2026-09-29 12:54:33 | [QUEUE] | iter=507 | 队列 | sample_queue=0/4 | weight_queues_pending=4/4
2026-09-29 12:54:37 | [UPDATE] | [learner] iter=508 transitions=40 completion=0.00% reward=-1.350 | cost=2.282s | lr_actor=2.848e-04 lr_critic=2.848e-04 | wv=502 stale=6 ck=ok| obj=inf completion=0.00% finite_obj=0.0% no_solution=100.0% collision=0.0% spectrum=32.5% action_range=[0.000,0.999] solver_status=optimal:0.0%,infeasible:92.5%,unknown:7.5%,error:0.0%,other:0.0% norm_count=40640
2026-09-29 12:54:37 | [QUEUE] | iter=508 | 队列 | sample_queue=0/4 | weight_queues_pending=4/4
2026-09-29 12:54:39 | [UPDATE] | [learner] iter=509 transitions=40 completion=0.00% reward=-1.527 | cost=2.142s | lr_actor=2.848e-04 lr_critic=2.848e-04 | wv=504 stale=5 ck=ok| obj=inf completion=0.00% finite_obj=2.5% no_solution=97.5% collision=0.0% spectrum=52.5% action_range=[0.002,0.999] solver_status=optimal:2.5%,infeasible:97.5%,unknown:0.0%,error:0.0%,other:0.0% norm_count=40720
2026-09-29 12:54:39 | [QUEUE] | iter=509 | 队列 | sample_queue=0/4 | weight_queues_pending=4/4
2026-09-29 12:54:51 | [UPDATE] | [learner] iter=510 transitions=40 completion=0.00% reward=-1.625 | cost=2.004s | lr_actor=2.847e-04 lr_critic=2.847e-04 | wv=505 stale=5 ck=ok| obj=inf completion=0.00% finite_obj=0.0% no_solution=100.0% collision=0.0% spectrum=50.0% action_range=[0.001,1.000] solver_status=optimal:0.0%,infeasible:90.0%,unknown:10.0%,error:0.0%,other:0.0% norm_count=40800
2026-09-29 12:54:51 | [QUEUE] | iter=510 | 队列 | sample_queue=0/4 | weight_queues_pending=4/4
2026-09-29 12:54:56 | [UPDATE] | [learner] iter=511 transitions=40 completion=0.00% reward=-1.625 | cost=2.091s | lr_actor=2.847e-04 lr_critic=2.847e-04 | wv=506 stale=5 ck=ok| obj=inf completion=0.00% finite_obj=0.0% no_solution=100.0% collision=0.0% spectrum=55.0% action_range=[0.001,0.998] solver_status=optimal:0.0%,infeasible:95.0%,unknown:5.0%,error:0.0%,other:0.0% norm_count=40880
2026-09-29 12:54:56 | [QUEUE] | iter=511 | 队列 | sample_queue=0/4 | weight_queues_pending=4/4
2026-09-29 12:55:02 | [UPDATE] | [learner] iter=512 transitions=40 completion=0.00% reward=-1.475 | cost=2.187s | lr_actor=2.847e-04 lr_critic=2.847e-04 | wv=507 stale=5 ck=ok| obj=inf completion=0.00% finite_obj=0.0% no_solution=100.0% collision=0.0% spectrum=45.0% action_range=[0.001,0.999] solver_status=optimal:0.0%,infeasible:92.5%,unknown:7.5%,error:0.0%,other:0.0% norm_count=40960
2026-09-29 12:55:02 | [QUEUE] | iter=512 | 队列 | sample_queue=1/4 | weight_queues_pending=4/4
2026-09-29 12:55:04 | [UPDATE] | [learner] iter=513 transitions=40 completion=0.00% reward=-1.625 | cost=2.271s | lr_actor=2.846e-04 lr_critic=2.846e-04 | wv=508 stale=5 ck=ok| obj=inf completion=0.00% finite_obj=0.0% no_solution=100.0% collision=0.0% spectrum=60.0% action_range=[0.001,0.998] solver_status=optimal:0.0%,infeasible:95.0%,unknown:5.0%,error:0.0%,other:0.0% norm_count=41040
2026-09-29 12:55:04 | [QUEUE] | iter=513 | 队列 | sample_queue=0/4 | weight_queues_pending=4/4
2026-09-29 12:55:16 | [UPDATE] | [learner] iter=514 transitions=40 completion=2.50% reward=-1.451 | cost=2.175s | lr_actor=2.846e-04 lr_critic=2.846e-04 | wv=509 stale=5 ck=ok| obj=inf completion=2.50% finite_obj=2.5% no_solution=97.5% collision=0.0% spectrum=50.0% action_range=[0.001,1.000] solver_status=optimal:2.5%,infeasible:90.0%,unknown:7.5%,error:0.0%,other:0.0% norm_count=41120
2026-09-29 12:55:16 | [QUEUE] | iter=514 | 队列 | sample_queue=1/4 | weight_queues_pending=4/4
2026-09-29 12:55:18 | [UPDATE] | [learner] iter=515 transitions=40 completion=0.00% reward=-1.352 | cost=2.339s | lr_actor=2.846e-04 lr_critic=2.846e-04 | wv=510 stale=5 ck=ok| obj=inf completion=0.00% finite_obj=2.5% no_solution=97.5% collision=0.0% spectrum=40.0% action_range=[0.001,0.999] solver_status=optimal:2.5%,infeasible:82.5%,unknown:15.0%,error:0.0%,other:0.0% norm_count=41200
2026-09-29 12:55:18 | [QUEUE] | iter=515 | 队列 | sample_queue=0/4 | weight_queues_pending=4/4
2026-09-29 12:55:24 | [UPDATE] | [learner] iter=516 transitions=40 completion=2.50% reward=-1.503 | cost=2.197s | lr_actor=2.846e-04 lr_critic=2.846e-04 | wv=511 stale=5 ck=ok| obj=inf completion=2.50% finite_obj=2.5% no_solution=97.5% collision=0.0% spectrum=47.5% action_range=[0.002,0.999] solver_status=optimal:2.5%,infeasible:87.5%,unknown:10.0%,error:0.0%,other:0.0% norm_count=41280
2026-09-29 12:55:24 | [QUEUE] | iter=516 | 队列 | sample_queue=0/4 | weight_queues_pending=4/4
2026-09-29 12:55:30 | [UPDATE] | [learner] iter=517 transitions=40 completion=0.00% reward=-1.400 | cost=2.356s | lr_actor=2.845e-04 lr_critic=2.845e-04 | wv=511 stale=6 ck=ok| obj=inf completion=0.00% finite_obj=0.0% no_solution=100.0% collision=0.0% spectrum=37.5% action_range=[0.002,0.997] solver_status=optimal:0.0%,infeasible:92.5%,unknown:7.5%,error:0.0%,other:0.0% norm_count=41360
2026-09-29 12:55:30 | [QUEUE] | iter=517 | 队列 | sample_queue=0/4 | weight_queues_pending=4/4
2026-09-29 12:55:40 | [UPDATE] | [learner] iter=518 transitions=40 completion=0.00% reward=-1.550 | cost=2.562s | lr_actor=2.845e-04 lr_critic=2.845e-04 | wv=513 stale=5 ck=ok| obj=inf completion=0.00% finite_obj=0.0% no_solution=100.0% collision=0.0% spectrum=50.0% action_range=[0.001,1.000] solver_status=optimal:0.0%,infeasible:95.0%,unknown:5.0%,error:0.0%,other:0.0% norm_count=41440
2026-09-29 12:55:40 | [QUEUE] | iter=518 | 队列 | sample_queue=1/4 | weight_queues_pending=4/4
2026-09-29 12:55:43 | [UPDATE] | [learner] iter=519 transitions=40 completion=0.00% reward=-1.625 | cost=2.204s | lr_actor=2.845e-04 lr_critic=2.845e-04 | wv=513 stale=6 ck=ok| obj=inf completion=0.00% finite_obj=0.0% no_solution=100.0% collision=0.0% spectrum=55.0% action_range=[0.001,0.999] solver_status=optimal:0.0%,infeasible:90.0%,unknown:10.0%,error:0.0%,other:0.0% norm_count=41520
2026-09-29 12:55:43 | [QUEUE] | iter=519 | 队列 | sample_queue=0/4 | weight_queues_pending=4/4
2026-09-29 12:55:45 | [UPDATE] | [learner] iter=520 transitions=40 completion=0.00% reward=-1.428 | cost=2.353s | lr_actor=2.844e-04 lr_critic=2.844e-04 | wv=515 stale=5 ck=ok| obj=inf completion=0.00% finite_obj=2.5% no_solution=97.5% collision=0.0% spectrum=47.5% action_range=[0.002,0.998] solver_status=optimal:2.5%,infeasible:92.5%,unknown:5.0%,error:0.0%,other:0.0% norm_count=41600
2026-09-29 12:55:45 | [QUEUE] | iter=520 | 队列 | sample_queue=0/4 | weight_queues_pending=4/4
2026-09-29 12:55:59 | [UPDATE] | [learner] iter=521 transitions=40 completion=0.00% reward=-1.725 | cost=2.198s | lr_actor=2.844e-04 lr_critic=2.844e-04 | wv=516 stale=5 ck=ok| obj=inf completion=0.00% finite_obj=0.0% no_solution=100.0% collision=0.0% spectrum=60.0% action_range=[0.001,0.998] solver_status=optimal:0.0%,infeasible:97.5%,unknown:2.5%,error:0.0%,other:0.0% norm_count=41680
2026-09-29 12:55:59 | [QUEUE] | iter=521 | 队列 | sample_queue=0/4 | weight_queues_pending=4/4
2026-09-29 12:56:05 | [UPDATE] | [learner] iter=522 transitions=40 completion=2.50% reward=-1.702 | cost=2.246s | lr_actor=2.844e-04 lr_critic=2.844e-04 | wv=517 stale=5 ck=ok| obj=inf completion=2.50% finite_obj=2.5% no_solution=97.5% collision=0.0% spectrum=65.0% action_range=[0.002,1.000] solver_status=optimal:2.5%,infeasible:90.0%,unknown:7.5%,error:0.0%,other:0.0% norm_count=41760
2026-09-29 12:56:05 | [QUEUE] | iter=522 | 队列 | sample_queue=1/4 | weight_queues_pending=4/4
2026-09-29 12:56:07 | [UPDATE] | [learner] iter=523 transitions=40 completion=0.00% reward=-1.475 | cost=2.398s | lr_actor=2.843e-04 lr_critic=2.843e-04 | wv=517 stale=6 ck=ok| obj=inf completion=0.00% finite_obj=0.0% no_solution=100.0% collision=0.0% spectrum=45.0% action_range=[0.001,0.999] solver_status=optimal:0.0%,infeasible:90.0%,unknown:10.0%,error:0.0%,other:0.0% norm_count=41840
2026-09-29 12:56:07 | [QUEUE] | iter=523 | 队列 | sample_queue=0/4 | weight_queues_pending=4/4
2026-09-29 12:56:09 | [UPDATE] | [learner] iter=524 transitions=40 completion=0.00% reward=-1.500 | cost=2.099s | lr_actor=2.843e-04 lr_critic=2.843e-04 | wv=519 stale=5 ck=ok| obj=inf completion=0.00% finite_obj=0.0% no_solution=100.0% collision=0.0% spectrum=45.0% action_range=[0.001,0.998] solver_status=optimal:0.0%,infeasible:97.5%,unknown:2.5%,error:0.0%,other:0.0% norm_count=41920
2026-09-29 12:56:09 | [QUEUE] | iter=524 | 队列 | sample_queue=0/4 | weight_queues_pending=4/4
2026-09-29 12:56:25 | [UPDATE] | [learner] iter=525 transitions=40 completion=0.00% reward=-1.500 | cost=2.278s | lr_actor=2.843e-04 lr_critic=2.843e-04 | wv=520 stale=5 ck=ok| obj=inf completion=0.00% finite_obj=0.0% no_solution=100.0% collision=0.0% spectrum=45.0% action_range=[0.001,0.998] solver_status=optimal:0.0%,infeasible:92.5%,unknown:7.5%,error:0.0%,other:0.0% norm_count=42000
2026-09-29 12:56:25 | [QUEUE] | iter=525 | 队列 | sample_queue=0/4 | weight_queues_pending=4/4
2026-09-29 12:56:29 | [UPDATE] | [learner] iter=526 transitions=40 completion=0.00% reward=-1.650 | cost=2.228s | lr_actor=2.842e-04 lr_critic=2.842e-04 | wv=521 stale=5 ck=ok| obj=inf completion=0.00% finite_obj=0.0% no_solution=100.0% collision=0.0% spectrum=50.0% action_range=[0.001,1.000] solver_status=optimal:0.0%,infeasible:95.0%,unknown:5.0%,error:0.0%,other:0.0% norm_count=42080
2026-09-29 12:56:30 | [QUEUE] | iter=526 | 队列 | sample_queue=1/4 | weight_queues_pending=4/4
2026-09-29 12:56:32 | [UPDATE] | [learner] iter=527 transitions=40 completion=0.00% reward=-1.450 | cost=2.006s | lr_actor=2.842e-04 lr_critic=2.842e-04 | wv=521 stale=6 ck=ok| obj=inf completion=0.00% finite_obj=0.0% no_solution=100.0% collision=0.0% spectrum=40.0% action_range=[0.000,0.998] solver_status=optimal:0.0%,infeasible:95.0%,unknown:5.0%,error:0.0%,other:0.0% norm_count=42160
2026-09-29 12:56:32 | [QUEUE] | iter=527 | 队列 | sample_queue=1/4 | weight_queues_pending=4/4
2026-09-29 12:56:34 | [UPDATE] | [learner] iter=528 transitions=40 completion=2.50% reward=-1.379 | cost=2.594s | lr_actor=2.842e-04 lr_critic=2.842e-04 | wv=523 stale=5 ck=ok| obj=inf completion=2.50% finite_obj=2.5% no_solution=97.5% collision=0.0% spectrum=37.5% action_range=[0.001,1.000] solver_status=optimal:2.5%,infeasible:87.5%,unknown:10.0%,error:0.0%,other:0.0% norm_count=42240
2026-09-29 12:56:34 | [QUEUE] | iter=528 | 队列 | sample_queue=0/4 | weight_queues_pending=4/4
2026-09-29 12:56:51 | [UPDATE] | [learner] iter=529 transitions=40 completion=0.00% reward=-1.529 | cost=2.285s | lr_actor=2.842e-04 lr_critic=2.842e-04 | wv=524 stale=5 ck=ok| obj=inf completion=0.00% finite_obj=5.0% no_solution=95.0% collision=0.0% spectrum=55.0% action_range=[0.000,0.999] solver_status=optimal:5.0%,infeasible:85.0%,unknown:10.0%,error:0.0%,other:0.0% norm_count=42320
2026-09-29 12:56:51 | [QUEUE] | iter=529 | 队列 | sample_queue=1/4 | weight_queues_pending=4/4
2026-09-29 12:56:54 | [UPDATE] | [learner] iter=530 transitions=40 completion=0.00% reward=-1.400 | cost=2.179s | lr_actor=2.841e-04 lr_critic=2.841e-04 | wv=525 stale=5 ck=ok| obj=inf completion=0.00% finite_obj=0.0% no_solution=100.0% collision=0.0% spectrum=37.5% action_range=[0.001,0.997] solver_status=optimal:0.0%,infeasible:92.5%,unknown:7.5%,error:0.0%,other:0.0% norm_count=42400
2026-09-29 12:56:54 | [QUEUE] | iter=530 | 队列 | sample_queue=0/4 | weight_queues_pending=4/4
2026-09-29 12:56:56 | [UPDATE] | [learner] iter=531 transitions=40 completion=0.00% reward=-1.450 | cost=2.230s | lr_actor=2.841e-04 lr_critic=2.841e-04 | wv=525 stale=6 ck=ok| obj=inf completion=0.00% finite_obj=0.0% no_solution=100.0% collision=0.0% spectrum=45.0% action_range=[0.000,1.000] solver_status=optimal:0.0%,infeasible:90.0%,unknown:10.0%,error:0.0%,other:0.0% norm_count=42480
2026-09-29 12:56:56 | [QUEUE] | iter=531 | 队列 | sample_queue=1/4 | weight_queues_pending=4/4
2026-09-29 12:56:58 | [UPDATE] | [learner] iter=532 transitions=40 completion=0.00% reward=-1.800 | cost=2.184s | lr_actor=2.841e-04 lr_critic=2.841e-04 | wv=526 stale=6 ck=ok| obj=inf completion=0.00% finite_obj=0.0% no_solution=100.0% collision=0.0% spectrum=65.0% action_range=[0.000,0.999] solver_status=optimal:0.0%,infeasible:95.0%,unknown:5.0%,error:0.0%,other:0.0% norm_count=42560
2026-09-29 12:56:58 | [QUEUE] | iter=532 | 队列 | sample_queue=0/4 | weight_queues_pending=4/4
2026-09-29 12:57:14 | [UPDATE] | [learner] iter=533 transitions=40 completion=0.00% reward=-1.725 | cost=1.974s | lr_actor=2.840e-04 lr_critic=2.840e-04 | wv=528 stale=5 ck=ok| obj=inf completion=0.00% finite_obj=0.0% no_solution=100.0% collision=0.0% spectrum=65.0% action_range=[0.003,0.999] solver_status=optimal:0.0%,infeasible:97.5%,unknown:2.5%,error:0.0%,other:0.0% norm_count=42640
2026-09-29 12:57:14 | [QUEUE] | iter=533 | 队列 | sample_queue=0/4 | weight_queues_pending=4/4
2026-09-29 12:57:18 | [UPDATE] | [learner] iter=534 transitions=40 completion=0.00% reward=-1.550 | cost=2.231s | lr_actor=2.840e-04 lr_critic=2.840e-04 | wv=528 stale=6 ck=ok| obj=inf completion=0.00% finite_obj=0.0% no_solution=100.0% collision=0.0% spectrum=52.5% action_range=[0.000,0.999] solver_status=optimal:0.0%,infeasible:97.5%,unknown:2.5%,error:0.0%,other:0.0% norm_count=42720
2026-09-29 12:57:18 | [QUEUE] | iter=534 | 队列 | sample_queue=1/4 | weight_queues_pending=4/4
2026-09-29 12:57:20 | [UPDATE] | [learner] iter=535 transitions=40 completion=0.00% reward=-1.425 | cost=2.249s | lr_actor=2.840e-04 lr_critic=2.840e-04 | wv=530 stale=5 ck=ok| obj=inf completion=0.00% finite_obj=0.0% no_solution=100.0% collision=0.0% spectrum=40.0% action_range=[0.000,0.999] solver_status=optimal:0.0%,infeasible:90.0%,unknown:10.0%,error:0.0%,other:0.0% norm_count=42800
2026-09-29 12:57:20 | [QUEUE] | iter=535 | 队列 | sample_queue=0/4 | weight_queues_pending=4/4
2026-09-29 12:57:23 | [UPDATE] | [learner] iter=536 transitions=40 completion=0.00% reward=-1.453 | cost=2.200s | lr_actor=2.839e-04 lr_critic=2.839e-04 | wv=530 stale=6 ck=ok| obj=inf completion=0.00% finite_obj=2.5% no_solution=97.5% collision=0.0% spectrum=45.0% action_range=[0.002,0.999] solver_status=optimal:2.5%,infeasible:95.0%,unknown:2.5%,error:0.0%,other:0.0% norm_count=42880
2026-09-29 12:57:23 | [QUEUE] | iter=536 | 队列 | sample_queue=0/4 | weight_queues_pending=4/4
2026-09-29 12:57:40 | [UPDATE] | [learner] iter=537 transitions=40 completion=0.00% reward=-1.450 | cost=2.154s | lr_actor=2.839e-04 lr_critic=2.839e-04 | wv=532 stale=5 ck=ok| obj=inf completion=0.00% finite_obj=0.0% no_solution=100.0% collision=0.0% spectrum=45.0% action_range=[0.001,0.999] solver_status=optimal:0.0%,infeasible:92.5%,unknown:7.5%,error:0.0%,other:0.0% norm_count=42960
2026-09-29 12:57:40 | [QUEUE] | iter=537 | 队列 | sample_queue=0/4 | weight_queues_pending=4/4
2026-09-29 12:57:44 | [UPDATE] | [learner] iter=538 transitions=40 completion=0.00% reward=-1.575 | cost=2.210s | lr_actor=2.839e-04 lr_critic=2.839e-04 | wv=533 stale=5 ck=ok| obj=inf completion=0.00% finite_obj=0.0% no_solution=100.0% collision=0.0% spectrum=50.0% action_range=[0.004,0.999] solver_status=optimal:0.0%,infeasible:95.0%,unknown:5.0%,error:0.0%,other:0.0% norm_count=43040
2026-09-29 12:57:44 | [QUEUE] | iter=538 | 队列 | sample_queue=0/4 | weight_queues_pending=4/4
2026-09-29 12:57:48 | [UPDATE] | [learner] iter=539 transitions=40 completion=0.00% reward=-1.550 | cost=2.178s | lr_actor=2.839e-04 lr_critic=2.839e-04 | wv=535 stale=4 ck=ok| obj=inf completion=0.00% finite_obj=0.0% no_solution=100.0% collision=0.0% spectrum=52.5% action_range=[0.001,0.999] solver_status=optimal:0.0%,infeasible:97.5%,unknown:2.5%,error:0.0%,other:0.0% norm_count=43120
2026-09-29 12:57:48 | [QUEUE] | iter=539 | 队列 | sample_queue=1/4 | weight_queues_pending=4/4
2026-09-29 12:57:50 | [UPDATE] | [learner] iter=540 transitions=40 completion=0.00% reward=-1.750 | cost=2.386s | lr_actor=2.838e-04 lr_critic=2.838e-04 | wv=533 stale=7 ck=ok| obj=inf completion=0.00% finite_obj=0.0% no_solution=100.0% collision=0.0% spectrum=62.5% action_range=[0.001,1.000] solver_status=optimal:0.0%,infeasible:97.5%,unknown:2.5%,error:0.0%,other:0.0% norm_count=43200
2026-09-29 12:57:50 | [QUEUE] | iter=540 | 队列 | sample_queue=0/4 | weight_queues_pending=4/4
2026-09-29 12:58:03 | [UPDATE] | [learner] iter=541 transitions=40 completion=0.00% reward=-1.450 | cost=2.204s | lr_actor=2.838e-04 lr_critic=2.838e-04 | wv=536 stale=5 ck=ok| obj=inf completion=0.00% finite_obj=0.0% no_solution=100.0% collision=0.0% spectrum=37.5% action_range=[0.003,1.000] solver_status=optimal:0.0%,infeasible:92.5%,unknown:7.5%,error:0.0%,other:0.0% norm_count=43280
2026-09-29 12:58:03 | [QUEUE] | iter=541 | 队列 | sample_queue=0/4 | weight_queues_pending=4/4
2026-09-29 12:58:10 | [UPDATE] | [learner] iter=542 transitions=40 completion=0.00% reward=-1.575 | cost=2.047s | lr_actor=2.838e-04 lr_critic=2.838e-04 | wv=537 stale=5 ck=ok| obj=inf completion=0.00% finite_obj=0.0% no_solution=100.0% collision=0.0% spectrum=52.5% action_range=[0.001,0.999] solver_status=optimal:0.0%,infeasible:95.0%,unknown:5.0%,error:0.0%,other:0.0% norm_count=43360
2026-09-29 12:58:10 | [QUEUE] | iter=542 | 队列 | sample_queue=1/4 | weight_queues_pending=4/4
2026-09-29 12:58:12 | [UPDATE] | [learner] iter=543 transitions=40 completion=0.00% reward=-1.700 | cost=2.224s | lr_actor=2.837e-04 lr_critic=2.837e-04 | wv=538 stale=5 ck=ok| obj=inf completion=0.00% finite_obj=0.0% no_solution=100.0% collision=0.0% spectrum=60.0% action_range=[0.001,0.998] solver_status=optimal:0.0%,infeasible:95.0%,unknown:5.0%,error:0.0%,other:0.0% norm_count=43440
2026-09-29 12:58:12 | [QUEUE] | iter=543 | 队列 | sample_queue=1/4 | weight_queues_pending=4/4
2026-09-29 12:58:14 | [UPDATE] | [learner] iter=544 transitions=40 completion=0.00% reward=-1.450 | cost=2.394s | lr_actor=2.837e-04 lr_critic=2.837e-04 | wv=538 stale=6 ck=ok| obj=inf completion=0.00% finite_obj=0.0% no_solution=100.0% collision=0.0% spectrum=42.5% action_range=[0.001,0.999] solver_status=optimal:0.0%,infeasible:90.0%,unknown:10.0%,error:0.0%,other:0.0% norm_count=43520
2026-09-29 12:58:14 | [QUEUE] | iter=544 | 队列 | sample_queue=0/4 | weight_queues_pending=4/4
2026-09-29 12:58:28 | [UPDATE] | [learner] iter=545 transitions=40 completion=0.00% reward=-1.525 | cost=2.158s | lr_actor=2.837e-04 lr_critic=2.837e-04 | wv=540 stale=5 ck=ok| obj=inf completion=0.00% finite_obj=2.5% no_solution=97.5% collision=0.0% spectrum=55.0% action_range=[0.001,0.999] solver_status=optimal:2.5%,infeasible:90.0%,unknown:7.5%,error:0.0%,other:0.0% norm_count=43600
2026-09-29 12:58:28 | [QUEUE] | iter=545 | 队列 | sample_queue=0/4 | weight_queues_pending=4/4
2026-09-29 12:58:34 | [UPDATE] | [learner] iter=546 transitions=40 completion=0.00% reward=-1.450 | cost=2.055s | lr_actor=2.836e-04 lr_critic=2.836e-04 | wv=541 stale=5 ck=ok| obj=inf completion=0.00% finite_obj=0.0% no_solution=100.0% collision=0.0% spectrum=40.0% action_range=[0.002,0.997] solver_status=optimal:0.0%,infeasible:90.0%,unknown:10.0%,error:0.0%,other:0.0% norm_count=43680
2026-09-29 12:58:34 | [QUEUE] | iter=546 | 队列 | sample_queue=1/4 | weight_queues_pending=4/4
2026-09-29 12:58:36 | [UPDATE] | [learner] iter=547 transitions=40 completion=2.50% reward=-1.356 | cost=2.361s | lr_actor=2.836e-04 lr_critic=2.836e-04 | wv=541 stale=6 ck=ok| obj=inf completion=2.50% finite_obj=5.0% no_solution=95.0% collision=0.0% spectrum=45.0% action_range=[0.001,1.000] solver_status=optimal:5.0%,infeasible:92.5%,unknown:2.5%,error:0.0%,other:0.0% norm_count=43760
2026-09-29 12:58:36 | [QUEUE] | iter=547 | 队列 | sample_queue=0/4 | weight_queues_pending=4/4
2026-09-29 12:58:42 | [UPDATE] | [learner] iter=548 transitions=40 completion=0.00% reward=-1.625 | cost=2.427s | lr_actor=2.836e-04 lr_critic=2.836e-04 | wv=542 stale=6 ck=ok| obj=inf completion=0.00% finite_obj=0.0% no_solution=100.0% collision=0.0% spectrum=50.0% action_range=[0.001,1.000] solver_status=optimal:0.0%,infeasible:97.5%,unknown:2.5%,error:0.0%,other:0.0% norm_count=43840
2026-09-29 12:58:42 | [QUEUE] | iter=548 | 队列 | sample_queue=0/4 | weight_queues_pending=4/4
2026-09-29 12:58:53 | [UPDATE] | [learner] iter=549 transitions=40 completion=0.00% reward=-1.375 | cost=2.281s | lr_actor=2.836e-04 lr_critic=2.836e-04 | wv=544 stale=5 ck=ok| obj=inf completion=0.00% finite_obj=0.0% no_solution=100.0% collision=0.0% spectrum=32.5% action_range=[0.001,0.999] solver_status=optimal:0.0%,infeasible:95.0%,unknown:5.0%,error:0.0%,other:0.0% norm_count=43920
2026-09-29 12:58:53 | [QUEUE] | iter=549 | 队列 | sample_queue=0/4 | weight_queues_pending=4/4
2026-09-29 12:58:58 | [UPDATE] | [learner] iter=550 transitions=40 completion=2.50% reward=-1.352 | cost=2.084s | lr_actor=2.835e-04 lr_critic=2.835e-04 | wv=545 stale=5 ck=ok| obj=inf completion=2.50% finite_obj=2.5% no_solution=97.5% collision=0.0% spectrum=40.0% action_range=[0.000,0.999] solver_status=optimal:2.5%,infeasible:92.5%,unknown:5.0%,error:0.0%,other:0.0% norm_count=44000
2026-09-29 12:58:58 | [QUEUE] | iter=550 | 队列 | sample_queue=1/4 | weight_queues_pending=4/4
2026-09-29 12:59:01 | [UPDATE] | [learner] iter=551 transitions=40 completion=0.00% reward=-1.450 | cost=2.504s | lr_actor=2.835e-04 lr_critic=2.835e-04 | wv=545 stale=6 ck=ok| obj=inf completion=0.00% finite_obj=0.0% no_solution=100.0% collision=0.0% spectrum=45.0% action_range=[0.002,0.999] solver_status=optimal:0.0%,infeasible:92.5%,unknown:7.5%,error:0.0%,other:0.0% norm_count=44080
2026-09-29 12:59:01 | [QUEUE] | iter=551 | 队列 | sample_queue=0/4 | weight_queues_pending=4/4
2026-09-29 12:59:10 | [UPDATE] | [learner] iter=552 transitions=40 completion=0.00% reward=-1.525 | cost=2.567s | lr_actor=2.835e-04 lr_critic=2.835e-04 | wv=547 stale=5 ck=ok| obj=inf completion=0.00% finite_obj=0.0% no_solution=100.0% collision=0.0% spectrum=50.0% action_range=[0.000,0.998] solver_status=optimal:0.0%,infeasible:92.5%,unknown:7.5%,error:0.0%,other:0.0% norm_count=44160
2026-09-29 12:59:10 | [QUEUE] | iter=552 | 队列 | sample_queue=0/4 | weight_queues_pending=4/4
2026-09-29 12:59:15 | [UPDATE] | [learner] iter=553 transitions=40 completion=0.00% reward=-1.450 | cost=2.133s | lr_actor=2.834e-04 lr_critic=2.834e-04 | wv=548 stale=5 ck=ok| obj=inf completion=0.00% finite_obj=0.0% no_solution=100.0% collision=0.0% spectrum=42.5% action_range=[0.000,0.999] solver_status=optimal:0.0%,infeasible:90.0%,unknown:10.0%,error:0.0%,other:0.0% norm_count=44240
2026-09-29 12:59:15 | [QUEUE] | iter=553 | 队列 | sample_queue=0/4 | weight_queues_pending=4/4
2026-09-29 12:59:19 | [UPDATE] | [learner] iter=554 transitions=40 completion=0.00% reward=-1.400 | cost=2.393s | lr_actor=2.834e-04 lr_critic=2.834e-04 | wv=549 stale=5 ck=ok| obj=inf completion=0.00% finite_obj=0.0% no_solution=100.0% collision=0.0% spectrum=37.5% action_range=[0.004,0.998] solver_status=optimal:0.0%,infeasible:92.5%,unknown:7.5%,error:0.0%,other:0.0% norm_count=44320
2026-09-29 12:59:19 | [QUEUE] | iter=554 | 队列 | sample_queue=0/4 | weight_queues_pending=4/4
2026-09-29 12:59:25 | [UPDATE] | [learner] iter=555 transitions=40 completion=2.50% reward=-1.355 | cost=2.509s | lr_actor=2.834e-04 lr_critic=2.834e-04 | wv=549 stale=6 ck=ok| obj=inf completion=2.50% finite_obj=2.5% no_solution=97.5% collision=0.0% spectrum=37.5% action_range=[0.003,0.999] solver_status=optimal:2.5%,infeasible:90.0%,unknown:7.5%,error:0.0%,other:0.0% norm_count=44400
2026-09-29 12:59:25 | [QUEUE] | iter=555 | 队列 | sample_queue=0/4 | weight_queues_pending=4/4
2026-09-29 12:59:41 | [UPDATE] | [learner] iter=556 transitions=40 completion=0.00% reward=-1.376 | cost=1.972s | lr_actor=2.833e-04 lr_critic=2.833e-04 | wv=551 stale=5 ck=ok| obj=inf completion=0.00% finite_obj=2.5% no_solution=97.5% collision=0.0% spectrum=37.5% action_range=[0.001,1.000] solver_status=optimal:2.5%,infeasible:95.0%,unknown:2.5%,error:0.0%,other:0.0% norm_count=44480
2026-09-29 12:59:41 | [QUEUE] | iter=556 | 队列 | sample_queue=2/4 | weight_queues_pending=4/4
2026-09-29 12:59:43 | [UPDATE] | [learner] iter=557 transitions=40 completion=0.00% reward=-1.375 | cost=2.253s | lr_actor=2.833e-04 lr_critic=2.833e-04 | wv=553 stale=4 ck=ok| obj=inf completion=0.00% finite_obj=0.0% no_solution=100.0% collision=0.0% spectrum=32.5% action_range=[0.001,0.998] solver_status=optimal:0.0%,infeasible:95.0%,unknown:5.0%,error:0.0%,other:0.0% norm_count=44560
2026-09-29 12:59:43 | [QUEUE] | iter=557 | 队列 | sample_queue=1/4 | weight_queues_pending=4/4
2026-09-29 12:59:45 | [UPDATE] | [learner] iter=558 transitions=40 completion=0.00% reward=-1.525 | cost=2.078s | lr_actor=2.833e-04 lr_critic=2.833e-04 | wv=552 stale=6 ck=ok| obj=inf completion=0.00% finite_obj=0.0% no_solution=100.0% collision=0.0% spectrum=47.5% action_range=[0.000,1.000] solver_status=optimal:0.0%,infeasible:97.5%,unknown:2.5%,error:0.0%,other:0.0% norm_count=44640
2026-09-29 12:59:45 | [QUEUE] | iter=558 | 队列 | sample_queue=0/4 | weight_queues_pending=4/4
2026-09-29 12:59:53 | [UPDATE] | [learner] iter=559 transitions=40 completion=0.00% reward=-1.428 | cost=2.303s | lr_actor=2.833e-04 lr_critic=2.833e-04 | wv=554 stale=5 ck=ok| obj=inf completion=0.00% finite_obj=5.0% no_solution=95.0% collision=0.0% spectrum=50.0% action_range=[0.000,0.999] solver_status=optimal:5.0%,infeasible:80.0%,unknown:15.0%,error:0.0%,other:0.0% norm_count=44720
2026-09-29 12:59:53 | [QUEUE] | iter=559 | 队列 | sample_queue=0/4 | weight_queues_pending=4/4
2026-09-29 13:00:03 | [UPDATE] | [learner] iter=560 transitions=40 completion=0.00% reward=-1.675 | cost=2.179s | lr_actor=2.832e-04 lr_critic=2.832e-04 | wv=555 stale=5 ck=ok| obj=inf completion=0.00% finite_obj=0.0% no_solution=100.0% collision=0.0% spectrum=60.0% action_range=[0.002,0.999] solver_status=optimal:0.0%,infeasible:92.5%,unknown:7.5%,error:0.0%,other:0.0% norm_count=44800
2026-09-29 13:00:03 | [QUEUE] | iter=560 | 队列 | sample_queue=1/4 | weight_queues_pending=4/4
2026-09-29 13:00:07 | [UPDATE] | [learner] iter=561 transitions=40 completion=0.00% reward=-1.500 | cost=3.107s | lr_actor=2.832e-04 lr_critic=2.832e-04 | wv=555 stale=6 ck=ok| obj=inf completion=0.00% finite_obj=0.0% no_solution=100.0% collision=0.0% spectrum=47.5% action_range=[0.000,1.000] solver_status=optimal:0.0%,infeasible:92.5%,unknown:7.5%,error:0.0%,other:0.0% norm_count=44880
2026-09-29 13:00:07 | [QUEUE] | iter=561 | 队列 | sample_queue=0/4 | weight_queues_pending=4/4
2026-09-29 13:00:09 | [UPDATE] | [learner] iter=562 transitions=40 completion=2.50% reward=-1.452 | cost=2.123s | lr_actor=2.832e-04 lr_critic=2.832e-04 | wv=555 stale=7 ck=ok| obj=inf completion=2.50% finite_obj=2.5% no_solution=97.5% collision=0.0% spectrum=47.5% action_range=[0.001,0.996] solver_status=optimal:2.5%,infeasible:97.5%,unknown:0.0%,error:0.0%,other:0.0% norm_count=44960
2026-09-29 13:00:09 | [QUEUE] | iter=562 | 队列 | sample_queue=0/4 | weight_queues_pending=4/4
2026-09-29 13:00:17 | [UPDATE] | [learner] iter=563 transitions=40 completion=0.00% reward=-1.475 | cost=2.392s | lr_actor=2.831e-04 lr_critic=2.831e-04 | wv=558 stale=5 ck=ok| obj=inf completion=0.00% finite_obj=0.0% no_solution=100.0% collision=0.0% spectrum=42.5% action_range=[0.000,0.996] solver_status=optimal:0.0%,infeasible:97.5%,unknown:2.5%,error:0.0%,other:0.0% norm_count=45040
2026-09-29 13:00:17 | [QUEUE] | iter=563 | 队列 | sample_queue=0/4 | weight_queues_pending=4/4
2026-09-29 13:00:26 | [UPDATE] | [learner] iter=564 transitions=40 completion=0.00% reward=-1.425 | cost=2.035s | lr_actor=2.831e-04 lr_critic=2.831e-04 | wv=559 stale=5 ck=ok| obj=inf completion=0.00% finite_obj=0.0% no_solution=100.0% collision=0.0% spectrum=37.5% action_range=[0.000,0.999] solver_status=optimal:0.0%,infeasible:95.0%,unknown:5.0%,error:0.0%,other:0.0% norm_count=45120
2026-09-29 13:00:26 | [QUEUE] | iter=564 | 队列 | sample_queue=1/4 | weight_queues_pending=4/4
2026-09-29 13:00:28 | [UPDATE] | [learner] iter=565 transitions=40 completion=0.00% reward=-1.550 | cost=2.260s | lr_actor=2.831e-04 lr_critic=2.831e-04 | wv=559 stale=6 ck=ok| obj=inf completion=0.00% finite_obj=0.0% no_solution=100.0% collision=0.0% spectrum=55.0% action_range=[0.002,0.999] solver_status=optimal:0.0%,infeasible:95.0%,unknown:5.0%,error:0.0%,other:0.0% norm_count=45200
2026-09-29 13:00:28 | [QUEUE] | iter=565 | 队列 | sample_queue=0/4 | weight_queues_pending=4/4
2026-09-29 13:00:35 | [UPDATE] | [learner] iter=566 transitions=40 completion=0.00% reward=-1.500 | cost=1.894s | lr_actor=2.830e-04 lr_critic=2.830e-04 | wv=561 stale=5 ck=ok| obj=inf completion=0.00% finite_obj=0.0% no_solution=100.0% collision=0.0% spectrum=42.5% action_range=[0.000,0.999] solver_status=optimal:0.0%,infeasible:92.5%,unknown:7.5%,error:0.0%,other:0.0% norm_count=45280
2026-09-29 13:00:35 | [QUEUE] | iter=566 | 队列 | sample_queue=0/4 | weight_queues_pending=4/4
2026-09-29 13:00:40 | [UPDATE] | [learner] iter=567 transitions=40 completion=0.00% reward=-1.475 | cost=3.584s | lr_actor=2.830e-04 lr_critic=2.830e-04 | wv=562 stale=5 ck=ok| obj=inf completion=0.00% finite_obj=0.0% no_solution=100.0% collision=0.0% spectrum=47.5% action_range=[0.001,1.000] solver_status=optimal:0.0%,infeasible:92.5%,unknown:7.5%,error:0.0%,other:0.0% norm_count=45360
2026-09-29 13:00:40 | [QUEUE] | iter=567 | 队列 | sample_queue=0/4 | weight_queues_pending=4/4
2026-09-29 13:00:50 | [UPDATE] | [learner] iter=568 transitions=40 completion=0.00% reward=-1.500 | cost=2.249s | lr_actor=2.830e-04 lr_critic=2.830e-04 | wv=563 stale=5 ck=ok| obj=inf completion=0.00% finite_obj=0.0% no_solution=100.0% collision=0.0% spectrum=47.5% action_range=[0.000,1.000] solver_status=optimal:0.0%,infeasible:95.0%,unknown:5.0%,error:0.0%,other:0.0% norm_count=45440
2026-09-29 13:00:50 | [QUEUE] | iter=568 | 队列 | sample_queue=1/4 | weight_queues_pending=4/4
2026-09-29 13:00:53 | [UPDATE] | [learner] iter=569 transitions=40 completion=0.00% reward=-1.625 | cost=2.184s | lr_actor=2.830e-04 lr_critic=2.830e-04 | wv=563 stale=6 ck=ok| obj=inf completion=0.00% finite_obj=0.0% no_solution=100.0% collision=0.0% spectrum=50.0% action_range=[0.005,0.999] solver_status=optimal:0.0%,infeasible:92.5%,unknown:7.5%,error:0.0%,other:0.0% norm_count=45520
2026-09-29 13:00:53 | [QUEUE] | iter=569 | 队列 | sample_queue=0/4 | weight_queues_pending=4/4
2026-09-29 13:01:00 | [UPDATE] | [learner] iter=570 transitions=40 completion=0.00% reward=-1.575 | cost=2.420s | lr_actor=2.829e-04 lr_critic=2.829e-04 | wv=566 stale=4 ck=ok| obj=inf completion=0.00% finite_obj=0.0% no_solution=100.0% collision=0.0% spectrum=57.5% action_range=[0.000,0.999] solver_status=optimal:0.0%,infeasible:90.0%,unknown:10.0%,error:0.0%,other:0.0% norm_count=45600
2026-09-29 13:01:00 | [QUEUE] | iter=570 | 队列 | sample_queue=0/4 | weight_queues_pending=4/4
2026-09-29 13:01:03 | [UPDATE] | [learner] iter=571 transitions=40 completion=0.00% reward=-1.400 | cost=2.462s | lr_actor=2.829e-04 lr_critic=2.829e-04 | wv=565 stale=6 ck=ok| obj=inf completion=0.00% finite_obj=0.0% no_solution=100.0% collision=0.0% spectrum=40.0% action_range=[0.001,0.999] solver_status=optimal:0.0%,infeasible:90.0%,unknown:10.0%,error:0.0%,other:0.0% norm_count=45680
2026-09-29 13:01:03 | [QUEUE] | iter=571 | 队列 | sample_queue=0/4 | weight_queues_pending=4/4
2026-09-29 13:01:12 | [UPDATE] | [learner] iter=572 transitions=40 completion=0.00% reward=-1.575 | cost=2.067s | lr_actor=2.829e-04 lr_critic=2.829e-04 | wv=567 stale=5 ck=ok| obj=inf completion=0.00% finite_obj=0.0% no_solution=100.0% collision=0.0% spectrum=52.5% action_range=[0.001,0.999] solver_status=optimal:0.0%,infeasible:90.0%,unknown:10.0%,error:0.0%,other:0.0% norm_count=45760
2026-09-29 13:01:12 | [QUEUE] | iter=572 | 队列 | sample_queue=0/4 | weight_queues_pending=4/4
2026-09-29 13:01:17 | [UPDATE] | [learner] iter=573 transitions=40 completion=0.00% reward=-1.425 | cost=2.436s | lr_actor=2.828e-04 lr_critic=2.828e-04 | wv=567 stale=6 ck=ok| obj=inf completion=0.00% finite_obj=0.0% no_solution=100.0% collision=0.0% spectrum=42.5% action_range=[0.003,0.999] solver_status=optimal:0.0%,infeasible:85.0%,unknown:15.0%,error:0.0%,other:0.0% norm_count=45840
2026-09-29 13:01:17 | [QUEUE] | iter=573 | 队列 | sample_queue=0/4 | weight_queues_pending=4/4
2026-09-29 13:01:23 | [UPDATE] | [learner] iter=574 transitions=40 completion=0.00% reward=-1.575 | cost=2.096s | lr_actor=2.828e-04 lr_critic=2.828e-04 | wv=569 stale=5 ck=ok| obj=inf completion=0.00% finite_obj=0.0% no_solution=100.0% collision=0.0% spectrum=52.5% action_range=[0.005,0.999] solver_status=optimal:0.0%,infeasible:95.0%,unknown:5.0%,error:0.0%,other:0.0% norm_count=45920
2026-09-29 13:01:23 | [QUEUE] | iter=574 | 队列 | sample_queue=0/4 | weight_queues_pending=4/4
2026-09-29 13:01:29 | [UPDATE] | [learner] iter=575 transitions=40 completion=0.00% reward=-1.400 | cost=2.458s | lr_actor=2.828e-04 lr_critic=2.828e-04 | wv=570 stale=5 ck=ok| obj=inf completion=0.00% finite_obj=0.0% no_solution=100.0% collision=0.0% spectrum=40.0% action_range=[0.001,0.997] solver_status=optimal:0.0%,infeasible:90.0%,unknown:10.0%,error:0.0%,other:0.0% norm_count=46000
2026-09-29 13:01:29 | [QUEUE] | iter=575 | 队列 | sample_queue=0/4 | weight_queues_pending=4/4
2026-09-29 13:01:35 | [UPDATE] | [learner] iter=576 transitions=40 completion=0.00% reward=-1.625 | cost=2.021s | lr_actor=2.827e-04 lr_critic=2.827e-04 | wv=571 stale=5 ck=ok| obj=inf completion=0.00% finite_obj=0.0% no_solution=100.0% collision=0.0% spectrum=55.0% action_range=[0.004,0.997] solver_status=optimal:0.0%,infeasible:95.0%,unknown:5.0%,error:0.0%,other:0.0% norm_count=46080
2026-09-29 13:01:35 | [QUEUE] | iter=576 | 队列 | sample_queue=0/4 | weight_queues_pending=4/4
2026-09-29 13:01:38 | [UPDATE] | [learner] iter=577 transitions=40 completion=0.00% reward=-1.575 | cost=2.625s | lr_actor=2.827e-04 lr_critic=2.827e-04 | wv=572 stale=5 ck=ok| obj=inf completion=0.00% finite_obj=0.0% no_solution=100.0% collision=0.0% spectrum=52.5% action_range=[0.000,0.999] solver_status=optimal:0.0%,infeasible:92.5%,unknown:7.5%,error:0.0%,other:0.0% norm_count=46160
2026-09-29 13:01:38 | [QUEUE] | iter=577 | 队列 | sample_queue=0/4 | weight_queues_pending=4/4
2026-09-29 13:01:46 | [UPDATE] | [learner] iter=578 transitions=40 completion=0.00% reward=-1.530 | cost=2.340s | lr_actor=2.827e-04 lr_critic=2.827e-04 | wv=573 stale=5 ck=ok| obj=inf completion=0.00% finite_obj=2.5% no_solution=97.5% collision=0.0% spectrum=50.0% action_range=[0.001,1.000] solver_status=optimal:2.5%,infeasible:85.0%,unknown:12.5%,error:0.0%,other:0.0% norm_count=46240
2026-09-29 13:01:46 | [QUEUE] | iter=578 | 队列 | sample_queue=0/4 | weight_queues_pending=4/4
2026-09-29 13:01:57 | [UPDATE] | [learner] iter=579 transitions=40 completion=0.00% reward=-1.550 | cost=2.053s | lr_actor=2.827e-04 lr_critic=2.827e-04 | wv=574 stale=5 ck=ok| obj=inf completion=0.00% finite_obj=0.0% no_solution=100.0% collision=0.0% spectrum=52.5% action_range=[0.001,0.999] solver_status=optimal:0.0%,infeasible:95.0%,unknown:5.0%,error:0.0%,other:0.0% norm_count=46320
2026-09-29 13:01:57 | [QUEUE] | iter=579 | 队列 | sample_queue=0/4 | weight_queues_pending=4/4
2026-09-29 13:02:01 | [UPDATE] | [learner] iter=580 transitions=40 completion=0.00% reward=-1.475 | cost=2.050s | lr_actor=2.826e-04 lr_critic=2.826e-04 | wv=576 stale=4 ck=ok| obj=inf completion=0.00% finite_obj=0.0% no_solution=100.0% collision=0.0% spectrum=40.0% action_range=[0.000,1.000] solver_status=optimal:0.0%,infeasible:92.5%,unknown:7.5%,error:0.0%,other:0.0% norm_count=46400
2026-09-29 13:02:01 | [QUEUE] | iter=580 | 队列 | sample_queue=1/4 | weight_queues_pending=4/4
2026-09-29 13:02:03 | [UPDATE] | [learner] iter=581 transitions=40 completion=0.00% reward=-1.650 | cost=2.140s | lr_actor=2.826e-04 lr_critic=2.826e-04 | wv=575 stale=6 ck=ok| obj=inf completion=0.00% finite_obj=0.0% no_solution=100.0% collision=0.0% spectrum=57.5% action_range=[0.001,1.000] solver_status=optimal:0.0%,infeasible:95.0%,unknown:5.0%,error:0.0%,other:0.0% norm_count=46480
2026-09-29 13:02:03 | [QUEUE] | iter=581 | 队列 | sample_queue=0/4 | weight_queues_pending=4/4
2026-09-29 13:02:09 | [UPDATE] | [learner] iter=582 transitions=40 completion=0.00% reward=-1.600 | cost=2.073s | lr_actor=2.826e-04 lr_critic=2.826e-04 | wv=577 stale=5 ck=ok| obj=inf completion=0.00% finite_obj=0.0% no_solution=100.0% collision=0.0% spectrum=47.5% action_range=[0.001,0.999] solver_status=optimal:0.0%,infeasible:90.0%,unknown:10.0%,error:0.0%,other:0.0% norm_count=46560
2026-09-29 13:02:09 | [QUEUE] | iter=582 | 队列 | sample_queue=0/4 | weight_queues_pending=4/4
2026-09-29 13:02:24 | [UPDATE] | [learner] iter=583 transitions=40 completion=0.00% reward=-1.475 | cost=2.222s | lr_actor=2.825e-04 lr_critic=2.825e-04 | wv=579 stale=4 ck=ok| obj=inf completion=0.00% finite_obj=0.0% no_solution=100.0% collision=0.0% spectrum=47.5% action_range=[0.001,0.999] solver_status=optimal:0.0%,infeasible:100.0%,unknown:0.0%,error:0.0%,other:0.0% norm_count=46640
2026-09-29 13:02:24 | [QUEUE] | iter=583 | 队列 | sample_queue=2/4 | weight_queues_pending=4/4
2026-09-29 13:02:26 | [UPDATE] | [learner] iter=584 transitions=40 completion=0.00% reward=-1.500 | cost=1.881s | lr_actor=2.825e-04 lr_critic=2.825e-04 | wv=578 stale=6 ck=ok| obj=inf completion=0.00% finite_obj=0.0% no_solution=100.0% collision=0.0% spectrum=45.0% action_range=[0.001,0.999] solver_status=optimal:0.0%,infeasible:95.0%,unknown:5.0%,error:0.0%,other:0.0% norm_count=46720
2026-09-29 13:02:26 | [QUEUE] | iter=584 | 队列 | sample_queue=1/4 | weight_queues_pending=4/4
2026-09-29 13:02:28 | [UPDATE] | [learner] iter=585 transitions=40 completion=0.00% reward=-1.575 | cost=1.927s | lr_actor=2.825e-04 lr_critic=2.825e-04 | wv=579 stale=6 ck=ok| obj=inf completion=0.00% finite_obj=0.0% no_solution=100.0% collision=0.0% spectrum=52.5% action_range=[0.000,0.998] solver_status=optimal:0.0%,infeasible:87.5%,unknown:12.5%,error:0.0%,other:0.0% norm_count=46800
2026-09-29 13:02:28 | [QUEUE] | iter=585 | 队列 | sample_queue=0/4 | weight_queues_pending=4/4
2026-09-29 13:02:35 | [UPDATE] | [learner] iter=586 transitions=40 completion=0.00% reward=-1.500 | cost=2.244s | lr_actor=2.824e-04 lr_critic=2.824e-04 | wv=581 stale=5 ck=ok| obj=inf completion=0.00% finite_obj=0.0% no_solution=100.0% collision=0.0% spectrum=45.0% action_range=[0.000,0.998] solver_status=optimal:0.0%,infeasible:87.5%,unknown:12.5%,error:0.0%,other:0.0% norm_count=46880
2026-09-29 13:02:35 | [QUEUE] | iter=586 | 队列 | sample_queue=0/4 | weight_queues_pending=4/4
2026-09-29 13:02:47 | [UPDATE] | [learner] iter=587 transitions=40 completion=0.00% reward=-1.450 | cost=2.535s | lr_actor=2.824e-04 lr_critic=2.824e-04 | wv=582 stale=5 ck=ok| obj=inf completion=0.00% finite_obj=0.0% no_solution=100.0% collision=0.0% spectrum=40.0% action_range=[0.000,1.000] solver_status=optimal:0.0%,infeasible:90.0%,unknown:10.0%,error:0.0%,other:0.0% norm_count=46960
2026-09-29 13:02:47 | [QUEUE] | iter=587 | 队列 | sample_queue=0/4 | weight_queues_pending=4/4
2026-09-29 13:02:53 | [UPDATE] | [learner] iter=588 transitions=40 completion=0.00% reward=-1.550 | cost=2.125s | lr_actor=2.824e-04 lr_critic=2.824e-04 | wv=582 stale=6 ck=ok| obj=inf completion=0.00% finite_obj=0.0% no_solution=100.0% collision=0.0% spectrum=50.0% action_range=[0.002,0.999] solver_status=optimal:0.0%,infeasible:85.0%,unknown:15.0%,error:0.0%,other:0.0% norm_count=47040
2026-09-29 13:02:53 | [QUEUE] | iter=588 | 队列 | sample_queue=0/4 | weight_queues_pending=4/4
2026-09-29 13:02:56 | [UPDATE] | [learner] iter=589 transitions=40 completion=0.00% reward=-1.275 | cost=2.415s | lr_actor=2.824e-04 lr_critic=2.824e-04 | wv=582 stale=7 ck=ok| obj=inf completion=0.00% finite_obj=0.0% no_solution=100.0% collision=0.0% spectrum=25.0% action_range=[0.003,0.999] solver_status=optimal:0.0%,infeasible:97.5%,unknown:2.5%,error:0.0%,other:0.0% norm_count=47120
2026-09-29 13:02:56 | [QUEUE] | iter=589 | 队列 | sample_queue=0/4 | weight_queues_pending=4/4
2026-09-29 13:03:00 | [UPDATE] | [learner] iter=590 transitions=40 completion=0.00% reward=-1.525 | cost=2.407s | lr_actor=2.823e-04 lr_critic=2.823e-04 | wv=585 stale=5 ck=ok| obj=inf completion=0.00% finite_obj=0.0% no_solution=100.0% collision=0.0% spectrum=47.5% action_range=[0.000,1.000] solver_status=optimal:0.0%,infeasible:92.5%,unknown:7.5%,error:0.0%,other:0.0% norm_count=47200
2026-09-29 13:03:00 | [QUEUE] | iter=590 | 队列 | sample_queue=0/4 | weight_queues_pending=4/4
2026-09-29 13:03:09 | [UPDATE] | [learner] iter=591 transitions=40 completion=0.00% reward=-1.425 | cost=2.203s | lr_actor=2.823e-04 lr_critic=2.823e-04 | wv=586 stale=5 ck=ok| obj=inf completion=0.00% finite_obj=0.0% no_solution=100.0% collision=0.0% spectrum=40.0% action_range=[0.000,1.000] solver_status=optimal:0.0%,infeasible:90.0%,unknown:10.0%,error:0.0%,other:0.0% norm_count=47280
2026-09-29 13:03:09 | [QUEUE] | iter=591 | 队列 | sample_queue=0/4 | weight_queues_pending=4/4
2026-09-29 13:03:21 | [UPDATE] | [learner] iter=592 transitions=40 completion=0.00% reward=-1.450 | cost=2.183s | lr_actor=2.823e-04 lr_critic=2.823e-04 | wv=588 stale=4 ck=ok| obj=inf completion=0.00% finite_obj=0.0% no_solution=100.0% collision=0.0% spectrum=42.5% action_range=[0.001,1.000] solver_status=optimal:0.0%,infeasible:90.0%,unknown:10.0%,error:0.0%,other:0.0% norm_count=47360
2026-09-29 13:03:21 | [QUEUE] | iter=592 | 队列 | sample_queue=2/4 | weight_queues_pending=4/4
2026-09-29 13:03:23 | [UPDATE] | [learner] iter=593 transitions=40 completion=0.00% reward=-1.600 | cost=2.076s | lr_actor=2.822e-04 lr_critic=2.822e-04 | wv=587 stale=6 ck=ok| obj=inf completion=0.00% finite_obj=0.0% no_solution=100.0% collision=0.0% spectrum=52.5% action_range=[0.000,0.998] solver_status=optimal:0.0%,infeasible:95.0%,unknown:5.0%,error:0.0%,other:0.0% norm_count=47440
2026-09-29 13:03:23 | [QUEUE] | iter=593 | 队列 | sample_queue=1/4 | weight_queues_pending=4/4
2026-09-29 13:03:26 | [UPDATE] | [learner] iter=594 transitions=40 completion=0.00% reward=-1.525 | cost=2.220s | lr_actor=2.822e-04 lr_critic=2.822e-04 | wv=589 stale=5 ck=ok| obj=inf completion=0.00% finite_obj=0.0% no_solution=100.0% collision=0.0% spectrum=47.5% action_range=[0.000,1.000] solver_status=optimal:0.0%,infeasible:95.0%,unknown:5.0%,error:0.0%,other:0.0% norm_count=47520
2026-09-29 13:03:26 | [QUEUE] | iter=594 | 队列 | sample_queue=0/4 | weight_queues_pending=4/4
2026-09-29 13:03:34 | [UPDATE] | [learner] iter=595 transitions=40 completion=0.00% reward=-1.450 | cost=2.804s | lr_actor=2.822e-04 lr_critic=2.822e-04 | wv=590 stale=5 ck=ok| obj=inf completion=0.00% finite_obj=0.0% no_solution=100.0% collision=0.0% spectrum=40.0% action_range=[0.001,1.000] solver_status=optimal:0.0%,infeasible:92.5%,unknown:7.5%,error:0.0%,other:0.0% norm_count=47600
2026-09-29 13:03:34 | [QUEUE] | iter=595 | 队列 | sample_queue=0/4 | weight_queues_pending=4/4
2026-09-29 13:03:45 | [UPDATE] | [learner] iter=596 transitions=40 completion=0.00% reward=-1.500 | cost=2.094s | lr_actor=2.822e-04 lr_critic=2.822e-04 | wv=591 stale=5 ck=ok| obj=inf completion=0.00% finite_obj=0.0% no_solution=100.0% collision=0.0% spectrum=47.5% action_range=[0.000,0.997] solver_status=optimal:0.0%,infeasible:92.5%,unknown:7.5%,error:0.0%,other:0.0% norm_count=47680
2026-09-29 13:03:45 | [QUEUE] | iter=596 | 队列 | sample_queue=0/4 | weight_queues_pending=4/4
2026-09-29 13:03:48 | [UPDATE] | [learner] iter=597 transitions=40 completion=2.50% reward=-1.155 | cost=2.155s | lr_actor=2.821e-04 lr_critic=2.821e-04 | wv=591 stale=6 ck=ok| obj=inf completion=2.50% finite_obj=2.5% no_solution=97.5% collision=0.0% spectrum=17.5% action_range=[0.000,1.000] solver_status=optimal:2.5%,infeasible:75.0%,unknown:22.5%,error:0.0%,other:0.0% norm_count=47760
2026-09-29 13:03:48 | [QUEUE] | iter=597 | 队列 | sample_queue=1/4 | weight_queues_pending=4/4
2026-09-29 13:03:52 | [UPDATE] | [learner] iter=598 transitions=40 completion=0.00% reward=-1.500 | cost=3.360s | lr_actor=2.821e-04 lr_critic=2.821e-04 | wv=591 stale=7 ck=ok| obj=inf completion=0.00% finite_obj=0.0% no_solution=100.0% collision=0.0% spectrum=40.0% action_range=[0.001,0.997] solver_status=optimal:0.0%,infeasible:92.5%,unknown:7.5%,error:0.0%,other:0.0% norm_count=47840
2026-09-29 13:03:52 | [QUEUE] | iter=598 | 队列 | sample_queue=0/4 | weight_queues_pending=4/4
2026-09-29 13:03:57 | [UPDATE] | [learner] iter=599 transitions=40 completion=0.00% reward=-1.475 | cost=2.804s | lr_actor=2.821e-04 lr_critic=2.821e-04 | wv=594 stale=5 ck=ok| obj=inf completion=0.00% finite_obj=0.0% no_solution=100.0% collision=0.0% spectrum=42.5% action_range=[0.000,1.000] solver_status=optimal:0.0%,infeasible:100.0%,unknown:0.0%,error:0.0%,other:0.0% norm_count=47920
2026-09-29 13:03:57 | [QUEUE] | iter=599 | 队列 | sample_queue=0/4 | weight_queues_pending=4/4
2026-09-29 13:04:10 | [UPDATE] | [learner] iter=600 transitions=40 completion=2.50% reward=-1.478 | cost=2.201s | lr_actor=2.820e-04 lr_critic=2.820e-04 | wv=595 stale=5 ck=ok| obj=inf completion=2.50% finite_obj=2.5% no_solution=97.5% collision=0.0% spectrum=50.0% action_range=[0.000,0.999] solver_status=optimal:2.5%,infeasible:87.5%,unknown:10.0%,error:0.0%,other:0.0% norm_count=48000
2026-09-29 13:04:10 | [QUEUE] | iter=600 | 队列 | sample_queue=0/4 | weight_queues_pending=4/4
2026-09-29 13:04:14 | [UPDATE] | [learner] iter=601 transitions=40 completion=0.00% reward=-1.525 | cost=2.332s | lr_actor=2.820e-04 lr_critic=2.820e-04 | wv=596 stale=5 ck=ok| obj=inf completion=0.00% finite_obj=0.0% no_solution=100.0% collision=0.0% spectrum=42.5% action_range=[0.000,1.000] solver_status=optimal:0.0%,infeasible:97.5%,unknown:2.5%,error:0.0%,other:0.0% norm_count=48080
2026-09-29 13:04:14 | [QUEUE] | iter=601 | 队列 | sample_queue=0/4 | weight_queues_pending=4/4
2026-09-29 13:04:17 | [UPDATE] | [learner] iter=602 transitions=40 completion=0.00% reward=-1.525 | cost=2.265s | lr_actor=2.820e-04 lr_critic=2.820e-04 | wv=596 stale=6 ck=ok| obj=inf completion=0.00% finite_obj=0.0% no_solution=100.0% collision=0.0% spectrum=50.0% action_range=[0.002,0.996] solver_status=optimal:0.0%,infeasible:95.0%,unknown:5.0%,error:0.0%,other:0.0% norm_count=48160
2026-09-29 13:04:17 | [QUEUE] | iter=602 | 队列 | sample_queue=0/4 | weight_queues_pending=4/4
2026-09-29 13:04:20 | [UPDATE] | [learner] iter=603 transitions=40 completion=0.00% reward=-1.625 | cost=2.073s | lr_actor=2.819e-04 lr_critic=2.819e-04 | wv=598 stale=5 ck=ok| obj=inf completion=0.00% finite_obj=0.0% no_solution=100.0% collision=0.0% spectrum=57.5% action_range=[0.000,0.999] solver_status=optimal:0.0%,infeasible:95.0%,unknown:5.0%,error:0.0%,other:0.0% norm_count=48240
2026-09-29 13:04:20 | [QUEUE] | iter=603 | 队列 | sample_queue=0/4 | weight_queues_pending=4/4
2026-09-29 13:04:36 | [UPDATE] | [learner] iter=604 transitions=40 completion=0.00% reward=-1.350 | cost=2.105s | lr_actor=2.819e-04 lr_critic=2.819e-04 | wv=599 stale=5 ck=ok| obj=inf completion=0.00% finite_obj=0.0% no_solution=100.0% collision=0.0% spectrum=30.0% action_range=[0.001,1.000] solver_status=optimal:0.0%,infeasible:95.0%,unknown:5.0%,error:0.0%,other:0.0% norm_count=48320
2026-09-29 13:04:36 | [QUEUE] | iter=604 | 队列 | sample_queue=0/4 | weight_queues_pending=4/4
2026-09-29 13:04:42 | [UPDATE] | [learner] iter=605 transitions=40 completion=2.50% reward=-1.427 | cost=2.145s | lr_actor=2.819e-04 lr_critic=2.819e-04 | wv=600 stale=5 ck=ok| obj=inf completion=2.50% finite_obj=2.5% no_solution=97.5% collision=0.0% spectrum=45.0% action_range=[0.000,1.000] solver_status=optimal:2.5%,infeasible:92.5%,unknown:5.0%,error:0.0%,other:0.0% norm_count=48400
2026-09-29 13:04:42 | [QUEUE] | iter=605 | 队列 | sample_queue=1/4 | weight_queues_pending=4/4
2026-09-29 13:04:45 | [UPDATE] | [learner] iter=606 transitions=40 completion=0.00% reward=-1.550 | cost=2.279s | lr_actor=2.818e-04 lr_critic=2.818e-04 | wv=601 stale=5 ck=ok| obj=inf completion=0.00% finite_obj=0.0% no_solution=100.0% collision=0.0% spectrum=47.5% action_range=[0.001,0.999] solver_status=optimal:0.0%,infeasible:95.0%,unknown:5.0%,error:0.0%,other:0.0% norm_count=48480
2026-09-29 13:04:45 | [QUEUE] | iter=606 | 队列 | sample_queue=1/4 | weight_queues_pending=4/4
2026-09-29 13:04:47 | [UPDATE] | [learner] iter=607 transitions=40 completion=0.00% reward=-1.700 | cost=2.186s | lr_actor=2.818e-04 lr_critic=2.818e-04 | wv=602 stale=5 ck=ok| obj=inf completion=0.00% finite_obj=0.0% no_solution=100.0% collision=0.0% spectrum=52.5% action_range=[0.000,0.999] solver_status=optimal:0.0%,infeasible:97.5%,unknown:2.5%,error:0.0%,other:0.0% norm_count=48560
2026-09-29 13:04:47 | [QUEUE] | iter=607 | 队列 | sample_queue=0/4 | weight_queues_pending=4/4
2026-09-29 13:05:01 | [UPDATE] | [learner] iter=608 transitions=40 completion=2.50% reward=-1.427 | cost=2.024s | lr_actor=2.818e-04 lr_critic=2.818e-04 | wv=603 stale=5 ck=ok| obj=inf completion=2.50% finite_obj=2.5% no_solution=97.5% collision=0.0% spectrum=45.0% action_range=[0.006,0.999] solver_status=optimal:2.5%,infeasible:95.0%,unknown:2.5%,error:0.0%,other:0.0% norm_count=48640
2026-09-29 13:05:01 | [QUEUE] | iter=608 | 队列 | sample_queue=0/4 | weight_queues_pending=4/4
2026-09-29 13:05:04 | [UPDATE] | [learner] iter=609 transitions=40 completion=0.00% reward=-1.550 | cost=2.210s | lr_actor=2.818e-04 lr_critic=2.818e-04 | wv=604 stale=5 ck=ok| obj=inf completion=0.00% finite_obj=0.0% no_solution=100.0% collision=0.0% spectrum=40.0% action_range=[0.001,0.999] solver_status=optimal:0.0%,infeasible:95.0%,unknown:5.0%,error:0.0%,other:0.0% norm_count=48720
2026-09-29 13:05:04 | [QUEUE] | iter=609 | 队列 | sample_queue=0/4 | weight_queues_pending=4/4
2026-09-29 13:05:08 | [UPDATE] | [learner] iter=610 transitions=40 completion=0.00% reward=-1.625 | cost=2.310s | lr_actor=2.817e-04 lr_critic=2.817e-04 | wv=604 stale=6 ck=ok| obj=inf completion=0.00% finite_obj=0.0% no_solution=100.0% collision=0.0% spectrum=55.0% action_range=[0.000,0.999] solver_status=optimal:0.0%,infeasible:95.0%,unknown:5.0%,error:0.0%,other:0.0% norm_count=48800
2026-09-29 13:05:08 | [QUEUE] | iter=610 | 队列 | sample_queue=0/4 | weight_queues_pending=4/4
2026-09-29 13:05:11 | [UPDATE] | [learner] iter=611 transitions=40 completion=0.00% reward=-1.575 | cost=1.931s | lr_actor=2.817e-04 lr_critic=2.817e-04 | wv=605 stale=6 ck=ok| obj=inf completion=0.00% finite_obj=0.0% no_solution=100.0% collision=0.0% spectrum=47.5% action_range=[0.000,1.000] solver_status=optimal:0.0%,infeasible:97.5%,unknown:2.5%,error:0.0%,other:0.0% norm_count=48880
2026-09-29 13:05:11 | [QUEUE] | iter=611 | 队列 | sample_queue=0/4 | weight_queues_pending=4/4
2026-09-29 13:05:25 | [UPDATE] | [learner] iter=612 transitions=40 completion=0.00% reward=-1.450 | cost=2.651s | lr_actor=2.817e-04 lr_critic=2.817e-04 | wv=607 stale=5 ck=ok| obj=inf completion=0.00% finite_obj=0.0% no_solution=100.0% collision=0.0% spectrum=45.0% action_range=[0.000,0.997] solver_status=optimal:0.0%,infeasible:97.5%,unknown:2.5%,error:0.0%,other:0.0% norm_count=48960
2026-09-29 13:05:25 | [QUEUE] | iter=612 | 队列 | sample_queue=1/4 | weight_queues_pending=4/4
2026-09-29 13:05:28 | [UPDATE] | [learner] iter=613 transitions=40 completion=0.00% reward=-1.500 | cost=2.173s | lr_actor=2.816e-04 lr_critic=2.816e-04 | wv=608 stale=5 ck=ok| obj=inf completion=0.00% finite_obj=0.0% no_solution=100.0% collision=0.0% spectrum=45.0% action_range=[0.001,0.999] solver_status=optimal:0.0%,infeasible:90.0%,unknown:10.0%,error:0.0%,other:0.0% norm_count=49040
2026-09-29 13:05:28 | [QUEUE] | iter=613 | 队列 | sample_queue=0/4 | weight_queues_pending=4/4
2026-09-29 13:05:36 | [UPDATE] | [learner] iter=614 transitions=40 completion=2.50% reward=-1.253 | cost=2.289s | lr_actor=2.816e-04 lr_critic=2.816e-04 | wv=609 stale=5 ck=ok| obj=inf completion=2.50% finite_obj=2.5% no_solution=97.5% collision=0.0% spectrum=25.0% action_range=[0.001,0.999] solver_status=optimal:2.5%,infeasible:87.5%,unknown:10.0%,error:0.0%,other:0.0% norm_count=49120
2026-09-29 13:05:36 | [QUEUE] | iter=614 | 队列 | sample_queue=1/4 | weight_queues_pending=4/4
2026-09-29 13:05:38 | [UPDATE] | [learner] iter=615 transitions=40 completion=0.00% reward=-1.675 | cost=2.124s | lr_actor=2.816e-04 lr_critic=2.816e-04 | wv=610 stale=5 ck=ok| obj=inf completion=0.00% finite_obj=0.0% no_solution=100.0% collision=0.0% spectrum=60.0% action_range=[0.002,0.998] solver_status=optimal:0.0%,infeasible:85.0%,unknown:15.0%,error:0.0%,other:0.0% norm_count=49200
2026-09-29 13:05:38 | [QUEUE] | iter=615 | 队列 | sample_queue=0/4 | weight_queues_pending=4/4
2026-09-29 13:05:47 | [UPDATE] | [learner] iter=616 transitions=40 completion=0.00% reward=-1.375 | cost=2.127s | lr_actor=2.815e-04 lr_critic=2.815e-04 | wv=611 stale=5 ck=ok| obj=inf completion=0.00% finite_obj=0.0% no_solution=100.0% collision=0.0% spectrum=35.0% action_range=[0.000,1.000] solver_status=optimal:0.0%,infeasible:90.0%,unknown:10.0%,error:0.0%,other:0.0% norm_count=49280
2026-09-29 13:05:47 | [QUEUE] | iter=616 | 队列 | sample_queue=1/4 | weight_queues_pending=4/4
2026-09-29 13:05:49 | [UPDATE] | [learner] iter=617 transitions=40 completion=0.00% reward=-1.525 | cost=2.466s | lr_actor=2.815e-04 lr_critic=2.815e-04 | wv=611 stale=6 ck=ok| obj=inf completion=0.00% finite_obj=0.0% no_solution=100.0% collision=0.0% spectrum=50.0% action_range=[0.003,0.998] solver_status=optimal:0.0%,infeasible:92.5%,unknown:7.5%,error:0.0%,other:0.0% norm_count=49360
2026-09-29 13:05:49 | [QUEUE] | iter=617 | 队列 | sample_queue=0/4 | weight_queues_pending=4/4
2026-09-29 13:06:00 | [UPDATE] | [learner] iter=618 transitions=40 completion=0.00% reward=-1.600 | cost=2.439s | lr_actor=2.815e-04 lr_critic=2.815e-04 | wv=613 stale=5 ck=ok| obj=inf completion=0.00% finite_obj=0.0% no_solution=100.0% collision=0.0% spectrum=50.0% action_range=[0.001,0.999] solver_status=optimal:0.0%,infeasible:90.0%,unknown:10.0%,error:0.0%,other:0.0% norm_count=49440
2026-09-29 13:06:00 | [QUEUE] | iter=618 | 队列 | sample_queue=1/4 | weight_queues_pending=4/4
2026-09-29 13:06:02 | [UPDATE] | [learner] iter=619 transitions=40 completion=0.00% reward=-1.475 | cost=2.342s | lr_actor=2.815e-04 lr_critic=2.815e-04 | wv=613 stale=6 ck=ok| obj=inf completion=0.00% finite_obj=0.0% no_solution=100.0% collision=0.0% spectrum=42.5% action_range=[0.002,1.000] solver_status=optimal:0.0%,infeasible:90.0%,unknown:10.0%,error:0.0%,other:0.0% norm_count=49520
2026-09-29 13:06:02 | [QUEUE] | iter=619 | 队列 | sample_queue=0/4 | weight_queues_pending=4/4
2026-09-29 13:06:09 | [UPDATE] | [learner] iter=620 transitions=40 completion=0.00% reward=-1.525 | cost=2.073s | lr_actor=2.814e-04 lr_critic=2.814e-04 | wv=615 stale=5 ck=ok| obj=inf completion=0.00% finite_obj=0.0% no_solution=100.0% collision=0.0% spectrum=50.0% action_range=[0.001,1.000] solver_status=optimal:0.0%,infeasible:92.5%,unknown:7.5%,error:0.0%,other:0.0% norm_count=49600
2026-09-29 13:06:09 | [QUEUE] | iter=620 | 队列 | sample_queue=1/4 | weight_queues_pending=4/4
2026-09-29 13:06:11 | [UPDATE] | [learner] iter=621 transitions=40 completion=0.00% reward=-1.450 | cost=2.163s | lr_actor=2.814e-04 lr_critic=2.814e-04 | wv=615 stale=6 ck=ok| obj=inf completion=0.00% finite_obj=0.0% no_solution=100.0% collision=0.0% spectrum=37.5% action_range=[0.002,1.000] solver_status=optimal:0.0%,infeasible:95.0%,unknown:5.0%,error:0.0%,other:0.0% norm_count=49680
2026-09-29 13:06:11 | [QUEUE] | iter=621 | 队列 | sample_queue=0/4 | weight_queues_pending=4/4
2026-09-29 13:06:24 | [UPDATE] | [learner] iter=622 transitions=40 completion=0.00% reward=-1.550 | cost=2.256s | lr_actor=2.814e-04 lr_critic=2.814e-04 | wv=617 stale=5 ck=ok| obj=inf completion=0.00% finite_obj=0.0% no_solution=100.0% collision=0.0% spectrum=55.0% action_range=[0.001,1.000] solver_status=optimal:0.0%,infeasible:92.5%,unknown:7.5%,error:0.0%,other:0.0% norm_count=49760
2026-09-29 13:06:24 | [QUEUE] | iter=622 | 队列 | sample_queue=0/4 | weight_queues_pending=4/4
2026-09-29 13:06:30 | [UPDATE] | [learner] iter=623 transitions=40 completion=2.50% reward=-1.427 | cost=1.930s | lr_actor=2.813e-04 lr_critic=2.813e-04 | wv=617 stale=6 ck=ok| obj=inf completion=2.50% finite_obj=2.5% no_solution=97.5% collision=0.0% spectrum=45.0% action_range=[0.000,0.999] solver_status=optimal:2.5%,infeasible:90.0%,unknown:7.5%,error:0.0%,other:0.0% norm_count=49840
2026-09-29 13:06:30 | [QUEUE] | iter=623 | 队列 | sample_queue=1/4 | weight_queues_pending=4/4
2026-09-29 13:06:32 | [UPDATE] | [learner] iter=624 transitions=40 completion=2.50% reward=-1.602 | cost=2.210s | lr_actor=2.813e-04 lr_critic=2.813e-04 | wv=619 stale=5 ck=ok| obj=inf completion=2.50% finite_obj=2.5% no_solution=97.5% collision=0.0% spectrum=60.0% action_range=[0.003,0.999] solver_status=optimal:2.5%,infeasible:90.0%,unknown:7.5%,error:0.0%,other:0.0% norm_count=49920
2026-09-29 13:06:32 | [QUEUE] | iter=624 | 队列 | sample_queue=1/4 | weight_queues_pending=4/4
2026-09-29 13:06:35 | [UPDATE] | [learner] iter=625 transitions=40 completion=0.00% reward=-1.525 | cost=2.180s | lr_actor=2.813e-04 lr_critic=2.813e-04 | wv=619 stale=6 ck=ok| obj=inf completion=0.00% finite_obj=0.0% no_solution=100.0% collision=0.0% spectrum=47.5% action_range=[0.000,1.000] solver_status=optimal:0.0%,infeasible:90.0%,unknown:10.0%,error:0.0%,other:0.0% norm_count=50000
2026-09-29 13:06:35 | [QUEUE] | iter=625 | 队列 | sample_queue=0/4 | weight_queues_pending=4/4
2026-09-29 13:06:47 | [UPDATE] | [learner] iter=626 transitions=40 completion=2.50% reward=-1.552 | cost=2.112s | lr_actor=2.812e-04 lr_critic=2.812e-04 | wv=621 stale=5 ck=ok| obj=inf completion=2.50% finite_obj=2.5% no_solution=97.5% collision=0.0% spectrum=52.5% action_range=[0.000,0.999] solver_status=optimal:2.5%,infeasible:82.5%,unknown:15.0%,error:0.0%,other:0.0% norm_count=50080
2026-09-29 13:06:47 | [QUEUE] | iter=626 | 队列 | sample_queue=0/4 | weight_queues_pending=4/4
2026-09-29 13:06:55 | [UPDATE] | [learner] iter=627 transitions=40 completion=0.00% reward=-1.625 | cost=2.120s | lr_actor=2.812e-04 lr_critic=2.812e-04 | wv=623 stale=4 ck=ok| obj=inf completion=0.00% finite_obj=0.0% no_solution=100.0% collision=0.0% spectrum=52.5% action_range=[0.001,1.000] solver_status=optimal:0.0%,infeasible:82.5%,unknown:17.5%,error:0.0%,other:0.0% norm_count=50160
2026-09-29 13:06:55 | [QUEUE] | iter=627 | 队列 | sample_queue=0/4 | weight_queues_pending=4/4
2026-09-29 13:06:58 | [UPDATE] | [learner] iter=628 transitions=40 completion=0.00% reward=-1.575 | cost=2.134s | lr_actor=2.812e-04 lr_critic=2.812e-04 | wv=622 stale=6 ck=ok| obj=inf completion=0.00% finite_obj=0.0% no_solution=100.0% collision=0.0% spectrum=52.5% action_range=[0.000,1.000] solver_status=optimal:0.0%,infeasible:87.5%,unknown:12.5%,error:0.0%,other:0.0% norm_count=50240
2026-09-29 13:06:58 | [QUEUE] | iter=628 | 队列 | sample_queue=1/4 | weight_queues_pending=4/4
2026-09-29 13:07:01 | [UPDATE] | [learner] iter=629 transitions=40 completion=0.00% reward=-1.400 | cost=2.201s | lr_actor=2.812e-04 lr_critic=2.812e-04 | wv=622 stale=7 ck=ok| obj=inf completion=0.00% finite_obj=0.0% no_solution=100.0% collision=0.0% spectrum=37.5% action_range=[0.000,0.996] solver_status=optimal:0.0%,infeasible:97.5%,unknown:2.5%,error:0.0%,other:0.0% norm_count=50320
2026-09-29 13:07:01 | [QUEUE] | iter=629 | 队列 | sample_queue=0/4 | weight_queues_pending=4/4
2026-09-29 13:07:13 | [UPDATE] | [learner] iter=630 transitions=40 completion=0.00% reward=-1.450 | cost=2.354s | lr_actor=2.811e-04 lr_critic=2.811e-04 | wv=625 stale=5 ck=ok| obj=inf completion=0.00% finite_obj=0.0% no_solution=100.0% collision=0.0% spectrum=42.5% action_range=[0.000,1.000] solver_status=optimal:0.0%,infeasible:87.5%,unknown:12.5%,error:0.0%,other:0.0% norm_count=50400
2026-09-29 13:07:13 | [QUEUE] | iter=630 | 队列 | sample_queue=0/4 | weight_queues_pending=4/4
2026-09-29 13:07:17 | [UPDATE] | [learner] iter=631 transitions=40 completion=0.00% reward=-1.475 | cost=2.235s | lr_actor=2.811e-04 lr_critic=2.811e-04 | wv=626 stale=5 ck=ok| obj=inf completion=0.00% finite_obj=0.0% no_solution=100.0% collision=0.0% spectrum=47.5% action_range=[0.000,1.000] solver_status=optimal:0.0%,infeasible:90.0%,unknown:10.0%,error:0.0%,other:0.0% norm_count=50480
2026-09-29 13:07:17 | [QUEUE] | iter=631 | 队列 | sample_queue=0/4 | weight_queues_pending=4/4
2026-09-29 13:07:21 | [UPDATE] | [learner] iter=632 transitions=40 completion=0.00% reward=-1.700 | cost=2.263s | lr_actor=2.811e-04 lr_critic=2.811e-04 | wv=627 stale=5 ck=ok| obj=inf completion=0.00% finite_obj=0.0% no_solution=100.0% collision=0.0% spectrum=62.5% action_range=[0.001,0.999] solver_status=optimal:0.0%,infeasible:92.5%,unknown:7.5%,error:0.0%,other:0.0% norm_count=50560
2026-09-29 13:07:21 | [QUEUE] | iter=632 | 队列 | sample_queue=0/4 | weight_queues_pending=4/4
2026-09-29 13:07:27 | [UPDATE] | [learner] iter=633 transitions=40 completion=0.00% reward=-1.576 | cost=2.307s | lr_actor=2.810e-04 lr_critic=2.810e-04 | wv=627 stale=6 ck=ok| obj=inf completion=0.00% finite_obj=2.5% no_solution=97.5% collision=0.0% spectrum=52.5% action_range=[0.001,1.000] solver_status=optimal:2.5%,infeasible:85.0%,unknown:12.5%,error:0.0%,other:0.0% norm_count=50640
2026-09-29 13:07:27 | [QUEUE] | iter=633 | 队列 | sample_queue=0/4 | weight_queues_pending=4/4
2026-09-29 13:07:36 | [UPDATE] | [learner] iter=634 transitions=40 completion=0.00% reward=-1.525 | cost=2.219s | lr_actor=2.810e-04 lr_critic=2.810e-04 | wv=629 stale=5 ck=ok| obj=inf completion=0.00% finite_obj=0.0% no_solution=100.0% collision=0.0% spectrum=50.0% action_range=[0.000,0.999] solver_status=optimal:0.0%,infeasible:92.5%,unknown:7.5%,error:0.0%,other:0.0% norm_count=50720
2026-09-29 13:07:37 | [QUEUE] | iter=634 | 队列 | sample_queue=0/4 | weight_queues_pending=4/4
2026-09-29 13:07:40 | [UPDATE] | [learner] iter=635 transitions=40 completion=0.00% reward=-1.450 | cost=2.430s | lr_actor=2.810e-04 lr_critic=2.810e-04 | wv=630 stale=5 ck=ok| obj=inf completion=0.00% finite_obj=0.0% no_solution=100.0% collision=0.0% spectrum=42.5% action_range=[0.001,1.000] solver_status=optimal:0.0%,infeasible:97.5%,unknown:2.5%,error:0.0%,other:0.0% norm_count=50800
2026-09-29 13:07:40 | [QUEUE] | iter=635 | 队列 | sample_queue=0/4 | weight_queues_pending=4/4
2026-09-29 13:07:43 | [UPDATE] | [learner] iter=636 transitions=40 completion=2.50% reward=-1.353 | cost=2.263s | lr_actor=2.809e-04 lr_critic=2.809e-04 | wv=631 stale=5 ck=ok| obj=inf completion=2.50% finite_obj=2.5% no_solution=97.5% collision=0.0% spectrum=40.0% action_range=[0.000,1.000] solver_status=optimal:2.5%,infeasible:95.0%,unknown:2.5%,error:0.0%,other:0.0% norm_count=50880
2026-09-29 13:07:43 | [QUEUE] | iter=636 | 队列 | sample_queue=0/4 | weight_queues_pending=4/4
2026-09-29 13:07:55 | [UPDATE] | [learner] iter=637 transitions=40 completion=0.00% reward=-1.425 | cost=2.165s | lr_actor=2.809e-04 lr_critic=2.809e-04 | wv=632 stale=5 ck=ok| obj=inf completion=0.00% finite_obj=0.0% no_solution=100.0% collision=0.0% spectrum=40.0% action_range=[0.001,1.000] solver_status=optimal:0.0%,infeasible:90.0%,unknown:10.0%,error:0.0%,other:0.0% norm_count=50960
2026-09-29 13:07:55 | [QUEUE] | iter=637 | 队列 | sample_queue=0/4 | weight_queues_pending=4/4
2026-09-29 13:08:00 | [UPDATE] | [learner] iter=638 transitions=40 completion=0.00% reward=-1.575 | cost=2.276s | lr_actor=2.809e-04 lr_critic=2.809e-04 | wv=633 stale=5 ck=ok| obj=inf completion=0.00% finite_obj=0.0% no_solution=100.0% collision=0.0% spectrum=50.0% action_range=[0.002,1.000] solver_status=optimal:0.0%,infeasible:95.0%,unknown:5.0%,error:0.0%,other:0.0% norm_count=51040
2026-09-29 13:08:00 | [QUEUE] | iter=638 | 队列 | sample_queue=0/4 | weight_queues_pending=4/4
2026-09-29 13:08:05 | [UPDATE] | [learner] iter=639 transitions=40 completion=0.00% reward=-1.700 | cost=2.230s | lr_actor=2.809e-04 lr_critic=2.809e-04 | wv=635 stale=4 ck=ok| obj=inf completion=0.00% finite_obj=0.0% no_solution=100.0% collision=0.0% spectrum=62.5% action_range=[0.000,1.000] solver_status=optimal:0.0%,infeasible:80.0%,unknown:20.0%,error:0.0%,other:0.0% norm_count=51120
2026-09-29 13:08:05 | [QUEUE] | iter=639 | 队列 | sample_queue=1/4 | weight_queues_pending=4/4
2026-09-29 13:08:07 | [UPDATE] | [learner] iter=640 transitions=40 completion=2.50% reward=-1.377 | cost=2.195s | lr_actor=2.808e-04 lr_critic=2.808e-04 | wv=634 stale=6 ck=ok| obj=inf completion=2.50% finite_obj=2.5% no_solution=97.5% collision=0.0% spectrum=35.0% action_range=[0.000,0.998] solver_status=optimal:2.5%,infeasible:92.5%,unknown:5.0%,error:0.0%,other:0.0% norm_count=51200
2026-09-29 13:08:07 | [QUEUE] | iter=640 | 队列 | sample_queue=0/4 | weight_queues_pending=4/4
2026-09-29 13:08:22 | [UPDATE] | [learner] iter=641 transitions=40 completion=0.00% reward=-1.650 | cost=1.988s | lr_actor=2.808e-04 lr_critic=2.808e-04 | wv=636 stale=5 ck=ok| obj=inf completion=0.00% finite_obj=0.0% no_solution=100.0% collision=0.0% spectrum=55.0% action_range=[0.000,1.000] solver_status=optimal:0.0%,infeasible:92.5%,unknown:7.5%,error:0.0%,other:0.0% norm_count=51280
2026-09-29 13:08:22 | [QUEUE] | iter=641 | 队列 | sample_queue=1/4 | weight_queues_pending=4/4
2026-09-29 13:08:24 | [UPDATE] | [learner] iter=642 transitions=40 completion=2.50% reward=-1.400 | cost=2.144s | lr_actor=2.808e-04 lr_critic=2.808e-04 | wv=637 stale=5 ck=ok| obj=inf completion=2.50% finite_obj=2.5% no_solution=97.5% collision=0.0% spectrum=35.0% action_range=[0.000,1.000] solver_status=optimal:2.5%,infeasible:95.0%,unknown:2.5%,error:0.0%,other:0.0% norm_count=51360
2026-09-29 13:08:24 | [QUEUE] | iter=642 | 队列 | sample_queue=0/4 | weight_queues_pending=4/4
2026-09-29 13:08:29 | [UPDATE] | [learner] iter=643 transitions=40 completion=0.00% reward=-1.525 | cost=2.397s | lr_actor=2.807e-04 lr_critic=2.807e-04 | wv=638 stale=5 ck=ok| obj=inf completion=0.00% finite_obj=0.0% no_solution=100.0% collision=0.0% spectrum=42.5% action_range=[0.000,1.000] solver_status=optimal:0.0%,infeasible:92.5%,unknown:7.5%,error:0.0%,other:0.0% norm_count=51440
2026-09-29 13:08:29 | [QUEUE] | iter=643 | 队列 | sample_queue=1/4 | weight_queues_pending=4/4
2026-09-29 13:08:31 | [UPDATE] | [learner] iter=644 transitions=40 completion=2.50% reward=-1.376 | cost=2.278s | lr_actor=2.807e-04 lr_critic=2.807e-04 | wv=638 stale=6 ck=ok| obj=inf completion=2.50% finite_obj=2.5% no_solution=97.5% collision=0.0% spectrum=42.5% action_range=[0.000,0.999] solver_status=optimal:2.5%,infeasible:87.5%,unknown:10.0%,error:0.0%,other:0.0% norm_count=51520
2026-09-29 13:08:31 | [QUEUE] | iter=644 | 队列 | sample_queue=0/4 | weight_queues_pending=4/4
2026-09-29 13:08:45 | [UPDATE] | [learner] iter=645 transitions=40 completion=0.00% reward=-1.425 | cost=2.289s | lr_actor=2.807e-04 lr_critic=2.807e-04 | wv=640 stale=5 ck=ok| obj=inf completion=0.00% finite_obj=0.0% no_solution=100.0% collision=0.0% spectrum=40.0% action_range=[0.000,0.999] solver_status=optimal:0.0%,infeasible:90.0%,unknown:10.0%,error:0.0%,other:0.0% norm_count=51600
2026-09-29 13:08:45 | [QUEUE] | iter=645 | 队列 | sample_queue=0/4 | weight_queues_pending=4/4
2026-09-29 13:08:51 | [UPDATE] | [learner] iter=646 transitions=40 completion=0.00% reward=-1.675 | cost=2.088s | lr_actor=2.806e-04 lr_critic=2.806e-04 | wv=640 stale=6 ck=ok| obj=inf completion=0.00% finite_obj=0.0% no_solution=100.0% collision=0.0% spectrum=55.0% action_range=[0.001,1.000] solver_status=optimal:0.0%,infeasible:92.5%,unknown:7.5%,error:0.0%,other:0.0% norm_count=51680
2026-09-29 13:08:51 | [QUEUE] | iter=646 | 队列 | sample_queue=0/4 | weight_queues_pending=4/4
2026-09-29 13:08:55 | [UPDATE] | [learner] iter=647 transitions=40 completion=0.00% reward=-1.500 | cost=2.027s | lr_actor=2.806e-04 lr_critic=2.806e-04 | wv=642 stale=5 ck=ok| obj=inf completion=0.00% finite_obj=0.0% no_solution=100.0% collision=0.0% spectrum=45.0% action_range=[0.001,1.000] solver_status=optimal:0.0%,infeasible:92.5%,unknown:7.5%,error:0.0%,other:0.0% norm_count=51760
2026-09-29 13:08:55 | [QUEUE] | iter=647 | 队列 | sample_queue=1/4 | weight_queues_pending=4/4
2026-09-29 13:08:57 | [UPDATE] | [learner] iter=648 transitions=40 completion=0.00% reward=-1.550 | cost=2.269s | lr_actor=2.806e-04 lr_critic=2.806e-04 | wv=642 stale=6 ck=ok| obj=inf completion=0.00% finite_obj=0.0% no_solution=100.0% collision=0.0% spectrum=50.0% action_range=[0.000,1.000] solver_status=optimal:0.0%,infeasible:90.0%,unknown:10.0%,error:0.0%,other:0.0% norm_count=51840
2026-09-29 13:08:57 | [QUEUE] | iter=648 | 队列 | sample_queue=0/4 | weight_queues_pending=4/4
2026-09-29 13:09:07 | [UPDATE] | [learner] iter=649 transitions=40 completion=0.00% reward=-1.425 | cost=2.207s | lr_actor=2.806e-04 lr_critic=2.806e-04 | wv=644 stale=5 ck=ok| obj=inf completion=0.00% finite_obj=0.0% no_solution=100.0% collision=0.0% spectrum=40.0% action_range=[0.001,0.998] solver_status=optimal:0.0%,infeasible:97.5%,unknown:2.5%,error:0.0%,other:0.0% norm_count=51920
2026-09-29 13:09:07 | [QUEUE] | iter=649 | 队列 | sample_queue=0/4 | weight_queues_pending=4/4
2026-09-29 13:09:18 | [UPDATE] | [learner] iter=650 transitions=40 completion=0.00% reward=-1.450 | cost=2.041s | lr_actor=2.805e-04 lr_critic=2.805e-04 | wv=646 stale=4 ck=ok| obj=inf completion=0.00% finite_obj=0.0% no_solution=100.0% collision=0.0% spectrum=42.5% action_range=[0.001,0.999] solver_status=optimal:0.0%,infeasible:87.5%,unknown:12.5%,error:0.0%,other:0.0% norm_count=52000
2026-09-29 13:09:18 | [QUEUE] | iter=650 | 队列 | sample_queue=0/4 | weight_queues_pending=4/4
2026-09-29 13:09:21 | [UPDATE] | [learner] iter=651 transitions=40 completion=0.00% reward=-1.600 | cost=2.272s | lr_actor=2.805e-04 lr_critic=2.805e-04 | wv=645 stale=6 ck=ok| obj=inf completion=0.00% finite_obj=0.0% no_solution=100.0% collision=0.0% spectrum=55.0% action_range=[0.001,1.000] solver_status=optimal:0.0%,infeasible:87.5%,unknown:12.5%,error:0.0%,other:0.0% norm_count=52080
2026-09-29 13:09:21 | [QUEUE] | iter=651 | 队列 | sample_queue=1/4 | weight_queues_pending=4/4
2026-09-29 13:09:23 | [UPDATE] | [learner] iter=652 transitions=40 completion=0.00% reward=-1.500 | cost=2.144s | lr_actor=2.805e-04 lr_critic=2.805e-04 | wv=646 stale=6 ck=ok| obj=inf completion=0.00% finite_obj=0.0% no_solution=100.0% collision=0.0% spectrum=45.0% action_range=[0.000,1.000] solver_status=optimal:0.0%,infeasible:95.0%,unknown:5.0%,error:0.0%,other:0.0% norm_count=52160
2026-09-29 13:09:23 | [QUEUE] | iter=652 | 队列 | sample_queue=0/4 | weight_queues_pending=4/4
2026-09-29 13:09:32 | [UPDATE] | [learner] iter=653 transitions=40 completion=0.00% reward=-1.551 | cost=2.214s | lr_actor=2.804e-04 lr_critic=2.804e-04 | wv=648 stale=5 ck=ok| obj=inf completion=0.00% finite_obj=2.5% no_solution=97.5% collision=0.0% spectrum=50.0% action_range=[0.000,0.999] solver_status=optimal:2.5%,infeasible:97.5%,unknown:0.0%,error:0.0%,other:0.0% norm_count=52240
2026-09-29 13:09:32 | [QUEUE] | iter=653 | 队列 | sample_queue=0/4 | weight_queues_pending=4/4
2026-09-29 13:09:45 | [UPDATE] | [learner] iter=654 transitions=40 completion=2.50% reward=-1.454 | cost=2.348s | lr_actor=2.804e-04 lr_critic=2.804e-04 | wv=649 stale=5 ck=ok| obj=inf completion=2.50% finite_obj=2.5% no_solution=97.5% collision=0.0% spectrum=45.0% action_range=[0.001,0.999] solver_status=optimal:2.5%,infeasible:87.5%,unknown:10.0%,error:0.0%,other:0.0% norm_count=52320
2026-09-29 13:09:45 | [QUEUE] | iter=654 | 队列 | sample_queue=2/4 | weight_queues_pending=4/4
2026-09-29 13:09:47 | [UPDATE] | [learner] iter=655 transitions=40 completion=0.00% reward=-1.525 | cost=1.983s | lr_actor=2.804e-04 lr_critic=2.804e-04 | wv=650 stale=5 ck=ok| obj=inf completion=0.00% finite_obj=0.0% no_solution=100.0% collision=0.0% spectrum=37.5% action_range=[0.000,0.999] solver_status=optimal:0.0%,infeasible:85.0%,unknown:15.0%,error:0.0%,other:0.0% norm_count=52400
2026-09-29 13:09:47 | [QUEUE] | iter=655 | 队列 | sample_queue=1/4 | weight_queues_pending=4/4
2026-09-29 13:09:49 | [UPDATE] | [learner] iter=656 transitions=40 completion=0.00% reward=-1.450 | cost=2.416s | lr_actor=2.803e-04 lr_critic=2.803e-04 | wv=650 stale=6 ck=ok| obj=inf completion=0.00% finite_obj=0.0% no_solution=100.0% collision=0.0% spectrum=45.0% action_range=[0.000,0.999] solver_status=optimal:0.0%,infeasible:95.0%,unknown:5.0%,error:0.0%,other:0.0% norm_count=52480
2026-09-29 13:09:49 | [QUEUE] | iter=656 | 队列 | sample_queue=0/4 | weight_queues_pending=4/4
2026-09-29 13:09:58 | [UPDATE] | [learner] iter=657 transitions=40 completion=0.00% reward=-1.425 | cost=2.254s | lr_actor=2.803e-04 lr_critic=2.803e-04 | wv=652 stale=5 ck=ok| obj=inf completion=0.00% finite_obj=0.0% no_solution=100.0% collision=0.0% spectrum=37.5% action_range=[0.001,1.000] solver_status=optimal:0.0%,infeasible:92.5%,unknown:7.5%,error:0.0%,other:0.0% norm_count=52560
2026-09-29 13:09:58 | [QUEUE] | iter=657 | 队列 | sample_queue=0/4 | weight_queues_pending=4/4
2026-09-29 13:10:07 | [UPDATE] | [learner] iter=658 transitions=40 completion=0.00% reward=-1.425 | cost=2.649s | lr_actor=2.803e-04 lr_critic=2.803e-04 | wv=653 stale=5 ck=ok| obj=inf completion=0.00% finite_obj=0.0% no_solution=100.0% collision=0.0% spectrum=35.0% action_range=[0.000,0.998] solver_status=optimal:0.0%,infeasible:95.0%,unknown:5.0%,error:0.0%,other:0.0% norm_count=52640
2026-09-29 13:10:07 | [QUEUE] | iter=658 | 队列 | sample_queue=0/4 | weight_queues_pending=4/4
2026-09-29 13:10:11 | [UPDATE] | [learner] iter=659 transitions=40 completion=0.00% reward=-1.525 | cost=2.247s | lr_actor=2.803e-04 lr_critic=2.803e-04 | wv=653 stale=6 ck=ok| obj=inf completion=0.00% finite_obj=0.0% no_solution=100.0% collision=0.0% spectrum=42.5% action_range=[0.000,1.000] solver_status=optimal:0.0%,infeasible:95.0%,unknown:5.0%,error:0.0%,other:0.0% norm_count=52720
2026-09-29 13:10:11 | [QUEUE] | iter=659 | 队列 | sample_queue=0/4 | weight_queues_pending=4/4
2026-09-29 13:10:14 | [UPDATE] | [learner] iter=660 transitions=40 completion=0.00% reward=-1.525 | cost=2.711s | lr_actor=2.802e-04 lr_critic=2.802e-04 | wv=653 stale=7 ck=ok| obj=inf completion=0.00% finite_obj=0.0% no_solution=100.0% collision=0.0% spectrum=47.5% action_range=[0.001,1.000] solver_status=optimal:0.0%,infeasible:95.0%,unknown:5.0%,error:0.0%,other:0.0% norm_count=52800
2026-09-29 13:10:14 | [QUEUE] | iter=660 | 队列 | sample_queue=0/4 | weight_queues_pending=4/4
2026-09-29 13:10:23 | [UPDATE] | [learner] iter=661 transitions=40 completion=0.00% reward=-1.500 | cost=2.217s | lr_actor=2.802e-04 lr_critic=2.802e-04 | wv=656 stale=5 ck=ok| obj=inf completion=0.00% finite_obj=0.0% no_solution=100.0% collision=0.0% spectrum=42.5% action_range=[0.001,1.000] solver_status=optimal:0.0%,infeasible:95.0%,unknown:5.0%,error:0.0%,other:0.0% norm_count=52880
2026-09-29 13:10:23 | [QUEUE] | iter=661 | 队列 | sample_queue=0/4 | weight_queues_pending=4/4
2026-09-29 13:10:32 | [UPDATE] | [learner] iter=662 transitions=40 completion=0.00% reward=-1.550 | cost=2.314s | lr_actor=2.802e-04 lr_critic=2.802e-04 | wv=657 stale=5 ck=ok| obj=inf completion=0.00% finite_obj=0.0% no_solution=100.0% collision=0.0% spectrum=42.5% action_range=[0.000,1.000] solver_status=optimal:0.0%,infeasible:90.0%,unknown:10.0%,error:0.0%,other:0.0% norm_count=52960
2026-09-29 13:10:32 | [QUEUE] | iter=662 | 队列 | sample_queue=0/4 | weight_queues_pending=4/4
2026-09-29 13:10:36 | [UPDATE] | [learner] iter=663 transitions=40 completion=0.00% reward=-1.550 | cost=2.353s | lr_actor=2.801e-04 lr_critic=2.801e-04 | wv=658 stale=5 ck=ok| obj=inf completion=0.00% finite_obj=0.0% no_solution=100.0% collision=0.0% spectrum=50.0% action_range=[0.000,0.999] solver_status=optimal:0.0%,infeasible:90.0%,unknown:10.0%,error:0.0%,other:0.0% norm_count=53040
2026-09-29 13:10:36 | [QUEUE] | iter=663 | 队列 | sample_queue=0/4 | weight_queues_pending=4/4
2026-09-29 13:10:41 | [UPDATE] | [learner] iter=664 transitions=40 completion=2.50% reward=-1.304 | cost=2.192s | lr_actor=2.801e-04 lr_critic=2.801e-04 | wv=659 stale=5 ck=ok| obj=inf completion=2.50% finite_obj=2.5% no_solution=97.5% collision=0.0% spectrum=32.5% action_range=[0.000,1.000] solver_status=optimal:2.5%,infeasible:87.5%,unknown:10.0%,error:0.0%,other:0.0% norm_count=53120
2026-09-29 13:10:41 | [QUEUE] | iter=664 | 队列 | sample_queue=0/4 | weight_queues_pending=4/4
2026-09-29 13:10:51 | [UPDATE] | [learner] iter=665 transitions=40 completion=0.00% reward=-1.550 | cost=2.191s | lr_actor=2.801e-04 lr_critic=2.801e-04 | wv=660 stale=5 ck=ok| obj=inf completion=0.00% finite_obj=0.0% no_solution=100.0% collision=0.0% spectrum=47.5% action_range=[0.003,0.998] solver_status=optimal:0.0%,infeasible:95.0%,unknown:5.0%,error:0.0%,other:0.0% norm_count=53200
2026-09-29 13:10:51 | [QUEUE] | iter=665 | 队列 | sample_queue=0/4 | weight_queues_pending=4/4
2026-09-29 13:10:55 | [UPDATE] | [learner] iter=666 transitions=40 completion=0.00% reward=-1.603 | cost=2.132s | lr_actor=2.800e-04 lr_critic=2.800e-04 | wv=661 stale=5 ck=ok| obj=inf completion=0.00% finite_obj=2.5% no_solution=97.5% collision=0.0% spectrum=52.5% action_range=[0.000,1.000] solver_status=optimal:2.5%,infeasible:95.0%,unknown:2.5%,error:0.0%,other:0.0% norm_count=53280
2026-09-29 13:10:55 | [QUEUE] | iter=666 | 队列 | sample_queue=0/4 | weight_queues_pending=4/4
2026-09-29 13:10:59 | [UPDATE] | [learner] iter=667 transitions=40 completion=0.00% reward=-1.550 | cost=2.198s | lr_actor=2.800e-04 lr_critic=2.800e-04 | wv=662 stale=5 ck=ok| obj=inf completion=0.00% finite_obj=0.0% no_solution=100.0% collision=0.0% spectrum=50.0% action_range=[0.001,1.000] solver_status=optimal:0.0%,infeasible:95.0%,unknown:5.0%,error:0.0%,other:0.0% norm_count=53360
2026-09-29 13:10:59 | [QUEUE] | iter=667 | 队列 | sample_queue=0/4 | weight_queues_pending=4/4
2026-09-29 13:11:10 | [UPDATE] | [learner] iter=668 transitions=40 completion=0.00% reward=-1.425 | cost=2.136s | lr_actor=2.800e-04 lr_critic=2.800e-04 | wv=663 stale=5 ck=ok| obj=inf completion=0.00% finite_obj=0.0% no_solution=100.0% collision=0.0% spectrum=37.5% action_range=[0.000,1.000] solver_status=optimal:0.0%,infeasible:90.0%,unknown:10.0%,error:0.0%,other:0.0% norm_count=53440
2026-09-29 13:11:10 | [QUEUE] | iter=668 | 队列 | sample_queue=0/4 | weight_queues_pending=4/4
2026-09-29 13:11:15 | [UPDATE] | [learner] iter=669 transitions=40 completion=0.00% reward=-1.475 | cost=2.019s | lr_actor=2.800e-04 lr_critic=2.800e-04 | wv=664 stale=5 ck=ok| obj=inf completion=0.00% finite_obj=0.0% no_solution=100.0% collision=0.0% spectrum=45.0% action_range=[0.001,1.000] solver_status=optimal:0.0%,infeasible:100.0%,unknown:0.0%,error:0.0%,other:0.0% norm_count=53520
2026-09-29 13:11:15 | [QUEUE] | iter=669 | 队列 | sample_queue=0/4 | weight_queues_pending=4/4
2026-09-29 13:11:18 | [UPDATE] | [learner] iter=670 transitions=40 completion=0.00% reward=-1.650 | cost=2.343s | lr_actor=2.799e-04 lr_critic=2.799e-04 | wv=666 stale=4 ck=ok| obj=inf completion=0.00% finite_obj=0.0% no_solution=100.0% collision=0.0% spectrum=57.5% action_range=[0.002,1.000] solver_status=optimal:0.0%,infeasible:90.0%,unknown:10.0%,error:0.0%,other:0.0% norm_count=53600
2026-09-29 13:11:18 | [QUEUE] | iter=670 | 队列 | sample_queue=1/4 | weight_queues_pending=4/4
2026-09-29 13:11:21 | [UPDATE] | [learner] iter=671 transitions=40 completion=0.00% reward=-1.600 | cost=2.486s | lr_actor=2.799e-04 lr_critic=2.799e-04 | wv=665 stale=6 ck=ok| obj=inf completion=0.00% finite_obj=0.0% no_solution=100.0% collision=0.0% spectrum=52.5% action_range=[0.000,0.999] solver_status=optimal:0.0%,infeasible:95.0%,unknown:5.0%,error:0.0%,other:0.0% norm_count=53680
2026-09-29 13:11:21 | [QUEUE] | iter=671 | 队列 | sample_queue=0/4 | weight_queues_pending=4/4
2026-09-29 13:11:39 | [UPDATE] | [learner] iter=672 transitions=40 completion=0.00% reward=-1.625 | cost=2.338s | lr_actor=2.799e-04 lr_critic=2.799e-04 | wv=667 stale=5 ck=ok| obj=inf completion=0.00% finite_obj=0.0% no_solution=100.0% collision=0.0% spectrum=55.0% action_range=[0.000,1.000] solver_status=optimal:0.0%,infeasible:90.0%,unknown:10.0%,error:0.0%,other:0.0% norm_count=53760
2026-09-29 13:11:39 | [QUEUE] | iter=672 | 队列 | sample_queue=2/4 | weight_queues_pending=4/4
2026-09-29 13:11:42 | [UPDATE] | [learner] iter=673 transitions=40 completion=0.00% reward=-1.450 | cost=2.235s | lr_actor=2.798e-04 lr_critic=2.798e-04 | wv=669 stale=4 ck=ok| obj=inf completion=0.00% finite_obj=0.0% no_solution=100.0% collision=0.0% spectrum=42.5% action_range=[0.000,1.000] solver_status=optimal:0.0%,infeasible:82.5%,unknown:17.5%,error:0.0%,other:0.0% norm_count=53840
2026-09-29 13:11:42 | [QUEUE] | iter=673 | 队列 | sample_queue=2/4 | weight_queues_pending=4/4
2026-09-29 13:11:44 | [UPDATE] | [learner] iter=674 transitions=40 completion=0.00% reward=-1.375 | cost=2.194s | lr_actor=2.798e-04 lr_critic=2.798e-04 | wv=668 stale=6 ck=ok| obj=inf completion=0.00% finite_obj=0.0% no_solution=100.0% collision=0.0% spectrum=32.5% action_range=[0.000,0.999] solver_status=optimal:0.0%,infeasible:92.5%,unknown:7.5%,error:0.0%,other:0.0% norm_count=53920
2026-09-29 13:11:44 | [QUEUE] | iter=674 | 队列 | sample_queue=1/4 | weight_queues_pending=4/4
2026-09-29 13:11:47 | [UPDATE] | [learner] iter=675 transitions=40 completion=0.00% reward=-1.600 | cost=2.635s | lr_actor=2.798e-04 lr_critic=2.798e-04 | wv=669 stale=6 ck=ok| obj=inf completion=0.00% finite_obj=0.0% no_solution=100.0% collision=0.0% spectrum=50.0% action_range=[0.000,1.000] solver_status=optimal:0.0%,infeasible:95.0%,unknown:5.0%,error:0.0%,other:0.0% norm_count=54000
2026-09-29 13:11:47 | [QUEUE] | iter=675 | 队列 | sample_queue=0/4 | weight_queues_pending=4/4
2026-09-29 13:12:03 | [UPDATE] | [learner] iter=676 transitions=40 completion=0.00% reward=-1.575 | cost=2.368s | lr_actor=2.797e-04 lr_critic=2.797e-04 | wv=672 stale=4 ck=ok| obj=inf completion=0.00% finite_obj=0.0% no_solution=100.0% collision=0.0% spectrum=50.0% action_range=[0.001,1.000] solver_status=optimal:0.0%,infeasible:90.0%,unknown:10.0%,error:0.0%,other:0.0% norm_count=54080
2026-09-29 13:12:03 | [QUEUE] | iter=676 | 队列 | sample_queue=1/4 | weight_queues_pending=4/4
2026-09-29 13:12:05 | [UPDATE] | [learner] iter=677 transitions=40 completion=0.00% reward=-1.300 | cost=2.314s | lr_actor=2.797e-04 lr_critic=2.797e-04 | wv=671 stale=6 ck=ok| obj=inf completion=0.00% finite_obj=0.0% no_solution=100.0% collision=0.0% spectrum=30.0% action_range=[0.001,1.000] solver_status=optimal:0.0%,infeasible:90.0%,unknown:10.0%,error:0.0%,other:0.0% norm_count=54160
2026-09-29 13:12:05 | [QUEUE] | iter=677 | 队列 | sample_queue=1/4 | weight_queues_pending=4/4
2026-09-29 13:12:08 | [UPDATE] | [learner] iter=678 transitions=40 completion=0.00% reward=-1.300 | cost=2.288s | lr_actor=2.797e-04 lr_critic=2.797e-04 | wv=671 stale=7 ck=ok| obj=inf completion=0.00% finite_obj=0.0% no_solution=100.0% collision=0.0% spectrum=30.0% action_range=[0.000,0.998] solver_status=optimal:0.0%,infeasible:87.5%,unknown:12.5%,error:0.0%,other:0.0% norm_count=54240
2026-09-29 13:12:08 | [QUEUE] | iter=678 | 队列 | sample_queue=0/4 | weight_queues_pending=4/4
2026-09-29 13:12:10 | [UPDATE] | [learner] iter=679 transitions=40 completion=2.50% reward=-1.451 | cost=2.145s | lr_actor=2.797e-04 lr_critic=2.797e-04 | wv=671 stale=8 ck=ok| obj=inf completion=2.50% finite_obj=2.5% no_solution=97.5% collision=0.0% spectrum=45.0% action_range=[0.001,1.000] solver_status=optimal:2.5%,infeasible:85.0%,unknown:12.5%,error:0.0%,other:0.0% norm_count=54320
2026-09-29 13:12:10 | [QUEUE] | iter=679 | 队列 | sample_queue=0/4 | weight_queues_pending=4/4
2026-09-29 13:12:26 | [UPDATE] | [learner] iter=680 transitions=40 completion=0.00% reward=-1.450 | cost=2.195s | lr_actor=2.796e-04 lr_critic=2.796e-04 | wv=675 stale=5 ck=ok| obj=inf completion=0.00% finite_obj=0.0% no_solution=100.0% collision=0.0% spectrum=42.5% action_range=[0.000,1.000] solver_status=optimal:0.0%,infeasible:87.5%,unknown:12.5%,error:0.0%,other:0.0% norm_count=54400
2026-09-29 13:12:26 | [QUEUE] | iter=680 | 队列 | sample_queue=1/4 | weight_queues_pending=4/4
2026-09-29 13:12:28 | [UPDATE] | [learner] iter=681 transitions=40 completion=0.00% reward=-1.553 | cost=2.048s | lr_actor=2.796e-04 lr_critic=2.796e-04 | wv=675 stale=6 ck=ok| obj=inf completion=0.00% finite_obj=2.5% no_solution=97.5% collision=0.0% spectrum=52.5% action_range=[0.000,0.999] solver_status=optimal:2.5%,infeasible:90.0%,unknown:7.5%,error:0.0%,other:0.0% norm_count=54480
2026-09-29 13:12:28 | [QUEUE] | iter=681 | 队列 | sample_queue=0/4 | weight_queues_pending=4/4
2026-09-29 13:12:31 | [UPDATE] | [learner] iter=682 transitions=40 completion=0.00% reward=-1.550 | cost=2.270s | lr_actor=2.796e-04 lr_critic=2.796e-04 | wv=676 stale=6 ck=ok| obj=inf completion=0.00% finite_obj=0.0% no_solution=100.0% collision=0.0% spectrum=47.5% action_range=[0.000,1.000] solver_status=optimal:0.0%,infeasible:90.0%,unknown:10.0%,error:0.0%,other:0.0% norm_count=54560
2026-09-29 13:12:31 | [QUEUE] | iter=682 | 队列 | sample_queue=0/4 | weight_queues_pending=4/4
2026-09-29 13:12:38 | [UPDATE] | [learner] iter=683 transitions=40 completion=0.00% reward=-1.425 | cost=2.269s | lr_actor=2.795e-04 lr_critic=2.795e-04 | wv=678 stale=5 ck=ok| obj=inf completion=0.00% finite_obj=0.0% no_solution=100.0% collision=0.0% spectrum=40.0% action_range=[0.001,1.000] solver_status=optimal:0.0%,infeasible:92.5%,unknown:7.5%,error:0.0%,other:0.0% norm_count=54640
2026-09-29 13:12:38 | [QUEUE] | iter=683 | 队列 | sample_queue=0/4 | weight_queues_pending=4/4
2026-09-29 13:12:50 | [UPDATE] | [learner] iter=684 transitions=40 completion=0.00% reward=-1.550 | cost=1.974s | lr_actor=2.795e-04 lr_critic=2.795e-04 | wv=679 stale=5 ck=ok| obj=inf completion=0.00% finite_obj=0.0% no_solution=100.0% collision=0.0% spectrum=50.0% action_range=[0.000,0.999] solver_status=optimal:0.0%,infeasible:85.0%,unknown:15.0%,error:0.0%,other:0.0% norm_count=54720
2026-09-29 13:12:50 | [QUEUE] | iter=684 | 队列 | sample_queue=1/4 | weight_queues_pending=4/4
2026-09-29 13:12:53 | [UPDATE] | [learner] iter=685 transitions=40 completion=2.50% reward=-1.506 | cost=2.292s | lr_actor=2.795e-04 lr_critic=2.795e-04 | wv=679 stale=6 ck=ok| obj=inf completion=2.50% finite_obj=5.0% no_solution=95.0% collision=0.0% spectrum=52.5% action_range=[0.000,0.999] solver_status=optimal:5.0%,infeasible:92.5%,unknown:2.5%,error:0.0%,other:0.0% norm_count=54800
2026-09-29 13:12:53 | [QUEUE] | iter=685 | 队列 | sample_queue=1/4 | weight_queues_pending=4/4
2026-09-29 13:12:55 | [UPDATE] | [learner] iter=686 transitions=40 completion=0.00% reward=-1.425 | cost=2.200s | lr_actor=2.794e-04 lr_critic=2.794e-04 | wv=681 stale=5 ck=ok| obj=inf completion=0.00% finite_obj=0.0% no_solution=100.0% collision=0.0% spectrum=42.5% action_range=[0.000,1.000] solver_status=optimal:0.0%,infeasible:85.0%,unknown:15.0%,error:0.0%,other:0.0% norm_count=54880
2026-09-29 13:12:55 | [QUEUE] | iter=686 | 队列 | sample_queue=0/4 | weight_queues_pending=4/4
2026-09-29 13:13:05 | [UPDATE] | [learner] iter=687 transitions=40 completion=0.00% reward=-1.575 | cost=2.200s | lr_actor=2.794e-04 lr_critic=2.794e-04 | wv=682 stale=5 ck=ok| obj=inf completion=0.00% finite_obj=0.0% no_solution=100.0% collision=0.0% spectrum=52.5% action_range=[0.000,1.000] solver_status=optimal:0.0%,infeasible:87.5%,unknown:12.5%,error:0.0%,other:0.0% norm_count=54960
2026-09-29 13:13:05 | [QUEUE] | iter=687 | 队列 | sample_queue=0/4 | weight_queues_pending=4/4
2026-09-29 13:13:14 | [UPDATE] | [learner] iter=688 transitions=40 completion=0.00% reward=-1.300 | cost=2.037s | lr_actor=2.794e-04 lr_critic=2.794e-04 | wv=683 stale=5 ck=ok| obj=inf completion=0.00% finite_obj=0.0% no_solution=100.0% collision=0.0% spectrum=30.0% action_range=[0.001,1.000] solver_status=optimal:0.0%,infeasible:95.0%,unknown:5.0%,error:0.0%,other:0.0% norm_count=55040
2026-09-29 13:13:14 | [QUEUE] | iter=688 | 队列 | sample_queue=1/4 | weight_queues_pending=4/4
2026-09-29 13:13:16 | [UPDATE] | [learner] iter=689 transitions=40 completion=0.00% reward=-1.425 | cost=2.294s | lr_actor=2.794e-04 lr_critic=2.794e-04 | wv=683 stale=6 ck=ok| obj=inf completion=0.00% finite_obj=0.0% no_solution=100.0% collision=0.0% spectrum=37.5% action_range=[0.000,0.999] solver_status=optimal:0.0%,infeasible:95.0%,unknown:5.0%,error:0.0%,other:0.0% norm_count=55120
2026-09-29 13:13:16 | [QUEUE] | iter=689 | 队列 | sample_queue=1/4 | weight_queues_pending=4/4
2026-09-29 13:13:18 | [UPDATE] | [learner] iter=690 transitions=40 completion=2.50% reward=-1.430 | cost=1.994s | lr_actor=2.793e-04 lr_critic=2.793e-04 | wv=684 stale=6 ck=ok| obj=inf completion=2.50% finite_obj=2.5% no_solution=97.5% collision=0.0% spectrum=47.5% action_range=[0.000,0.999] solver_status=optimal:2.5%,infeasible:90.0%,unknown:7.5%,error:0.0%,other:0.0% norm_count=55200
2026-09-29 13:13:18 | [QUEUE] | iter=690 | 队列 | sample_queue=0/4 | weight_queues_pending=4/4
2026-09-29 13:13:31 | [UPDATE] | [learner] iter=691 transitions=40 completion=0.00% reward=-1.426 | cost=2.313s | lr_actor=2.793e-04 lr_critic=2.793e-04 | wv=686 stale=5 ck=ok| obj=inf completion=0.00% finite_obj=2.5% no_solution=97.5% collision=0.0% spectrum=42.5% action_range=[0.001,1.000] solver_status=optimal:2.5%,infeasible:82.5%,unknown:15.0%,error:0.0%,other:0.0% norm_count=55280
2026-09-29 13:13:31 | [QUEUE] | iter=691 | 队列 | sample_queue=0/4 | weight_queues_pending=4/4
2026-09-29 13:13:37 | [UPDATE] | [learner] iter=692 transitions=40 completion=0.00% reward=-1.600 | cost=2.080s | lr_actor=2.793e-04 lr_critic=2.793e-04 | wv=687 stale=5 ck=ok| obj=inf completion=0.00% finite_obj=0.0% no_solution=100.0% collision=0.0% spectrum=55.0% action_range=[0.000,1.000] solver_status=optimal:0.0%,infeasible:92.5%,unknown:7.5%,error:0.0%,other:0.0% norm_count=55360
2026-09-29 13:13:37 | [QUEUE] | iter=692 | 队列 | sample_queue=0/4 | weight_queues_pending=4/4
2026-09-29 13:13:40 | [UPDATE] | [learner] iter=693 transitions=40 completion=0.00% reward=-1.525 | cost=2.083s | lr_actor=2.792e-04 lr_critic=2.792e-04 | wv=687 stale=6 ck=ok| obj=inf completion=0.00% finite_obj=0.0% no_solution=100.0% collision=0.0% spectrum=50.0% action_range=[0.002,0.998] solver_status=optimal:0.0%,infeasible:92.5%,unknown:7.5%,error:0.0%,other:0.0% norm_count=55440
2026-09-29 13:13:40 | [QUEUE] | iter=693 | 队列 | sample_queue=1/4 | weight_queues_pending=4/4
2026-09-29 13:13:43 | [UPDATE] | [learner] iter=694 transitions=40 completion=0.00% reward=-1.500 | cost=2.492s | lr_actor=2.792e-04 lr_critic=2.792e-04 | wv=688 stale=6 ck=ok| obj=inf completion=0.00% finite_obj=0.0% no_solution=100.0% collision=0.0% spectrum=42.5% action_range=[0.000,0.999] solver_status=optimal:0.0%,infeasible:92.5%,unknown:7.5%,error:0.0%,other:0.0% norm_count=55520
2026-09-29 13:13:43 | [QUEUE] | iter=694 | 队列 | sample_queue=0/4 | weight_queues_pending=4/4
2026-09-29 13:13:57 | [UPDATE] | [learner] iter=695 transitions=40 completion=0.00% reward=-1.626 | cost=2.444s | lr_actor=2.792e-04 lr_critic=2.792e-04 | wv=690 stale=5 ck=ok| obj=inf completion=0.00% finite_obj=2.5% no_solution=97.5% collision=0.0% spectrum=62.5% action_range=[0.000,1.000] solver_status=optimal:2.5%,infeasible:82.5%,unknown:15.0%,error:0.0%,other:0.0% norm_count=55600
2026-09-29 13:13:57 | [QUEUE] | iter=695 | 队列 | sample_queue=1/4 | weight_queues_pending=4/4
2026-09-29 13:14:00 | [UPDATE] | [learner] iter=696 transitions=40 completion=0.00% reward=-1.575 | cost=2.949s | lr_actor=2.791e-04 lr_critic=2.791e-04 | wv=691 stale=5 ck=ok| obj=inf completion=0.00% finite_obj=0.0% no_solution=100.0% collision=0.0% spectrum=50.0% action_range=[0.002,1.000] solver_status=optimal:0.0%,infeasible:92.5%,unknown:7.5%,error:0.0%,other:0.0% norm_count=55680
2026-09-29 13:14:00 | [QUEUE] | iter=696 | 队列 | sample_queue=0/4 | weight_queues_pending=4/4
2026-09-29 13:14:04 | [UPDATE] | [learner] iter=697 transitions=40 completion=0.00% reward=-1.700 | cost=2.345s | lr_actor=2.791e-04 lr_critic=2.791e-04 | wv=692 stale=5 ck=ok| obj=inf completion=0.00% finite_obj=0.0% no_solution=100.0% collision=0.0% spectrum=60.0% action_range=[0.000,1.000] solver_status=optimal:0.0%,infeasible:100.0%,unknown:0.0%,error:0.0%,other:0.0% norm_count=55760
2026-09-29 13:14:04 | [QUEUE] | iter=697 | 队列 | sample_queue=1/4 | weight_queues_pending=4/4
2026-09-29 13:14:07 | [UPDATE] | [learner] iter=698 transitions=40 completion=0.00% reward=-1.450 | cost=2.172s | lr_actor=2.791e-04 lr_critic=2.791e-04 | wv=692 stale=6 ck=ok| obj=inf completion=0.00% finite_obj=0.0% no_solution=100.0% collision=0.0% spectrum=42.5% action_range=[0.000,0.999] solver_status=optimal:0.0%,infeasible:97.5%,unknown:2.5%,error:0.0%,other:0.0% norm_count=55840
2026-09-29 13:14:07 | [QUEUE] | iter=698 | 队列 | sample_queue=0/4 | weight_queues_pending=4/4
2026-09-29 13:14:21 | [UPDATE] | [learner] iter=699 transitions=40 completion=0.00% reward=-1.450 | cost=2.242s | lr_actor=2.791e-04 lr_critic=2.791e-04 | wv=694 stale=5 ck=ok| obj=inf completion=0.00% finite_obj=0.0% no_solution=100.0% collision=0.0% spectrum=40.0% action_range=[0.000,0.998] solver_status=optimal:0.0%,infeasible:90.0%,unknown:10.0%,error:0.0%,other:0.0% norm_count=55920
2026-09-29 13:14:21 | [QUEUE] | iter=699 | 队列 | sample_queue=1/4 | weight_queues_pending=4/4
2026-09-29 13:14:24 | [UPDATE] | [learner] iter=700 transitions=40 completion=0.00% reward=-1.675 | cost=2.524s | lr_actor=2.790e-04 lr_critic=2.790e-04 | wv=694 stale=6 ck=ok| obj=inf completion=0.00% finite_obj=0.0% no_solution=100.0% collision=0.0% spectrum=60.0% action_range=[0.001,0.999] solver_status=optimal:0.0%,infeasible:95.0%,unknown:5.0%,error:0.0%,other:0.0% norm_count=56000
2026-09-29 13:14:24 | [QUEUE] | iter=700 | 队列 | sample_queue=0/4 | weight_queues_pending=4/4
2026-09-29 13:14:29 | [UPDATE] | [learner] iter=701 transitions=40 completion=0.00% reward=-1.427 | cost=2.186s | lr_actor=2.790e-04 lr_critic=2.790e-04 | wv=696 stale=5 ck=ok| obj=inf completion=0.00% finite_obj=2.5% no_solution=97.5% collision=0.0% spectrum=45.0% action_range=[0.000,1.000] solver_status=optimal:2.5%,infeasible:95.0%,unknown:2.5%,error:0.0%,other:0.0% norm_count=56080
2026-09-29 13:14:29 | [QUEUE] | iter=701 | 队列 | sample_queue=1/4 | weight_queues_pending=4/4
2026-09-29 13:14:31 | [UPDATE] | [learner] iter=702 transitions=40 completion=0.00% reward=-1.525 | cost=2.010s | lr_actor=2.790e-04 lr_critic=2.790e-04 | wv=696 stale=6 ck=ok| obj=inf completion=0.00% finite_obj=0.0% no_solution=100.0% collision=0.0% spectrum=47.5% action_range=[0.001,0.999] solver_status=optimal:0.0%,infeasible:92.5%,unknown:7.5%,error:0.0%,other:0.0% norm_count=56160
2026-09-29 13:14:31 | [QUEUE] | iter=702 | 队列 | sample_queue=0/4 | weight_queues_pending=4/4
2026-09-29 13:14:44 | [UPDATE] | [learner] iter=703 transitions=40 completion=0.00% reward=-1.351 | cost=2.192s | lr_actor=2.789e-04 lr_critic=2.789e-04 | wv=698 stale=5 ck=ok| obj=inf completion=0.00% finite_obj=2.5% no_solution=97.5% collision=0.0% spectrum=40.0% action_range=[0.004,1.000] solver_status=optimal:2.5%,infeasible:90.0%,unknown:7.5%,error:0.0%,other:0.0% norm_count=56240
2026-09-29 13:14:44 | [QUEUE] | iter=703 | 队列 | sample_queue=0/4 | weight_queues_pending=4/4
2026-09-29 13:14:50 | [UPDATE] | [learner] iter=704 transitions=40 completion=0.00% reward=-1.476 | cost=2.343s | lr_actor=2.789e-04 lr_critic=2.789e-04 | wv=698 stale=6 ck=ok| obj=inf completion=0.00% finite_obj=2.5% no_solution=97.5% collision=0.0% spectrum=50.0% action_range=[0.001,1.000] solver_status=optimal:2.5%,infeasible:87.5%,unknown:10.0%,error:0.0%,other:0.0% norm_count=56320
2026-09-29 13:14:50 | [QUEUE] | iter=704 | 队列 | sample_queue=1/4 | weight_queues_pending=4/4
2026-09-29 13:14:52 | [UPDATE] | [learner] iter=705 transitions=40 completion=0.00% reward=-1.377 | cost=2.082s | lr_actor=2.789e-04 lr_critic=2.789e-04 | wv=700 stale=5 ck=ok| obj=inf completion=0.00% finite_obj=2.5% no_solution=97.5% collision=0.0% spectrum=37.5% action_range=[0.001,0.997] solver_status=optimal:2.5%,infeasible:82.5%,unknown:15.0%,error:0.0%,other:0.0% norm_count=56400
2026-09-29 13:14:52 | [QUEUE] | iter=705 | 队列 | sample_queue=1/4 | weight_queues_pending=4/4
2026-09-29 13:14:55 | [UPDATE] | [learner] iter=706 transitions=40 completion=0.00% reward=-1.403 | cost=2.127s | lr_actor=2.788e-04 lr_critic=2.788e-04 | wv=700 stale=6 ck=ok| obj=inf completion=0.00% finite_obj=2.5% no_solution=97.5% collision=0.0% spectrum=42.5% action_range=[0.001,0.998] solver_status=optimal:2.5%,infeasible:92.5%,unknown:5.0%,error:0.0%,other:0.0% norm_count=56480
2026-09-29 13:14:55 | [QUEUE] | iter=706 | 队列 | sample_queue=0/4 | weight_queues_pending=4/4
2026-09-29 13:15:09 | [UPDATE] | [learner] iter=707 transitions=40 completion=0.00% reward=-1.475 | cost=2.296s | lr_actor=2.788e-04 lr_critic=2.788e-04 | wv=702 stale=5 ck=ok| obj=inf completion=0.00% finite_obj=0.0% no_solution=100.0% collision=0.0% spectrum=47.5% action_range=[0.001,1.000] solver_status=optimal:0.0%,infeasible:97.5%,unknown:2.5%,error:0.0%,other:0.0% norm_count=56560
2026-09-29 13:15:09 | [QUEUE] | iter=707 | 队列 | sample_queue=0/4 | weight_queues_pending=4/4
2026-09-29 13:15:12 | [UPDATE] | [learner] iter=708 transitions=40 completion=0.00% reward=-1.375 | cost=2.148s | lr_actor=2.788e-04 lr_critic=2.788e-04 | wv=703 stale=5 ck=ok| obj=inf completion=0.00% finite_obj=0.0% no_solution=100.0% collision=0.0% spectrum=32.5% action_range=[0.000,1.000] solver_status=optimal:0.0%,infeasible:90.0%,unknown:10.0%,error:0.0%,other:0.0% norm_count=56640
2026-09-29 13:15:12 | [QUEUE] | iter=708 | 队列 | sample_queue=0/4 | weight_queues_pending=4/4
2026-09-29 13:15:15 | [UPDATE] | [learner] iter=709 transitions=40 completion=0.00% reward=-1.375 | cost=2.331s | lr_actor=2.788e-04 lr_critic=2.788e-04 | wv=704 stale=5 ck=ok| obj=inf completion=0.00% finite_obj=0.0% no_solution=100.0% collision=0.0% spectrum=35.0% action_range=[0.001,1.000] solver_status=optimal:0.0%,infeasible:95.0%,unknown:5.0%,error:0.0%,other:0.0% norm_count=56720
2026-09-29 13:15:15 | [QUEUE] | iter=709 | 队列 | sample_queue=0/4 | weight_queues_pending=4/4
2026-09-29 13:15:18 | [UPDATE] | [learner] iter=710 transitions=40 completion=0.00% reward=-1.600 | cost=1.980s | lr_actor=2.787e-04 lr_critic=2.787e-04 | wv=703 stale=7 ck=ok| obj=inf completion=0.00% finite_obj=0.0% no_solution=100.0% collision=0.0% spectrum=52.5% action_range=[0.000,1.000] solver_status=optimal:0.0%,infeasible:90.0%,unknown:10.0%,error:0.0%,other:0.0% norm_count=56800
2026-09-29 13:15:18 | [QUEUE] | iter=710 | 队列 | sample_queue=0/4 | weight_queues_pending=4/4
2026-09-29 13:15:32 | [UPDATE] | [learner] iter=711 transitions=40 completion=0.00% reward=-1.428 | cost=1.956s | lr_actor=2.787e-04 lr_critic=2.787e-04 | wv=706 stale=5 ck=ok| obj=inf completion=0.00% finite_obj=2.5% no_solution=97.5% collision=0.0% spectrum=42.5% action_range=[0.000,0.999] solver_status=optimal:2.5%,infeasible:87.5%,unknown:10.0%,error:0.0%,other:0.0% norm_count=56880
2026-09-29 13:15:32 | [QUEUE] | iter=711 | 队列 | sample_queue=0/4 | weight_queues_pending=4/4
2026-09-29 13:15:37 | [UPDATE] | [learner] iter=712 transitions=40 completion=0.00% reward=-1.375 | cost=2.287s | lr_actor=2.787e-04 lr_critic=2.787e-04 | wv=708 stale=4 ck=ok| obj=inf completion=0.00% finite_obj=0.0% no_solution=100.0% collision=0.0% spectrum=30.0% action_range=[0.000,0.999] solver_status=optimal:0.0%,infeasible:90.0%,unknown:10.0%,error:0.0%,other:0.0% norm_count=56960
2026-09-29 13:15:37 | [QUEUE] | iter=712 | 队列 | sample_queue=1/4 | weight_queues_pending=4/4
2026-09-29 13:15:39 | [UPDATE] | [learner] iter=713 transitions=40 completion=0.00% reward=-1.408 | cost=2.220s | lr_actor=2.786e-04 lr_critic=2.786e-04 | wv=707 stale=6 ck=ok| obj=inf completion=0.00% finite_obj=5.0% no_solution=95.0% collision=0.0% spectrum=42.5% action_range=[0.001,0.999] solver_status=optimal:5.0%,infeasible:90.0%,unknown:5.0%,error:0.0%,other:0.0% norm_count=57040
2026-09-29 13:15:39 | [QUEUE] | iter=713 | 队列 | sample_queue=0/4 | weight_queues_pending=4/4
2026-09-29 13:15:47 | [UPDATE] | [learner] iter=714 transitions=40 completion=0.00% reward=-1.400 | cost=2.078s | lr_actor=2.786e-04 lr_critic=2.786e-04 | wv=709 stale=5 ck=ok| obj=inf completion=0.00% finite_obj=0.0% no_solution=100.0% collision=0.0% spectrum=37.5% action_range=[0.001,0.999] solver_status=optimal:0.0%,infeasible:90.0%,unknown:10.0%,error:0.0%,other:0.0% norm_count=57120
2026-09-29 13:15:47 | [QUEUE] | iter=714 | 队列 | sample_queue=0/4 | weight_queues_pending=4/4
2026-09-29 13:15:54 | [UPDATE] | [learner] iter=715 transitions=40 completion=2.50% reward=-1.376 | cost=2.225s | lr_actor=2.786e-04 lr_critic=2.786e-04 | wv=710 stale=5 ck=ok| obj=inf completion=2.50% finite_obj=2.5% no_solution=97.5% collision=0.0% spectrum=42.5% action_range=[0.000,1.000] solver_status=optimal:2.5%,infeasible:92.5%,unknown:5.0%,error:0.0%,other:0.0% norm_count=57200
2026-09-29 13:15:54 | [QUEUE] | iter=715 | 队列 | sample_queue=0/4 | weight_queues_pending=4/4
2026-09-29 13:16:02 | [UPDATE] | [learner] iter=716 transitions=40 completion=0.00% reward=-1.650 | cost=2.369s | lr_actor=2.785e-04 lr_critic=2.785e-04 | wv=711 stale=5 ck=ok| obj=inf completion=0.00% finite_obj=0.0% no_solution=100.0% collision=0.0% spectrum=55.0% action_range=[0.000,0.999] solver_status=optimal:0.0%,infeasible:85.0%,unknown:15.0%,error:0.0%,other:0.0% norm_count=57280
2026-09-29 13:16:02 | [QUEUE] | iter=716 | 队列 | sample_queue=0/4 | weight_queues_pending=4/4
2026-09-29 13:16:05 | [UPDATE] | [learner] iter=717 transitions=40 completion=2.50% reward=-1.427 | cost=2.171s | lr_actor=2.785e-04 lr_critic=2.785e-04 | wv=711 stale=6 ck=ok| obj=inf completion=2.50% finite_obj=2.5% no_solution=97.5% collision=0.0% spectrum=42.5% action_range=[0.002,0.999] solver_status=optimal:2.5%,infeasible:95.0%,unknown:2.5%,error:0.0%,other:0.0% norm_count=57360
2026-09-29 13:16:05 | [QUEUE] | iter=717 | 队列 | sample_queue=0/4 | weight_queues_pending=4/4
2026-09-29 13:16:15 | [UPDATE] | [learner] iter=718 transitions=40 completion=0.00% reward=-1.525 | cost=2.111s | lr_actor=2.785e-04 lr_critic=2.785e-04 | wv=713 stale=5 ck=ok| obj=inf completion=0.00% finite_obj=0.0% no_solution=100.0% collision=0.0% spectrum=40.0% action_range=[0.000,1.000] solver_status=optimal:0.0%,infeasible:95.0%,unknown:5.0%,error:0.0%,other:0.0% norm_count=57440
2026-09-29 13:16:15 | [QUEUE] | iter=718 | 队列 | sample_queue=1/4 | weight_queues_pending=4/4
2026-09-29 13:16:17 | [UPDATE] | [learner] iter=719 transitions=40 completion=2.50% reward=-1.403 | cost=2.544s | lr_actor=2.785e-04 lr_critic=2.785e-04 | wv=714 stale=5 ck=ok| obj=inf completion=2.50% finite_obj=2.5% no_solution=97.5% collision=0.0% spectrum=42.5% action_range=[0.000,0.999] solver_status=optimal:2.5%,infeasible:87.5%,unknown:10.0%,error:0.0%,other:0.0% norm_count=57520
2026-09-29 13:16:17 | [QUEUE] | iter=719 | 队列 | sample_queue=0/4 | weight_queues_pending=4/4
2026-09-29 13:16:28 | [UPDATE] | [learner] iter=720 transitions=40 completion=0.00% reward=-1.475 | cost=2.156s | lr_actor=2.784e-04 lr_critic=2.784e-04 | wv=715 stale=5 ck=ok| obj=inf completion=0.00% finite_obj=0.0% no_solution=100.0% collision=0.0% spectrum=40.0% action_range=[0.001,1.000] solver_status=optimal:0.0%,infeasible:87.5%,unknown:12.5%,error:0.0%,other:0.0% norm_count=57600
2026-09-29 13:16:28 | [QUEUE] | iter=720 | 队列 | sample_queue=1/4 | weight_queues_pending=4/4
2026-09-29 13:16:30 | [UPDATE] | [learner] iter=721 transitions=40 completion=0.00% reward=-1.701 | cost=2.195s | lr_actor=2.784e-04 lr_critic=2.784e-04 | wv=716 stale=5 ck=ok| obj=inf completion=0.00% finite_obj=2.5% no_solution=97.5% collision=0.0% spectrum=62.5% action_range=[0.000,0.999] solver_status=optimal:2.5%,infeasible:87.5%,unknown:10.0%,error:0.0%,other:0.0% norm_count=57680
2026-09-29 13:16:30 | [QUEUE] | iter=721 | 队列 | sample_queue=0/4 | weight_queues_pending=4/4
2026-09-29 13:16:39 | [UPDATE] | [learner] iter=722 transitions=40 completion=2.50% reward=-1.530 | cost=2.097s | lr_actor=2.784e-04 lr_critic=2.784e-04 | wv=717 stale=5 ck=ok| obj=inf completion=2.50% finite_obj=2.5% no_solution=97.5% collision=0.0% spectrum=55.0% action_range=[0.000,1.000] solver_status=optimal:2.5%,infeasible:87.5%,unknown:10.0%,error:0.0%,other:0.0% norm_count=57760
2026-09-29 13:16:39 | [QUEUE] | iter=722 | 队列 | sample_queue=0/4 | weight_queues_pending=4/4
2026-09-29 13:16:46 | [UPDATE] | [learner] iter=723 transitions=40 completion=0.00% reward=-1.625 | cost=2.107s | lr_actor=2.783e-04 lr_critic=2.783e-04 | wv=717 stale=6 ck=ok| obj=inf completion=0.00% finite_obj=0.0% no_solution=100.0% collision=0.0% spectrum=55.0% action_range=[0.001,1.000] solver_status=optimal:0.0%,infeasible:97.5%,unknown:2.5%,error:0.0%,other:0.0% norm_count=57840
2026-09-29 13:16:46 | [QUEUE] | iter=723 | 队列 | sample_queue=0/4 | weight_queues_pending=4/4
2026-09-29 13:16:50 | [UPDATE] | [learner] iter=724 transitions=40 completion=2.50% reward=-1.301 | cost=2.230s | lr_actor=2.783e-04 lr_critic=2.783e-04 | wv=719 stale=5 ck=ok| obj=inf completion=2.50% finite_obj=2.5% no_solution=97.5% collision=0.0% spectrum=35.0% action_range=[0.001,1.000] solver_status=optimal:2.5%,infeasible:90.0%,unknown:7.5%,error:0.0%,other:0.0% norm_count=57920
2026-09-29 13:16:50 | [QUEUE] | iter=724 | 队列 | sample_queue=1/4 | weight_queues_pending=4/4
2026-09-29 13:16:52 | [UPDATE] | [learner] iter=725 transitions=40 completion=0.00% reward=-1.525 | cost=2.210s | lr_actor=2.783e-04 lr_critic=2.783e-04 | wv=719 stale=6 ck=ok| obj=inf completion=0.00% finite_obj=0.0% no_solution=100.0% collision=0.0% spectrum=47.5% action_range=[0.003,0.999] solver_status=optimal:0.0%,infeasible:90.0%,unknown:10.0%,error:0.0%,other:0.0% norm_count=58000
2026-09-29 13:16:52 | [QUEUE] | iter=725 | 队列 | sample_queue=0/4 | weight_queues_pending=4/4
2026-09-29 13:17:05 | [UPDATE] | [learner] iter=726 transitions=40 completion=0.00% reward=-1.350 | cost=1.942s | lr_actor=2.782e-04 lr_critic=2.782e-04 | wv=721 stale=5 ck=ok| obj=inf completion=0.00% finite_obj=0.0% no_solution=100.0% collision=0.0% spectrum=32.5% action_range=[0.001,0.998] solver_status=optimal:0.0%,infeasible:85.0%,unknown:15.0%,error:0.0%,other:0.0% norm_count=58080
2026-09-29 13:17:05 | [QUEUE] | iter=726 | 队列 | sample_queue=0/4 | weight_queues_pending=4/4
2026-09-29 13:17:11 | [UPDATE] | [learner] iter=727 transitions=40 completion=0.00% reward=-1.500 | cost=2.077s | lr_actor=2.782e-04 lr_critic=2.782e-04 | wv=722 stale=5 ck=ok| obj=inf completion=0.00% finite_obj=0.0% no_solution=100.0% collision=0.0% spectrum=50.0% action_range=[0.002,0.999] solver_status=optimal:0.0%,infeasible:90.0%,unknown:10.0%,error:0.0%,other:0.0% norm_count=58160
2026-09-29 13:17:11 | [QUEUE] | iter=727 | 队列 | sample_queue=1/4 | weight_queues_pending=4/4
2026-09-29 13:17:13 | [UPDATE] | [learner] iter=728 transitions=40 completion=0.00% reward=-1.500 | cost=2.379s | lr_actor=2.782e-04 lr_critic=2.782e-04 | wv=723 stale=5 ck=ok| obj=inf completion=0.00% finite_obj=0.0% no_solution=100.0% collision=0.0% spectrum=47.5% action_range=[0.000,1.000] solver_status=optimal:0.0%,infeasible:95.0%,unknown:5.0%,error:0.0%,other:0.0% norm_count=58240
2026-09-29 13:17:13 | [QUEUE] | iter=728 | 队列 | sample_queue=0/4 | weight_queues_pending=4/4
2026-09-29 13:17:17 | [UPDATE] | [learner] iter=729 transitions=40 completion=2.50% reward=-1.406 | cost=2.421s | lr_actor=2.782e-04 lr_critic=2.782e-04 | wv=723 stale=6 ck=ok| obj=inf completion=2.50% finite_obj=5.0% no_solution=95.0% collision=0.0% spectrum=45.0% action_range=[0.000,0.999] solver_status=optimal:5.0%,infeasible:95.0%,unknown:0.0%,error:0.0%,other:0.0% norm_count=58320
2026-09-29 13:17:17 | [QUEUE] | iter=729 | 队列 | sample_queue=0/4 | weight_queues_pending=4/4
2026-09-29 13:17:30 | [UPDATE] | [learner] iter=730 transitions=40 completion=0.00% reward=-1.625 | cost=2.038s | lr_actor=2.781e-04 lr_critic=2.781e-04 | wv=725 stale=5 ck=ok| obj=inf completion=0.00% finite_obj=0.0% no_solution=100.0% collision=0.0% spectrum=57.5% action_range=[0.001,0.998] solver_status=optimal:0.0%,infeasible:95.0%,unknown:5.0%,error:0.0%,other:0.0% norm_count=58400
2026-09-29 13:17:30 | [QUEUE] | iter=730 | 队列 | sample_queue=0/4 | weight_queues_pending=4/4
2026-09-29 13:17:34 | [UPDATE] | [learner] iter=731 transitions=40 completion=0.00% reward=-1.525 | cost=2.049s | lr_actor=2.781e-04 lr_critic=2.781e-04 | wv=726 stale=5 ck=ok| obj=inf completion=0.00% finite_obj=0.0% no_solution=100.0% collision=0.0% spectrum=50.0% action_range=[0.001,1.000] solver_status=optimal:0.0%,infeasible:90.0%,unknown:10.0%,error:0.0%,other:0.0% norm_count=58480
2026-09-29 13:17:34 | [QUEUE] | iter=731 | 队列 | sample_queue=0/4 | weight_queues_pending=4/4
2026-09-29 13:17:41 | [UPDATE] | [learner] iter=732 transitions=40 completion=0.00% reward=-1.500 | cost=2.177s | lr_actor=2.781e-04 lr_critic=2.781e-04 | wv=726 stale=6 ck=ok| obj=inf completion=0.00% finite_obj=0.0% no_solution=100.0% collision=0.0% spectrum=45.0% action_range=[0.002,1.000] solver_status=optimal:0.0%,infeasible:90.0%,unknown:10.0%,error:0.0%,other:0.0% norm_count=58560
2026-09-29 13:17:41 | [QUEUE] | iter=732 | 队列 | sample_queue=1/4 | weight_queues_pending=4/4
2026-09-29 13:17:43 | [UPDATE] | [learner] iter=733 transitions=40 completion=0.00% reward=-1.500 | cost=2.314s | lr_actor=2.780e-04 lr_critic=2.780e-04 | wv=728 stale=5 ck=ok| obj=inf completion=0.00% finite_obj=0.0% no_solution=100.0% collision=0.0% spectrum=47.5% action_range=[0.001,1.000] solver_status=optimal:0.0%,infeasible:92.5%,unknown:7.5%,error:0.0%,other:0.0% norm_count=58640
2026-09-29 13:17:43 | [QUEUE] | iter=733 | 队列 | sample_queue=0/4 | weight_queues_pending=4/4
2026-09-29 13:17:53 | [UPDATE] | [learner] iter=734 transitions=40 completion=0.00% reward=-1.275 | cost=2.291s | lr_actor=2.780e-04 lr_critic=2.780e-04 | wv=729 stale=5 ck=ok| obj=inf completion=0.00% finite_obj=0.0% no_solution=100.0% collision=0.0% spectrum=27.5% action_range=[0.000,1.000] solver_status=optimal:0.0%,infeasible:90.0%,unknown:10.0%,error:0.0%,other:0.0% norm_count=58720
2026-09-29 13:17:53 | [QUEUE] | iter=734 | 队列 | sample_queue=0/4 | weight_queues_pending=4/4
2026-09-29 13:17:56 | [UPDATE] | [learner] iter=735 transitions=40 completion=0.00% reward=-1.500 | cost=2.409s | lr_actor=2.780e-04 lr_critic=2.780e-04 | wv=730 stale=5 ck=ok| obj=inf completion=0.00% finite_obj=0.0% no_solution=100.0% collision=0.0% spectrum=45.0% action_range=[0.000,0.999] solver_status=optimal:0.0%,infeasible:92.5%,unknown:7.5%,error:0.0%,other:0.0% norm_count=58800
2026-09-29 13:17:56 | [QUEUE] | iter=735 | 队列 | sample_queue=0/4 | weight_queues_pending=4/4
2026-09-29 13:18:08 | [UPDATE] | [learner] iter=736 transitions=40 completion=2.50% reward=-1.304 | cost=2.411s | lr_actor=2.779e-04 lr_critic=2.779e-04 | wv=731 stale=5 ck=ok| obj=inf completion=2.50% finite_obj=2.5% no_solution=97.5% collision=0.0% spectrum=30.0% action_range=[0.000,0.999] solver_status=optimal:2.5%,infeasible:87.5%,unknown:10.0%,error:0.0%,other:0.0% norm_count=58880
2026-09-29 13:18:08 | [QUEUE] | iter=736 | 队列 | sample_queue=1/4 | weight_queues_pending=4/4
2026-09-29 13:18:11 | [UPDATE] | [learner] iter=737 transitions=40 completion=0.00% reward=-1.425 | cost=2.051s | lr_actor=2.779e-04 lr_critic=2.779e-04 | wv=731 stale=6 ck=ok| obj=inf completion=0.00% finite_obj=0.0% no_solution=100.0% collision=0.0% spectrum=42.5% action_range=[0.001,0.999] solver_status=optimal:0.0%,infeasible:92.5%,unknown:7.5%,error:0.0%,other:0.0% norm_count=58960
2026-09-29 13:18:11 | [QUEUE] | iter=737 | 队列 | sample_queue=0/4 | weight_queues_pending=4/4
2026-09-29 13:18:16 | [UPDATE] | [learner] iter=738 transitions=40 completion=0.00% reward=-1.525 | cost=2.473s | lr_actor=2.779e-04 lr_critic=2.779e-04 | wv=733 stale=5 ck=ok| obj=inf completion=0.00% finite_obj=0.0% no_solution=100.0% collision=0.0% spectrum=50.0% action_range=[0.006,0.996] solver_status=optimal:0.0%,infeasible:90.0%,unknown:10.0%,error:0.0%,other:0.0% norm_count=59040
2026-09-29 13:18:16 | [QUEUE] | iter=738 | 队列 | sample_queue=0/4 | weight_queues_pending=4/4
2026-09-29 13:18:20 | [UPDATE] | [learner] iter=739 transitions=40 completion=2.50% reward=-1.427 | cost=2.170s | lr_actor=2.779e-04 lr_critic=2.779e-04 | wv=734 stale=5 ck=ok| obj=inf completion=2.50% finite_obj=2.5% no_solution=97.5% collision=0.0% spectrum=42.5% action_range=[0.000,0.999] solver_status=optimal:2.5%,infeasible:90.0%,unknown:7.5%,error:0.0%,other:0.0% norm_count=59120
2026-09-29 13:18:20 | [QUEUE] | iter=739 | 队列 | sample_queue=0/4 | weight_queues_pending=4/4
2026-09-29 13:18:34 | [UPDATE] | [learner] iter=740 transitions=40 completion=0.00% reward=-1.625 | cost=2.094s | lr_actor=2.778e-04 lr_critic=2.778e-04 | wv=735 stale=5 ck=ok| obj=inf completion=0.00% finite_obj=0.0% no_solution=100.0% collision=0.0% spectrum=52.5% action_range=[0.000,0.998] solver_status=optimal:0.0%,infeasible:87.5%,unknown:12.5%,error:0.0%,other:0.0% norm_count=59200
2026-09-29 13:18:34 | [QUEUE] | iter=740 | 队列 | sample_queue=1/4 | weight_queues_pending=4/4
2026-09-29 13:18:36 | [UPDATE] | [learner] iter=741 transitions=40 completion=0.00% reward=-1.500 | cost=2.173s | lr_actor=2.778e-04 lr_critic=2.778e-04 | wv=735 stale=6 ck=ok| obj=inf completion=0.00% finite_obj=0.0% no_solution=100.0% collision=0.0% spectrum=42.5% action_range=[0.000,1.000] solver_status=optimal:0.0%,infeasible:90.0%,unknown:10.0%,error:0.0%,other:0.0% norm_count=59280
2026-09-29 13:18:36 | [QUEUE] | iter=741 | 队列 | sample_queue=1/4 | weight_queues_pending=4/4
2026-09-29 13:18:39 | [UPDATE] | [learner] iter=742 transitions=40 completion=0.00% reward=-1.400 | cost=2.538s | lr_actor=2.778e-04 lr_critic=2.778e-04 | wv=737 stale=5 ck=ok| obj=inf completion=0.00% finite_obj=0.0% no_solution=100.0% collision=0.0% spectrum=37.5% action_range=[0.000,0.999] solver_status=optimal:0.0%,infeasible:87.5%,unknown:12.5%,error:0.0%,other:0.0% norm_count=59360
2026-09-29 13:18:39 | [QUEUE] | iter=742 | 队列 | sample_queue=0/4 | weight_queues_pending=4/4
2026-09-29 13:18:46 | [UPDATE] | [learner] iter=743 transitions=40 completion=0.00% reward=-1.525 | cost=2.148s | lr_actor=2.777e-04 lr_critic=2.777e-04 | wv=738 stale=5 ck=ok| obj=inf completion=0.00% finite_obj=0.0% no_solution=100.0% collision=0.0% spectrum=47.5% action_range=[0.000,0.999] solver_status=optimal:0.0%,infeasible:87.5%,unknown:12.5%,error:0.0%,other:0.0% norm_count=59440
2026-09-29 13:18:46 | [QUEUE] | iter=743 | 队列 | sample_queue=0/4 | weight_queues_pending=4/4
2026-09-29 13:18:57 | [UPDATE] | [learner] iter=744 transitions=40 completion=0.00% reward=-1.500 | cost=2.246s | lr_actor=2.777e-04 lr_critic=2.777e-04 | wv=739 stale=5 ck=ok| obj=inf completion=0.00% finite_obj=0.0% no_solution=100.0% collision=0.0% spectrum=47.5% action_range=[0.001,1.000] solver_status=optimal:0.0%,infeasible:100.0%,unknown:0.0%,error:0.0%,other:0.0% norm_count=59520
2026-09-29 13:18:57 | [QUEUE] | iter=744 | 队列 | sample_queue=0/4 | weight_queues_pending=4/4
2026-09-29 13:19:04 | [UPDATE] | [learner] iter=745 transitions=40 completion=0.00% reward=-1.525 | cost=2.204s | lr_actor=2.777e-04 lr_critic=2.777e-04 | wv=740 stale=5 ck=ok| obj=inf completion=0.00% finite_obj=0.0% no_solution=100.0% collision=0.0% spectrum=47.5% action_range=[0.000,1.000] solver_status=optimal:0.0%,infeasible:97.5%,unknown:2.5%,error:0.0%,other:0.0% norm_count=59600
2026-09-29 13:19:04 | [QUEUE] | iter=745 | 队列 | sample_queue=0/4 | weight_queues_pending=4/4
2026-09-29 13:19:06 | [UPDATE] | [learner] iter=746 transitions=40 completion=2.50% reward=-1.380 | cost=2.225s | lr_actor=2.776e-04 lr_critic=2.776e-04 | wv=739 stale=7 ck=ok| obj=inf completion=2.50% finite_obj=5.0% no_solution=95.0% collision=0.0% spectrum=45.0% action_range=[0.001,1.000] solver_status=optimal:5.0%,infeasible:92.5%,unknown:2.5%,error:0.0%,other:0.0% norm_count=59680
2026-09-29 13:19:06 | [QUEUE] | iter=746 | 队列 | sample_queue=0/4 | weight_queues_pending=4/4
2026-09-29 13:19:09 | [UPDATE] | [learner] iter=747 transitions=40 completion=0.00% reward=-1.375 | cost=2.213s | lr_actor=2.776e-04 lr_critic=2.776e-04 | wv=742 stale=5 ck=ok| obj=inf completion=0.00% finite_obj=0.0% no_solution=100.0% collision=0.0% spectrum=30.0% action_range=[0.001,1.000] solver_status=optimal:0.0%,infeasible:95.0%,unknown:5.0%,error:0.0%,other:0.0% norm_count=59760
2026-09-29 13:19:09 | [QUEUE] | iter=747 | 队列 | sample_queue=0/4 | weight_queues_pending=4/4
2026-09-29 13:19:20 | [UPDATE] | [learner] iter=748 transitions=40 completion=0.00% reward=-1.350 | cost=2.340s | lr_actor=2.776e-04 lr_critic=2.776e-04 | wv=743 stale=5 ck=ok| obj=inf completion=0.00% finite_obj=0.0% no_solution=100.0% collision=0.0% spectrum=32.5% action_range=[0.000,1.000] solver_status=optimal:0.0%,infeasible:92.5%,unknown:7.5%,error:0.0%,other:0.0% norm_count=59840
2026-09-29 13:19:20 | [QUEUE] | iter=748 | 队列 | sample_queue=0/4 | weight_queues_pending=4/4
2026-09-29 13:19:27 | [UPDATE] | [learner] iter=749 transitions=40 completion=0.00% reward=-1.350 | cost=2.420s | lr_actor=2.776e-04 lr_critic=2.776e-04 | wv=744 stale=5 ck=ok| obj=inf completion=0.00% finite_obj=0.0% no_solution=100.0% collision=0.0% spectrum=35.0% action_range=[0.001,1.000] solver_status=optimal:0.0%,infeasible:92.5%,unknown:7.5%,error:0.0%,other:0.0% norm_count=59920
2026-09-29 13:19:27 | [QUEUE] | iter=749 | 队列 | sample_queue=0/4 | weight_queues_pending=4/4
2026-09-29 13:19:31 | [UPDATE] | [learner] iter=750 transitions=40 completion=0.00% reward=-1.477 | cost=2.166s | lr_actor=2.775e-04 lr_critic=2.775e-04 | wv=746 stale=4 ck=ok| obj=inf completion=0.00% finite_obj=2.5% no_solution=97.5% collision=0.0% spectrum=50.0% action_range=[0.001,1.000] solver_status=optimal:2.5%,infeasible:95.0%,unknown:2.5%,error:0.0%,other:0.0% norm_count=60000
2026-09-29 13:19:31 | [QUEUE] | iter=750 | 队列 | sample_queue=1/4 | weight_queues_pending=4/4
2026-09-29 13:19:33 | [UPDATE] | [learner] iter=751 transitions=40 completion=0.00% reward=-1.500 | cost=2.152s | lr_actor=2.775e-04 lr_critic=2.775e-04 | wv=745 stale=6 ck=ok| obj=inf completion=0.00% finite_obj=0.0% no_solution=100.0% collision=0.0% spectrum=50.0% action_range=[0.000,0.999] solver_status=optimal:0.0%,infeasible:92.5%,unknown:7.5%,error:0.0%,other:0.0% norm_count=60080
2026-09-29 13:19:33 | [QUEUE] | iter=751 | 队列 | sample_queue=0/4 | weight_queues_pending=4/4
2026-09-29 13:19:45 | [UPDATE] | [learner] iter=752 transitions=40 completion=2.50% reward=-1.178 | cost=2.259s | lr_actor=2.775e-04 lr_critic=2.775e-04 | wv=747 stale=5 ck=ok| obj=inf completion=2.50% finite_obj=2.5% no_solution=97.5% collision=0.0% spectrum=22.5% action_range=[0.000,1.000] solver_status=optimal:2.5%,infeasible:95.0%,unknown:2.5%,error:0.0%,other:0.0% norm_count=60160
2026-09-29 13:19:45 | [QUEUE] | iter=752 | 队列 | sample_queue=0/4 | weight_queues_pending=4/4
2026-09-29 13:19:49 | [UPDATE] | [learner] iter=753 transitions=40 completion=0.00% reward=-1.575 | cost=2.275s | lr_actor=2.774e-04 lr_critic=2.774e-04 | wv=748 stale=5 ck=ok| obj=inf completion=0.00% finite_obj=0.0% no_solution=100.0% collision=0.0% spectrum=52.5% action_range=[0.001,0.999] solver_status=optimal:0.0%,infeasible:95.0%,unknown:5.0%,error:0.0%,other:0.0% norm_count=60240
2026-09-29 13:19:49 | [QUEUE] | iter=753 | 队列 | sample_queue=0/4 | weight_queues_pending=4/4
2026-09-29 13:19:53 | [UPDATE] | [learner] iter=754 transitions=40 completion=0.00% reward=-1.425 | cost=2.309s | lr_actor=2.774e-04 lr_critic=2.774e-04 | wv=749 stale=5 ck=ok| obj=inf completion=0.00% finite_obj=0.0% no_solution=100.0% collision=0.0% spectrum=37.5% action_range=[0.000,1.000] solver_status=optimal:0.0%,infeasible:85.0%,unknown:15.0%,error:0.0%,other:0.0% norm_count=60320
2026-09-29 13:19:53 | [QUEUE] | iter=754 | 队列 | sample_queue=0/4 | weight_queues_pending=4/4
2026-09-29 13:19:57 | [UPDATE] | [learner] iter=755 transitions=40 completion=0.00% reward=-1.500 | cost=2.366s | lr_actor=2.774e-04 lr_critic=2.774e-04 | wv=749 stale=6 ck=ok| obj=inf completion=0.00% finite_obj=0.0% no_solution=100.0% collision=0.0% spectrum=45.0% action_range=[0.000,1.000] solver_status=optimal:0.0%,infeasible:90.0%,unknown:10.0%,error:0.0%,other:0.0% norm_count=60400
2026-09-29 13:19:57 | [QUEUE] | iter=755 | 队列 | sample_queue=0/4 | weight_queues_pending=4/4
2026-09-29 13:20:10 | [UPDATE] | [learner] iter=756 transitions=40 completion=0.00% reward=-1.425 | cost=2.741s | lr_actor=2.773e-04 lr_critic=2.773e-04 | wv=751 stale=5 ck=ok| obj=inf completion=0.00% finite_obj=0.0% no_solution=100.0% collision=0.0% spectrum=37.5% action_range=[0.001,1.000] solver_status=optimal:0.0%,infeasible:95.0%,unknown:5.0%,error:0.0%,other:0.0% norm_count=60480
2026-09-29 13:20:10 | [QUEUE] | iter=756 | 队列 | sample_queue=1/4 | weight_queues_pending=4/4
2026-09-29 13:20:12 | [UPDATE] | [learner] iter=757 transitions=40 completion=0.00% reward=-1.525 | cost=2.537s | lr_actor=2.773e-04 lr_critic=2.773e-04 | wv=752 stale=5 ck=ok| obj=inf completion=0.00% finite_obj=0.0% no_solution=100.0% collision=0.0% spectrum=47.5% action_range=[0.000,1.000] solver_status=optimal:0.0%,infeasible:92.5%,unknown:7.5%,error:0.0%,other:0.0% norm_count=60560
2026-09-29 13:20:12 | [QUEUE] | iter=757 | 队列 | sample_queue=0/4 | weight_queues_pending=4/4
2026-09-29 13:20:16 | [UPDATE] | [learner] iter=758 transitions=40 completion=0.00% reward=-1.575 | cost=2.114s | lr_actor=2.773e-04 lr_critic=2.773e-04 | wv=753 stale=5 ck=ok| obj=inf completion=0.00% finite_obj=0.0% no_solution=100.0% collision=0.0% spectrum=47.5% action_range=[0.001,1.000] solver_status=optimal:0.0%,infeasible:95.0%,unknown:5.0%,error:0.0%,other:0.0% norm_count=60640
2026-09-29 13:20:16 | [QUEUE] | iter=758 | 队列 | sample_queue=0/4 | weight_queues_pending=4/4
2026-09-29 13:20:26 | [UPDATE] | [learner] iter=759 transitions=40 completion=2.50% reward=-1.551 | cost=2.419s | lr_actor=2.773e-04 lr_critic=2.773e-04 | wv=754 stale=5 ck=ok| obj=inf completion=2.50% finite_obj=2.5% no_solution=97.5% collision=0.0% spectrum=57.5% action_range=[0.001,1.000] solver_status=optimal:2.5%,infeasible:95.0%,unknown:2.5%,error:0.0%,other:0.0% norm_count=60720
2026-09-29 13:20:26 | [QUEUE] | iter=759 | 队列 | sample_queue=0/4 | weight_queues_pending=4/4
2026-09-29 13:20:33 | [UPDATE] | [learner] iter=760 transitions=40 completion=2.50% reward=-1.527 | cost=2.121s | lr_actor=2.772e-04 lr_critic=2.772e-04 | wv=755 stale=5 ck=ok| obj=inf completion=2.50% finite_obj=2.5% no_solution=97.5% collision=0.0% spectrum=45.0% action_range=[0.000,1.000] solver_status=optimal:2.5%,infeasible:85.0%,unknown:12.5%,error:0.0%,other:0.0% norm_count=60800
2026-09-29 13:20:33 | [QUEUE] | iter=760 | 队列 | sample_queue=0/4 | weight_queues_pending=4/4
2026-09-29 13:20:39 | [UPDATE] | [learner] iter=761 transitions=40 completion=0.00% reward=-1.400 | cost=2.156s | lr_actor=2.772e-04 lr_critic=2.772e-04 | wv=755 stale=6 ck=ok| obj=inf completion=0.00% finite_obj=0.0% no_solution=100.0% collision=0.0% spectrum=35.0% action_range=[0.000,1.000] solver_status=optimal:0.0%,infeasible:90.0%,unknown:10.0%,error:0.0%,other:0.0% norm_count=60880
2026-09-29 13:20:39 | [QUEUE] | iter=761 | 队列 | sample_queue=1/4 | weight_queues_pending=4/4
2026-09-29 13:20:41 | [UPDATE] | [learner] iter=762 transitions=40 completion=0.00% reward=-1.576 | cost=2.125s | lr_actor=2.772e-04 lr_critic=2.772e-04 | wv=757 stale=5 ck=ok| obj=inf completion=0.00% finite_obj=2.5% no_solution=97.5% collision=0.0% spectrum=57.5% action_range=[0.002,1.000] solver_status=optimal:2.5%,infeasible:92.5%,unknown:5.0%,error:0.0%,other:0.0% norm_count=60960
2026-09-29 13:20:41 | [QUEUE] | iter=762 | 队列 | sample_queue=0/4 | weight_queues_pending=4/4
2026-09-29 13:20:53 | [UPDATE] | [learner] iter=763 transitions=40 completion=7.50% reward=-1.231 | cost=2.110s | lr_actor=2.771e-04 lr_critic=2.771e-04 | wv=758 stale=5 ck=ok| obj=inf completion=7.50% finite_obj=7.5% no_solution=92.5% collision=0.0% spectrum=35.0% action_range=[0.000,0.999] solver_status=optimal:7.5%,infeasible:90.0%,unknown:2.5%,error:0.0%,other:0.0% norm_count=61040
2026-09-29 13:20:53 | [QUEUE] | iter=763 | 队列 | sample_queue=0/4 | weight_queues_pending=4/4
2026-09-29 13:20:56 | [UPDATE] | [learner] iter=764 transitions=40 completion=0.00% reward=-1.375 | cost=2.403s | lr_actor=2.771e-04 lr_critic=2.771e-04 | wv=759 stale=5 ck=ok| obj=inf completion=0.00% finite_obj=0.0% no_solution=100.0% collision=0.0% spectrum=32.5% action_range=[0.000,0.998] solver_status=optimal:0.0%,infeasible:95.0%,unknown:5.0%,error:0.0%,other:0.0% norm_count=61120
2026-09-29 13:20:56 | [QUEUE] | iter=764 | 队列 | sample_queue=0/4 | weight_queues_pending=4/4
2026-09-29 13:21:04 | [UPDATE] | [learner] iter=765 transitions=40 completion=0.00% reward=-1.575 | cost=2.270s | lr_actor=2.771e-04 lr_critic=2.771e-04 | wv=760 stale=5 ck=ok| obj=inf completion=0.00% finite_obj=0.0% no_solution=100.0% collision=0.0% spectrum=52.5% action_range=[0.003,1.000] solver_status=optimal:0.0%,infeasible:92.5%,unknown:7.5%,error:0.0%,other:0.0% norm_count=61200
2026-09-29 13:21:04 | [QUEUE] | iter=765 | 队列 | sample_queue=0/4 | weight_queues_pending=4/4
2026-09-29 13:21:06 | [UPDATE] | [learner] iter=766 transitions=40 completion=0.00% reward=-1.575 | cost=2.174s | lr_actor=2.770e-04 lr_critic=2.770e-04 | wv=760 stale=6 ck=ok| obj=inf completion=0.00% finite_obj=0.0% no_solution=100.0% collision=0.0% spectrum=55.0% action_range=[0.000,0.999] solver_status=optimal:0.0%,infeasible:90.0%,unknown:10.0%,error:0.0%,other:0.0% norm_count=61280
2026-09-29 13:21:06 | [QUEUE] | iter=766 | 队列 | sample_queue=0/4 | weight_queues_pending=4/4
2026-09-29 13:21:19 | [UPDATE] | [learner] iter=767 transitions=40 completion=0.00% reward=-1.500 | cost=2.131s | lr_actor=2.770e-04 lr_critic=2.770e-04 | wv=763 stale=4 ck=ok| obj=inf completion=0.00% finite_obj=0.0% no_solution=100.0% collision=0.0% spectrum=37.5% action_range=[0.000,1.000] solver_status=optimal:0.0%,infeasible:92.5%,unknown:7.5%,error:0.0%,other:0.0% norm_count=61360
2026-09-29 13:21:19 | [QUEUE] | iter=767 | 队列 | sample_queue=1/4 | weight_queues_pending=4/4
2026-09-29 13:21:21 | [UPDATE] | [learner] iter=768 transitions=40 completion=0.00% reward=-1.450 | cost=2.100s | lr_actor=2.770e-04 lr_critic=2.770e-04 | wv=762 stale=6 ck=ok| obj=inf completion=0.00% finite_obj=0.0% no_solution=100.0% collision=0.0% spectrum=42.5% action_range=[0.000,1.000] solver_status=optimal:0.0%,infeasible:92.5%,unknown:7.5%,error:0.0%,other:0.0% norm_count=61440
2026-09-29 13:21:21 | [QUEUE] | iter=768 | 队列 | sample_queue=0/4 | weight_queues_pending=4/4
2026-09-29 13:21:28 | [UPDATE] | [learner] iter=769 transitions=40 completion=0.00% reward=-1.600 | cost=2.427s | lr_actor=2.770e-04 lr_critic=2.770e-04 | wv=764 stale=5 ck=ok| obj=inf completion=0.00% finite_obj=0.0% no_solution=100.0% collision=0.0% spectrum=50.0% action_range=[0.001,1.000] solver_status=optimal:0.0%,infeasible:87.5%,unknown:12.5%,error:0.0%,other:0.0% norm_count=61520
2026-09-29 13:21:28 | [QUEUE] | iter=769 | 队列 | sample_queue=0/4 | weight_queues_pending=4/4
2026-09-29 13:21:31 | [UPDATE] | [learner] iter=770 transitions=40 completion=0.00% reward=-1.450 | cost=2.202s | lr_actor=2.769e-04 lr_critic=2.769e-04 | wv=765 stale=5 ck=ok| obj=inf completion=0.00% finite_obj=0.0% no_solution=100.0% collision=0.0% spectrum=42.5% action_range=[0.000,0.999] solver_status=optimal:0.0%,infeasible:90.0%,unknown:10.0%,error:0.0%,other:0.0% norm_count=61600
2026-09-29 13:21:31 | [QUEUE] | iter=770 | 队列 | sample_queue=0/4 | weight_queues_pending=4/4
2026-09-29 13:21:40 | [UPDATE] | [learner] iter=771 transitions=40 completion=0.00% reward=-1.475 | cost=2.129s | lr_actor=2.769e-04 lr_critic=2.769e-04 | wv=766 stale=5 ck=ok| obj=inf completion=0.00% finite_obj=0.0% no_solution=100.0% collision=0.0% spectrum=45.0% action_range=[0.000,0.999] solver_status=optimal:0.0%,infeasible:97.5%,unknown:2.5%,error:0.0%,other:0.0% norm_count=61680
2026-09-29 13:21:40 | [QUEUE] | iter=771 | 队列 | sample_queue=0/4 | weight_queues_pending=4/4
2026-09-29 13:21:46 | [UPDATE] | [learner] iter=772 transitions=40 completion=0.00% reward=-1.475 | cost=1.983s | lr_actor=2.769e-04 lr_critic=2.769e-04 | wv=766 stale=6 ck=ok| obj=inf completion=0.00% finite_obj=0.0% no_solution=100.0% collision=0.0% spectrum=45.0% action_range=[0.001,0.999] solver_status=optimal:0.0%,infeasible:90.0%,unknown:10.0%,error:0.0%,other:0.0% norm_count=61760
2026-09-29 13:21:46 | [QUEUE] | iter=772 | 队列 | sample_queue=0/4 | weight_queues_pending=4/4
2026-09-29 13:21:53 | [UPDATE] | [learner] iter=773 transitions=40 completion=0.00% reward=-1.401 | cost=2.377s | lr_actor=2.768e-04 lr_critic=2.768e-04 | wv=768 stale=5 ck=ok| obj=inf completion=0.00% finite_obj=2.5% no_solution=97.5% collision=0.0% spectrum=40.0% action_range=[0.001,0.999] solver_status=optimal:2.5%,infeasible:87.5%,unknown:10.0%,error:0.0%,other:0.0% norm_count=61840
2026-09-29 13:21:53 | [QUEUE] | iter=773 | 队列 | sample_queue=1/4 | weight_queues_pending=4/4
2026-09-29 13:21:55 | [UPDATE] | [learner] iter=774 transitions=40 completion=0.00% reward=-1.500 | cost=2.131s | lr_actor=2.768e-04 lr_critic=2.768e-04 | wv=769 stale=5 ck=ok| obj=inf completion=0.00% finite_obj=0.0% no_solution=100.0% collision=0.0% spectrum=42.5% action_range=[0.000,1.000] solver_status=optimal:0.0%,infeasible:95.0%,unknown:5.0%,error:0.0%,other:0.0% norm_count=61920
2026-09-29 13:21:55 | [QUEUE] | iter=774 | 队列 | sample_queue=0/4 | weight_queues_pending=4/4
2026-09-29 13:22:03 | [UPDATE] | [learner] iter=775 transitions=40 completion=0.00% reward=-1.479 | cost=2.094s | lr_actor=2.768e-04 lr_critic=2.768e-04 | wv=770 stale=5 ck=ok| obj=inf completion=0.00% finite_obj=2.5% no_solution=97.5% collision=0.0% spectrum=47.5% action_range=[0.000,0.999] solver_status=optimal:2.5%,infeasible:87.5%,unknown:10.0%,error:0.0%,other:0.0% norm_count=62000
2026-09-29 13:22:03 | [QUEUE] | iter=775 | 队列 | sample_queue=0/4 | weight_queues_pending=4/4
2026-09-29 13:22:14 | [UPDATE] | [learner] iter=776 transitions=40 completion=0.00% reward=-1.525 | cost=2.599s | lr_actor=2.767e-04 lr_critic=2.767e-04 | wv=771 stale=5 ck=ok| obj=inf completion=0.00% finite_obj=0.0% no_solution=100.0% collision=0.0% spectrum=50.0% action_range=[0.002,1.000] solver_status=optimal:0.0%,infeasible:95.0%,unknown:5.0%,error:0.0%,other:0.0% norm_count=62080
2026-09-29 13:22:14 | [QUEUE] | iter=776 | 队列 | sample_queue=0/4 | weight_queues_pending=4/4
2026-09-29 13:22:18 | [UPDATE] | [learner] iter=777 transitions=40 completion=0.00% reward=-1.405 | cost=2.076s | lr_actor=2.767e-04 lr_critic=2.767e-04 | wv=772 stale=5 ck=ok| obj=inf completion=0.00% finite_obj=2.5% no_solution=97.5% collision=0.0% spectrum=42.5% action_range=[0.000,0.999] solver_status=optimal:2.5%,infeasible:97.5%,unknown:0.0%,error:0.0%,other:0.0% norm_count=62160
2026-09-29 13:22:18 | [QUEUE] | iter=777 | 队列 | sample_queue=1/4 | weight_queues_pending=4/4
2026-09-29 13:22:21 | [UPDATE] | [learner] iter=778 transitions=40 completion=0.00% reward=-1.450 | cost=2.557s | lr_actor=2.767e-04 lr_critic=2.767e-04 | wv=772 stale=6 ck=ok| obj=inf completion=0.00% finite_obj=0.0% no_solution=100.0% collision=0.0% spectrum=42.5% action_range=[0.000,1.000] solver_status=optimal:0.0%,infeasible:97.5%,unknown:2.5%,error:0.0%,other:0.0% norm_count=62240
2026-09-29 13:22:21 | [QUEUE] | iter=778 | 队列 | sample_queue=0/4 | weight_queues_pending=4/4
2026-09-29 13:22:27 | [UPDATE] | [learner] iter=779 transitions=40 completion=0.00% reward=-1.550 | cost=2.143s | lr_actor=2.767e-04 lr_critic=2.767e-04 | wv=774 stale=5 ck=ok| obj=inf completion=0.00% finite_obj=0.0% no_solution=100.0% collision=0.0% spectrum=52.5% action_range=[0.000,0.999] solver_status=optimal:0.0%,infeasible:90.0%,unknown:10.0%,error:0.0%,other:0.0% norm_count=62320
2026-09-29 13:22:27 | [QUEUE] | iter=779 | 队列 | sample_queue=0/4 | weight_queues_pending=4/4
2026-09-29 13:22:40 | [UPDATE] | [learner] iter=780 transitions=40 completion=0.00% reward=-1.450 | cost=2.278s | lr_actor=2.766e-04 lr_critic=2.766e-04 | wv=775 stale=5 ck=ok| obj=inf completion=0.00% finite_obj=0.0% no_solution=100.0% collision=0.0% spectrum=42.5% action_range=[0.000,0.999] solver_status=optimal:0.0%,infeasible:92.5%,unknown:7.5%,error:0.0%,other:0.0% norm_count=62400
2026-09-29 13:22:40 | [QUEUE] | iter=780 | 队列 | sample_queue=1/4 | weight_queues_pending=4/4
2026-09-29 13:22:42 | [UPDATE] | [learner] iter=781 transitions=40 completion=0.00% reward=-1.525 | cost=2.252s | lr_actor=2.766e-04 lr_critic=2.766e-04 | wv=776 stale=5 ck=ok| obj=inf completion=0.00% finite_obj=0.0% no_solution=100.0% collision=0.0% spectrum=50.0% action_range=[0.001,1.000] solver_status=optimal:0.0%,infeasible:90.0%,unknown:10.0%,error:0.0%,other:0.0% norm_count=62480
2026-09-29 13:22:42 | [QUEUE] | iter=781 | 队列 | sample_queue=0/4 | weight_queues_pending=4/4
2026-09-29 13:22:44 | [UPDATE] | [learner] iter=782 transitions=40 completion=0.00% reward=-1.307 | cost=2.224s | lr_actor=2.766e-04 lr_critic=2.766e-04 | wv=776 stale=6 ck=ok| obj=inf completion=0.00% finite_obj=5.0% no_solution=95.0% collision=0.0% spectrum=40.0% action_range=[0.001,1.000] solver_status=optimal:5.0%,infeasible:95.0%,unknown:0.0%,error:0.0%,other:0.0% norm_count=62560
2026-09-29 13:22:44 | [QUEUE] | iter=782 | 队列 | sample_queue=0/4 | weight_queues_pending=4/4
2026-09-29 13:22:55 | [UPDATE] | [learner] iter=783 transitions=40 completion=0.00% reward=-1.478 | cost=2.161s | lr_actor=2.765e-04 lr_critic=2.765e-04 | wv=778 stale=5 ck=ok| obj=inf completion=0.00% finite_obj=2.5% no_solution=97.5% collision=0.0% spectrum=42.5% action_range=[0.000,1.000] solver_status=optimal:2.5%,infeasible:92.5%,unknown:5.0%,error:0.0%,other:0.0% norm_count=62640
2026-09-29 13:22:55 | [QUEUE] | iter=783 | 队列 | sample_queue=0/4 | weight_queues_pending=4/4
2026-09-29 13:23:04 | [UPDATE] | [learner] iter=784 transitions=40 completion=0.00% reward=-1.500 | cost=2.229s | lr_actor=2.765e-04 lr_critic=2.765e-04 | wv=779 stale=5 ck=ok| obj=inf completion=0.00% finite_obj=0.0% no_solution=100.0% collision=0.0% spectrum=50.0% action_range=[0.000,1.000] solver_status=optimal:0.0%,infeasible:100.0%,unknown:0.0%,error:0.0%,other:0.0% norm_count=62720
2026-09-29 13:23:04 | [QUEUE] | iter=784 | 队列 | sample_queue=0/4 | weight_queues_pending=4/4
2026-09-29 13:23:08 | [UPDATE] | [learner] iter=785 transitions=40 completion=0.00% reward=-1.425 | cost=2.405s | lr_actor=2.765e-04 lr_critic=2.765e-04 | wv=779 stale=6 ck=ok| obj=inf completion=0.00% finite_obj=0.0% no_solution=100.0% collision=0.0% spectrum=35.0% action_range=[0.001,1.000] solver_status=optimal:0.0%,infeasible:85.0%,unknown:15.0%,error:0.0%,other:0.0% norm_count=62800
2026-09-29 13:23:08 | [QUEUE] | iter=785 | 队列 | sample_queue=0/4 | weight_queues_pending=4/4
2026-09-29 13:23:11 | [UPDATE] | [learner] iter=786 transitions=40 completion=0.00% reward=-1.600 | cost=2.087s | lr_actor=2.764e-04 lr_critic=2.764e-04 | wv=781 stale=5 ck=ok| obj=inf completion=0.00% finite_obj=0.0% no_solution=100.0% collision=0.0% spectrum=50.0% action_range=[0.000,0.999] solver_status=optimal:0.0%,infeasible:95.0%,unknown:5.0%,error:0.0%,other:0.0% norm_count=62880
2026-09-29 13:23:11 | [QUEUE] | iter=786 | 队列 | sample_queue=0/4 | weight_queues_pending=4/4
2026-09-29 13:23:18 | [UPDATE] | [learner] iter=787 transitions=40 completion=0.00% reward=-1.325 | cost=2.560s | lr_actor=2.764e-04 lr_critic=2.764e-04 | wv=782 stale=5 ck=ok| obj=inf completion=0.00% finite_obj=0.0% no_solution=100.0% collision=0.0% spectrum=32.5% action_range=[0.001,0.999] solver_status=optimal:0.0%,infeasible:90.0%,unknown:10.0%,error:0.0%,other:0.0% norm_count=62960
2026-09-29 13:23:18 | [QUEUE] | iter=787 | 队列 | sample_queue=0/4 | weight_queues_pending=4/4
2026-09-29 13:23:22 | [UPDATE] | [learner] iter=788 transitions=40 completion=0.00% reward=-1.400 | cost=2.138s | lr_actor=2.764e-04 lr_critic=2.764e-04 | wv=783 stale=5 ck=ok| obj=inf completion=0.00% finite_obj=0.0% no_solution=100.0% collision=0.0% spectrum=40.0% action_range=[0.001,1.000] solver_status=optimal:0.0%,infeasible:87.5%,unknown:12.5%,error:0.0%,other:0.0% norm_count=63040
2026-09-29 13:23:22 | [QUEUE] | iter=788 | 队列 | sample_queue=0/4 | weight_queues_pending=4/4
2026-09-29 13:23:33 | [UPDATE] | [learner] iter=789 transitions=40 completion=0.00% reward=-1.350 | cost=2.168s | lr_actor=2.764e-04 lr_critic=2.764e-04 | wv=784 stale=5 ck=ok| obj=inf completion=0.00% finite_obj=0.0% no_solution=100.0% collision=0.0% spectrum=35.0% action_range=[0.000,1.000] solver_status=optimal:0.0%,infeasible:90.0%,unknown:10.0%,error:0.0%,other:0.0% norm_count=63120
2026-09-29 13:23:33 | [QUEUE] | iter=789 | 队列 | sample_queue=0/4 | weight_queues_pending=4/4
2026-09-29 13:23:36 | [UPDATE] | [learner] iter=790 transitions=40 completion=0.00% reward=-1.426 | cost=2.265s | lr_actor=2.763e-04 lr_critic=2.763e-04 | wv=785 stale=5 ck=ok| obj=inf completion=0.00% finite_obj=2.5% no_solution=97.5% collision=0.0% spectrum=40.0% action_range=[0.002,1.000] solver_status=optimal:2.5%,infeasible:92.5%,unknown:5.0%,error:0.0%,other:0.0% norm_count=63200
2026-09-29 13:23:36 | [QUEUE] | iter=790 | 队列 | sample_queue=0/4 | weight_queues_pending=4/4
2026-09-29 13:23:43 | [UPDATE] | [learner] iter=791 transitions=40 completion=0.00% reward=-1.475 | cost=2.364s | lr_actor=2.763e-04 lr_critic=2.763e-04 | wv=786 stale=5 ck=ok| obj=inf completion=0.00% finite_obj=0.0% no_solution=100.0% collision=0.0% spectrum=37.5% action_range=[0.000,1.000] solver_status=optimal:0.0%,infeasible:100.0%,unknown:0.0%,error:0.0%,other:0.0% norm_count=63280
2026-09-29 13:23:43 | [QUEUE] | iter=791 | 队列 | sample_queue=0/4 | weight_queues_pending=4/4
2026-09-29 13:23:47 | [UPDATE] | [learner] iter=792 transitions=40 completion=0.00% reward=-1.325 | cost=2.283s | lr_actor=2.763e-04 lr_critic=2.763e-04 | wv=787 stale=5 ck=ok| obj=inf completion=0.00% finite_obj=0.0% no_solution=100.0% collision=0.0% spectrum=32.5% action_range=[0.001,1.000] solver_status=optimal:0.0%,infeasible:92.5%,unknown:7.5%,error:0.0%,other:0.0% norm_count=63360
2026-09-29 13:23:47 | [QUEUE] | iter=792 | 队列 | sample_queue=0/4 | weight_queues_pending=4/4
2026-09-29 13:24:00 | [UPDATE] | [learner] iter=793 transitions=40 completion=2.50% reward=-1.327 | cost=2.109s | lr_actor=2.762e-04 lr_critic=2.762e-04 | wv=788 stale=5 ck=ok| obj=inf completion=2.50% finite_obj=2.5% no_solution=97.5% collision=0.0% spectrum=37.5% action_range=[0.000,0.997] solver_status=optimal:2.5%,infeasible:92.5%,unknown:5.0%,error:0.0%,other:0.0% norm_count=63440
2026-09-29 13:24:00 | [QUEUE] | iter=793 | 队列 | sample_queue=1/4 | weight_queues_pending=4/4
2026-09-29 13:24:02 | [UPDATE] | [learner] iter=794 transitions=40 completion=0.00% reward=-1.503 | cost=2.226s | lr_actor=2.762e-04 lr_critic=2.762e-04 | wv=789 stale=5 ck=ok| obj=inf completion=0.00% finite_obj=2.5% no_solution=97.5% collision=0.0% spectrum=45.0% action_range=[0.000,1.000] solver_status=optimal:2.5%,infeasible:95.0%,unknown:2.5%,error:0.0%,other:0.0% norm_count=63520
2026-09-29 13:24:02 | [QUEUE] | iter=794 | 队列 | sample_queue=0/4 | weight_queues_pending=4/4
2026-09-29 13:24:05 | [UPDATE] | [learner] iter=795 transitions=40 completion=0.00% reward=-1.500 | cost=2.405s | lr_actor=2.762e-04 lr_critic=2.762e-04 | wv=790 stale=5 ck=ok| obj=inf completion=0.00% finite_obj=0.0% no_solution=100.0% collision=0.0% spectrum=45.0% action_range=[0.001,0.999] solver_status=optimal:0.0%,infeasible:90.0%,unknown:10.0%,error:0.0%,other:0.0% norm_count=63600
2026-09-29 13:24:05 | [QUEUE] | iter=795 | 队列 | sample_queue=0/4 | weight_queues_pending=4/4
2026-09-29 13:24:11 | [UPDATE] | [learner] iter=796 transitions=40 completion=0.00% reward=-1.500 | cost=2.394s | lr_actor=2.761e-04 lr_critic=2.761e-04 | wv=791 stale=5 ck=ok| obj=inf completion=0.00% finite_obj=0.0% no_solution=100.0% collision=0.0% spectrum=47.5% action_range=[0.001,0.999] solver_status=optimal:0.0%,infeasible:95.0%,unknown:5.0%,error:0.0%,other:0.0% norm_count=63680
2026-09-29 13:24:11 | [QUEUE] | iter=796 | 队列 | sample_queue=0/4 | weight_queues_pending=4/4
2026-09-29 13:24:25 | [UPDATE] | [learner] iter=797 transitions=40 completion=0.00% reward=-1.525 | cost=2.088s | lr_actor=2.761e-04 lr_critic=2.761e-04 | wv=792 stale=5 ck=ok| obj=inf completion=0.00% finite_obj=0.0% no_solution=100.0% collision=0.0% spectrum=50.0% action_range=[0.000,0.999] solver_status=optimal:0.0%,infeasible:92.5%,unknown:7.5%,error:0.0%,other:0.0% norm_count=63760
2026-09-29 13:24:25 | [QUEUE] | iter=797 | 队列 | sample_queue=1/4 | weight_queues_pending=4/4
2026-09-29 13:24:27 | [UPDATE] | [learner] iter=798 transitions=40 completion=2.50% reward=-1.276 | cost=2.145s | lr_actor=2.761e-04 lr_critic=2.761e-04 | wv=792 stale=6 ck=ok| obj=inf completion=2.50% finite_obj=2.5% no_solution=97.5% collision=0.0% spectrum=30.0% action_range=[0.000,0.999] solver_status=optimal:2.5%,infeasible:90.0%,unknown:7.5%,error:0.0%,other:0.0% norm_count=63840
2026-09-29 13:24:27 | [QUEUE] | iter=798 | 队列 | sample_queue=1/4 | weight_queues_pending=4/4
2026-09-29 13:24:29 | [UPDATE] | [learner] iter=799 transitions=40 completion=0.00% reward=-1.375 | cost=2.015s | lr_actor=2.761e-04 lr_critic=2.761e-04 | wv=794 stale=5 ck=ok| obj=inf completion=0.00% finite_obj=0.0% no_solution=100.0% collision=0.0% spectrum=35.0% action_range=[0.000,0.999] solver_status=optimal:0.0%,infeasible:100.0%,unknown:0.0%,error:0.0%,other:0.0% norm_count=63920
2026-09-29 13:24:29 | [QUEUE] | iter=799 | 队列 | sample_queue=0/4 | weight_queues_pending=4/4
2026-09-29 13:24:32 | [UPDATE] | [learner] iter=800 transitions=40 completion=0.00% reward=-1.425 | cost=2.174s | lr_actor=2.760e-04 lr_critic=2.760e-04 | wv=795 stale=5 ck=ok| obj=inf completion=0.00% finite_obj=0.0% no_solution=100.0% collision=0.0% spectrum=35.0% action_range=[0.000,1.000] solver_status=optimal:0.0%,infeasible:90.0%,unknown:10.0%,error:0.0%,other:0.0% norm_count=64000
2026-09-29 13:24:32 | [QUEUE] | iter=800 | 队列 | sample_queue=0/4 | weight_queues_pending=4/4
2026-09-29 13:24:50 | [UPDATE] | [learner] iter=801 transitions=40 completion=0.00% reward=-1.475 | cost=2.074s | lr_actor=2.760e-04 lr_critic=2.760e-04 | wv=796 stale=5 ck=ok| obj=inf completion=0.00% finite_obj=0.0% no_solution=100.0% collision=0.0% spectrum=47.5% action_range=[0.000,0.999] solver_status=optimal:0.0%,infeasible:92.5%,unknown:7.5%,error:0.0%,other:0.0% norm_count=64080
2026-09-29 13:24:50 | [QUEUE] | iter=801 | 队列 | sample_queue=1/4 | weight_queues_pending=4/4
2026-09-29 13:24:52 | [UPDATE] | [learner] iter=802 transitions=40 completion=2.50% reward=-1.175 | cost=2.021s | lr_actor=2.760e-04 lr_critic=2.760e-04 | wv=796 stale=6 ck=ok| obj=inf completion=2.50% finite_obj=2.5% no_solution=97.5% collision=0.0% spectrum=20.0% action_range=[0.001,1.000] solver_status=optimal:2.5%,infeasible:90.0%,unknown:7.5%,error:0.0%,other:0.0% norm_count=64160
2026-09-29 13:24:52 | [QUEUE] | iter=802 | 队列 | sample_queue=2/4 | weight_queues_pending=4/4
2026-09-29 13:24:54 | [UPDATE] | [learner] iter=803 transitions=40 completion=2.50% reward=-1.404 | cost=2.233s | lr_actor=2.759e-04 lr_critic=2.759e-04 | wv=797 stale=6 ck=ok| obj=inf completion=2.50% finite_obj=2.5% no_solution=97.5% collision=0.0% spectrum=45.0% action_range=[0.001,0.999] solver_status=optimal:2.5%,infeasible:92.5%,unknown:5.0%,error:0.0%,other:0.0% norm_count=64240
2026-09-29 13:24:54 | [QUEUE] | iter=803 | 队列 | sample_queue=1/4 | weight_queues_pending=4/4
2026-09-29 13:24:56 | [UPDATE] | [learner] iter=804 transitions=40 completion=0.00% reward=-1.425 | cost=2.015s | lr_actor=2.759e-04 lr_critic=2.759e-04 | wv=799 stale=5 ck=ok| obj=inf completion=0.00% finite_obj=0.0% no_solution=100.0% collision=0.0% spectrum=40.0% action_range=[0.000,1.000] solver_status=optimal:0.0%,infeasible:80.0%,unknown:20.0%,error:0.0%,other:0.0% norm_count=64320
2026-09-29 13:24:56 | [QUEUE] | iter=804 | 队列 | sample_queue=0/4 | weight_queues_pending=4/4
2026-09-29 13:25:13 | [UPDATE] | [learner] iter=805 transitions=40 completion=0.00% reward=-1.425 | cost=2.130s | lr_actor=2.759e-04 lr_critic=2.759e-04 | wv=801 stale=4 ck=ok| obj=inf completion=0.00% finite_obj=0.0% no_solution=100.0% collision=0.0% spectrum=40.0% action_range=[0.002,0.998] solver_status=optimal:0.0%,infeasible:85.0%,unknown:15.0%,error:0.0%,other:0.0% norm_count=64400
2026-09-29 13:25:13 | [QUEUE] | iter=805 | 队列 | sample_queue=0/4 | weight_queues_pending=4/4
2026-09-29 13:25:16 | [UPDATE] | [learner] iter=806 transitions=40 completion=0.00% reward=-1.375 | cost=2.172s | lr_actor=2.758e-04 lr_critic=2.758e-04 | wv=800 stale=6 ck=ok| obj=inf completion=0.00% finite_obj=0.0% no_solution=100.0% collision=0.0% spectrum=32.5% action_range=[0.000,1.000] solver_status=optimal:0.0%,infeasible:92.5%,unknown:7.5%,error:0.0%,other:0.0% norm_count=64480
2026-09-29 13:25:16 | [QUEUE] | iter=806 | 队列 | sample_queue=2/4 | weight_queues_pending=4/4
2026-09-29 13:25:19 | [UPDATE] | [learner] iter=807 transitions=40 completion=0.00% reward=-1.450 | cost=2.280s | lr_actor=2.758e-04 lr_critic=2.758e-04 | wv=801 stale=6 ck=ok| obj=inf completion=0.00% finite_obj=0.0% no_solution=100.0% collision=0.0% spectrum=45.0% action_range=[0.001,0.999] solver_status=optimal:0.0%,infeasible:90.0%,unknown:10.0%,error:0.0%,other:0.0% norm_count=64560
2026-09-29 13:25:19 | [QUEUE] | iter=807 | 队列 | sample_queue=1/4 | weight_queues_pending=4/4
2026-09-29 13:25:21 | [UPDATE] | [learner] iter=808 transitions=40 completion=0.00% reward=-1.275 | cost=2.189s | lr_actor=2.758e-04 lr_critic=2.758e-04 | wv=800 stale=8 ck=ok| obj=inf completion=0.00% finite_obj=0.0% no_solution=100.0% collision=0.0% spectrum=27.5% action_range=[0.000,1.000] solver_status=optimal:0.0%,infeasible:92.5%,unknown:7.5%,error:0.0%,other:0.0% norm_count=64640
2026-09-29 13:25:21 | [QUEUE] | iter=808 | 队列 | sample_queue=0/4 | weight_queues_pending=4/4
2026-09-29 13:25:36 | [UPDATE] | [learner] iter=809 transitions=40 completion=0.00% reward=-1.350 | cost=2.358s | lr_actor=2.758e-04 lr_critic=2.758e-04 | wv=804 stale=5 ck=ok| obj=inf completion=0.00% finite_obj=0.0% no_solution=100.0% collision=0.0% spectrum=35.0% action_range=[0.000,1.000] solver_status=optimal:0.0%,infeasible:97.5%,unknown:2.5%,error:0.0%,other:0.0% norm_count=64720
2026-09-29 13:25:36 | [QUEUE] | iter=809 | 队列 | sample_queue=0/4 | weight_queues_pending=4/4
2026-09-29 13:25:42 | [UPDATE] | [learner] iter=810 transitions=40 completion=0.00% reward=-1.475 | cost=2.329s | lr_actor=2.757e-04 lr_critic=2.757e-04 | wv=805 stale=5 ck=ok| obj=inf completion=0.00% finite_obj=0.0% no_solution=100.0% collision=0.0% spectrum=45.0% action_range=[0.000,1.000] solver_status=optimal:0.0%,infeasible:92.5%,unknown:7.5%,error:0.0%,other:0.0% norm_count=64800
2026-09-29 13:25:42 | [QUEUE] | iter=810 | 队列 | sample_queue=2/4 | weight_queues_pending=4/4
2026-09-29 13:25:44 | [UPDATE] | [learner] iter=811 transitions=40 completion=0.00% reward=-1.425 | cost=2.024s | lr_actor=2.757e-04 lr_critic=2.757e-04 | wv=805 stale=6 ck=ok| obj=inf completion=0.00% finite_obj=0.0% no_solution=100.0% collision=0.0% spectrum=40.0% action_range=[0.000,1.000] solver_status=optimal:0.0%,infeasible:92.5%,unknown:7.5%,error:0.0%,other:0.0% norm_count=64880
2026-09-29 13:25:44 | [QUEUE] | iter=811 | 队列 | sample_queue=1/4 | weight_queues_pending=4/4
2026-09-29 13:25:46 | [UPDATE] | [learner] iter=812 transitions=40 completion=0.00% reward=-1.650 | cost=2.200s | lr_actor=2.757e-04 lr_critic=2.757e-04 | wv=805 stale=7 ck=ok| obj=inf completion=0.00% finite_obj=0.0% no_solution=100.0% collision=0.0% spectrum=55.0% action_range=[0.000,0.996] solver_status=optimal:0.0%,infeasible:97.5%,unknown:2.5%,error:0.0%,other:0.0% norm_count=64960
2026-09-29 13:25:46 | [QUEUE] | iter=812 | 队列 | sample_queue=0/4 | weight_queues_pending=4/4
2026-09-29 13:25:59 | [UPDATE] | [learner] iter=813 transitions=40 completion=0.00% reward=-1.350 | cost=2.341s | lr_actor=2.756e-04 lr_critic=2.756e-04 | wv=808 stale=5 ck=ok| obj=inf completion=0.00% finite_obj=0.0% no_solution=100.0% collision=0.0% spectrum=32.5% action_range=[0.001,1.000] solver_status=optimal:0.0%,infeasible:97.5%,unknown:2.5%,error:0.0%,other:0.0% norm_count=65040
2026-09-29 13:25:59 | [QUEUE] | iter=813 | 队列 | sample_queue=0/4 | weight_queues_pending=4/4
2026-09-29 13:26:05 | [UPDATE] | [learner] iter=814 transitions=40 completion=0.00% reward=-1.400 | cost=2.294s | lr_actor=2.756e-04 lr_critic=2.756e-04 | wv=809 stale=5 ck=ok| obj=inf completion=0.00% finite_obj=0.0% no_solution=100.0% collision=0.0% spectrum=40.0% action_range=[0.001,1.000] solver_status=optimal:0.0%,infeasible:95.0%,unknown:5.0%,error:0.0%,other:0.0% norm_count=65120
2026-09-29 13:26:05 | [QUEUE] | iter=814 | 队列 | sample_queue=0/4 | weight_queues_pending=4/4
2026-09-29 13:26:09 | [UPDATE] | [learner] iter=815 transitions=40 completion=0.00% reward=-1.500 | cost=2.272s | lr_actor=2.756e-04 lr_critic=2.756e-04 | wv=809 stale=6 ck=ok| obj=inf completion=0.00% finite_obj=0.0% no_solution=100.0% collision=0.0% spectrum=47.5% action_range=[0.000,1.000] solver_status=optimal:0.0%,infeasible:85.0%,unknown:15.0%,error:0.0%,other:0.0% norm_count=65200
2026-09-29 13:26:09 | [QUEUE] | iter=815 | 队列 | sample_queue=0/4 | weight_queues_pending=4/4
2026-09-29 13:26:13 | [UPDATE] | [learner] iter=816 transitions=40 completion=0.00% reward=-1.400 | cost=2.120s | lr_actor=2.755e-04 lr_critic=2.755e-04 | wv=809 stale=7 ck=ok| obj=inf completion=0.00% finite_obj=0.0% no_solution=100.0% collision=0.0% spectrum=35.0% action_range=[0.002,1.000] solver_status=optimal:0.0%,infeasible:92.5%,unknown:7.5%,error:0.0%,other:0.0% norm_count=65280
2026-09-29 13:26:13 | [QUEUE] | iter=816 | 队列 | sample_queue=0/4 | weight_queues_pending=4/4
2026-09-29 13:26:25 | [UPDATE] | [learner] iter=817 transitions=40 completion=0.00% reward=-1.450 | cost=2.355s | lr_actor=2.755e-04 lr_critic=2.755e-04 | wv=812 stale=5 ck=ok| obj=inf completion=0.00% finite_obj=0.0% no_solution=100.0% collision=0.0% spectrum=40.0% action_range=[0.000,1.000] solver_status=optimal:0.0%,infeasible:90.0%,unknown:10.0%,error:0.0%,other:0.0% norm_count=65360
2026-09-29 13:26:25 | [QUEUE] | iter=817 | 队列 | sample_queue=0/4 | weight_queues_pending=4/4
2026-09-29 13:26:28 | [UPDATE] | [learner] iter=818 transitions=40 completion=5.00% reward=-1.430 | cost=2.462s | lr_actor=2.755e-04 lr_critic=2.755e-04 | wv=813 stale=5 ck=ok| obj=inf completion=5.00% finite_obj=5.0% no_solution=95.0% collision=0.0% spectrum=47.5% action_range=[0.000,1.000] solver_status=optimal:5.0%,infeasible:92.5%,unknown:2.5%,error:0.0%,other:0.0% norm_count=65440
2026-09-29 13:26:28 | [QUEUE] | iter=818 | 队列 | sample_queue=0/4 | weight_queues_pending=4/4
2026-09-29 13:26:32 | [UPDATE] | [learner] iter=819 transitions=40 completion=0.00% reward=-1.550 | cost=2.246s | lr_actor=2.755e-04 lr_critic=2.755e-04 | wv=814 stale=5 ck=ok| obj=inf completion=0.00% finite_obj=0.0% no_solution=100.0% collision=0.0% spectrum=45.0% action_range=[0.001,1.000] solver_status=optimal:0.0%,infeasible:85.0%,unknown:15.0%,error:0.0%,other:0.0% norm_count=65520
2026-09-29 13:26:32 | [QUEUE] | iter=819 | 队列 | sample_queue=0/4 | weight_queues_pending=4/4
2026-09-29 13:26:40 | [UPDATE] | [learner] iter=820 transitions=40 completion=0.00% reward=-1.525 | cost=2.149s | lr_actor=2.754e-04 lr_critic=2.754e-04 | wv=815 stale=5 ck=ok| obj=inf completion=0.00% finite_obj=0.0% no_solution=100.0% collision=0.0% spectrum=47.5% action_range=[0.001,1.000] solver_status=optimal:0.0%,infeasible:90.0%,unknown:10.0%,error:0.0%,other:0.0% norm_count=65600
2026-09-29 13:26:40 | [QUEUE] | iter=820 | 队列 | sample_queue=0/4 | weight_queues_pending=4/4
2026-09-29 13:26:49 | [UPDATE] | [learner] iter=821 transitions=40 completion=0.00% reward=-1.400 | cost=2.091s | lr_actor=2.754e-04 lr_critic=2.754e-04 | wv=816 stale=5 ck=ok| obj=inf completion=0.00% finite_obj=0.0% no_solution=100.0% collision=0.0% spectrum=37.5% action_range=[0.000,1.000] solver_status=optimal:0.0%,infeasible:90.0%,unknown:10.0%,error:0.0%,other:0.0% norm_count=65680
2026-09-29 13:26:49 | [QUEUE] | iter=821 | 队列 | sample_queue=1/4 | weight_queues_pending=4/4
2026-09-29 13:26:52 | [UPDATE] | [learner] iter=822 transitions=40 completion=2.50% reward=-1.528 | cost=2.284s | lr_actor=2.754e-04 lr_critic=2.754e-04 | wv=817 stale=5 ck=ok| obj=inf completion=2.50% finite_obj=2.5% no_solution=97.5% collision=0.0% spectrum=50.0% action_range=[0.002,0.999] solver_status=optimal:2.5%,infeasible:95.0%,unknown:2.5%,error:0.0%,other:0.0% norm_count=65760
2026-09-29 13:26:52 | [QUEUE] | iter=822 | 队列 | sample_queue=0/4 | weight_queues_pending=4/4
2026-09-29 13:26:54 | [UPDATE] | [learner] iter=823 transitions=40 completion=0.00% reward=-1.350 | cost=2.394s | lr_actor=2.753e-04 lr_critic=2.753e-04 | wv=818 stale=5 ck=ok| obj=inf completion=0.00% finite_obj=0.0% no_solution=100.0% collision=0.0% spectrum=32.5% action_range=[0.002,0.999] solver_status=optimal:0.0%,infeasible:90.0%,unknown:10.0%,error:0.0%,other:0.0% norm_count=65840
2026-09-29 13:26:54 | [QUEUE] | iter=823 | 队列 | sample_queue=0/4 | weight_queues_pending=4/4
2026-09-29 13:27:08 | [UPDATE] | [learner] iter=824 transitions=40 completion=0.00% reward=-1.550 | cost=2.052s | lr_actor=2.753e-04 lr_critic=2.753e-04 | wv=819 stale=5 ck=ok| obj=inf completion=0.00% finite_obj=0.0% no_solution=100.0% collision=0.0% spectrum=47.5% action_range=[0.000,0.999] solver_status=optimal:0.0%,infeasible:95.0%,unknown:5.0%,error:0.0%,other:0.0% norm_count=65920
2026-09-29 13:27:08 | [QUEUE] | iter=824 | 队列 | sample_queue=0/4 | weight_queues_pending=4/4
2026-09-29 13:27:12 | [UPDATE] | [learner] iter=825 transitions=40 completion=0.00% reward=-1.350 | cost=2.109s | lr_actor=2.753e-04 lr_critic=2.753e-04 | wv=820 stale=5 ck=ok| obj=inf completion=0.00% finite_obj=0.0% no_solution=100.0% collision=0.0% spectrum=32.5% action_range=[0.000,0.999] solver_status=optimal:0.0%,infeasible:95.0%,unknown:5.0%,error:0.0%,other:0.0% norm_count=66000
2026-09-29 13:27:12 | [QUEUE] | iter=825 | 队列 | sample_queue=0/4 | weight_queues_pending=4/4
2026-09-29 13:27:15 | [UPDATE] | [learner] iter=826 transitions=40 completion=0.00% reward=-1.450 | cost=2.160s | lr_actor=2.752e-04 lr_critic=2.752e-04 | wv=820 stale=6 ck=ok| obj=inf completion=0.00% finite_obj=0.0% no_solution=100.0% collision=0.0% spectrum=40.0% action_range=[0.001,0.999] solver_status=optimal:0.0%,infeasible:97.5%,unknown:2.5%,error:0.0%,other:0.0% norm_count=66080
2026-09-29 13:27:15 | [QUEUE] | iter=826 | 队列 | sample_queue=0/4 | weight_queues_pending=4/4
2026-09-29 13:27:23 | [UPDATE] | [learner] iter=827 transitions=40 completion=0.00% reward=-1.252 | cost=2.401s | lr_actor=2.752e-04 lr_critic=2.752e-04 | wv=822 stale=5 ck=ok| obj=inf completion=0.00% finite_obj=2.5% no_solution=97.5% collision=0.0% spectrum=30.0% action_range=[0.000,0.999] solver_status=optimal:2.5%,infeasible:95.0%,unknown:2.5%,error:0.0%,other:0.0% norm_count=66160
2026-09-29 13:27:23 | [QUEUE] | iter=827 | 队列 | sample_queue=0/4 | weight_queues_pending=4/4
2026-09-29 13:27:34 | [UPDATE] | [learner] iter=828 transitions=40 completion=0.00% reward=-1.650 | cost=2.124s | lr_actor=2.752e-04 lr_critic=2.752e-04 | wv=824 stale=4 ck=ok| obj=inf completion=0.00% finite_obj=0.0% no_solution=100.0% collision=0.0% spectrum=55.0% action_range=[0.000,0.999] solver_status=optimal:0.0%,infeasible:87.5%,unknown:12.5%,error:0.0%,other:0.0% norm_count=66240
2026-09-29 13:27:34 | [QUEUE] | iter=828 | 队列 | sample_queue=0/4 | weight_queues_pending=4/4
2026-09-29 13:27:40 | [UPDATE] | [learner] iter=829 transitions=40 completion=0.00% reward=-1.450 | cost=2.191s | lr_actor=2.752e-04 lr_critic=2.752e-04 | wv=825 stale=4 ck=ok| obj=inf completion=0.00% finite_obj=0.0% no_solution=100.0% collision=0.0% spectrum=40.0% action_range=[0.001,0.999] solver_status=optimal:0.0%,infeasible:95.0%,unknown:5.0%,error:0.0%,other:0.0% norm_count=66320
2026-09-29 13:27:40 | [QUEUE] | iter=829 | 队列 | sample_queue=1/4 | weight_queues_pending=4/4
2026-09-29 13:27:42 | [UPDATE] | [learner] iter=830 transitions=40 completion=0.00% reward=-1.425 | cost=2.325s | lr_actor=2.751e-04 lr_critic=2.751e-04 | wv=823 stale=7 ck=ok| obj=inf completion=0.00% finite_obj=0.0% no_solution=100.0% collision=0.0% spectrum=40.0% action_range=[0.001,0.999] solver_status=optimal:0.0%,infeasible:92.5%,unknown:7.5%,error:0.0%,other:0.0% norm_count=66400
2026-09-29 13:27:42 | [QUEUE] | iter=830 | 队列 | sample_queue=0/4 | weight_queues_pending=4/4
2026-09-29 13:27:46 | [UPDATE] | [learner] iter=831 transitions=40 completion=0.00% reward=-1.425 | cost=2.189s | lr_actor=2.751e-04 lr_critic=2.751e-04 | wv=826 stale=5 ck=ok| obj=inf completion=0.00% finite_obj=0.0% no_solution=100.0% collision=0.0% spectrum=40.0% action_range=[0.002,0.999] solver_status=optimal:0.0%,infeasible:92.5%,unknown:7.5%,error:0.0%,other:0.0% norm_count=66480
2026-09-29 13:27:46 | [QUEUE] | iter=831 | 队列 | sample_queue=0/4 | weight_queues_pending=4/4
2026-09-29 13:27:57 | [UPDATE] | [learner] iter=832 transitions=40 completion=0.00% reward=-1.800 | cost=2.682s | lr_actor=2.751e-04 lr_critic=2.751e-04 | wv=827 stale=5 ck=ok| obj=inf completion=0.00% finite_obj=0.0% no_solution=100.0% collision=0.0% spectrum=67.5% action_range=[0.000,1.000] solver_status=optimal:0.0%,infeasible:95.0%,unknown:5.0%,error:0.0%,other:0.0% norm_count=66560
2026-09-29 13:27:57 | [QUEUE] | iter=832 | 队列 | sample_queue=0/4 | weight_queues_pending=4/4
2026-09-29 13:28:03 | [UPDATE] | [learner] iter=833 transitions=40 completion=2.50% reward=-1.328 | cost=2.022s | lr_actor=2.750e-04 lr_critic=2.750e-04 | wv=828 stale=5 ck=ok| obj=inf completion=2.50% finite_obj=5.0% no_solution=95.0% collision=0.0% spectrum=42.5% action_range=[0.000,1.000] solver_status=optimal:5.0%,infeasible:90.0%,unknown:5.0%,error:0.0%,other:0.0% norm_count=66640
2026-09-29 13:28:03 | [QUEUE] | iter=833 | 队列 | sample_queue=0/4 | weight_queues_pending=4/4
2026-09-29 13:28:06 | [UPDATE] | [learner] iter=834 transitions=40 completion=0.00% reward=-1.503 | cost=2.105s | lr_actor=2.750e-04 lr_critic=2.750e-04 | wv=828 stale=6 ck=ok| obj=inf completion=0.00% finite_obj=2.5% no_solution=97.5% collision=0.0% spectrum=45.0% action_range=[0.001,1.000] solver_status=optimal:2.5%,infeasible:90.0%,unknown:7.5%,error:0.0%,other:0.0% norm_count=66720
2026-09-29 13:28:06 | [QUEUE] | iter=834 | 队列 | sample_queue=0/4 | weight_queues_pending=4/4
2026-09-29 13:28:08 | [UPDATE] | [learner] iter=835 transitions=40 completion=0.00% reward=-1.275 | cost=2.181s | lr_actor=2.750e-04 lr_critic=2.750e-04 | wv=830 stale=5 ck=ok| obj=inf completion=0.00% finite_obj=0.0% no_solution=100.0% collision=0.0% spectrum=27.5% action_range=[0.001,1.000] solver_status=optimal:0.0%,infeasible:97.5%,unknown:2.5%,error:0.0%,other:0.0% norm_count=66800
2026-09-29 13:28:08 | [QUEUE] | iter=835 | 队列 | sample_queue=0/4 | weight_queues_pending=4/4
2026-09-29 13:28:23 | [UPDATE] | [learner] iter=836 transitions=40 completion=0.00% reward=-1.400 | cost=2.200s | lr_actor=2.749e-04 lr_critic=2.749e-04 | wv=831 stale=5 ck=ok| obj=inf completion=0.00% finite_obj=0.0% no_solution=100.0% collision=0.0% spectrum=35.0% action_range=[0.000,1.000] solver_status=optimal:0.0%,infeasible:97.5%,unknown:2.5%,error:0.0%,other:0.0% norm_count=66880
2026-09-29 13:28:23 | [QUEUE] | iter=836 | 队列 | sample_queue=0/4 | weight_queues_pending=4/4
2026-09-29 13:28:25 | [UPDATE] | [learner] iter=837 transitions=40 completion=0.00% reward=-1.500 | cost=2.414s | lr_actor=2.749e-04 lr_critic=2.749e-04 | wv=832 stale=5 ck=ok| obj=inf completion=0.00% finite_obj=0.0% no_solution=100.0% collision=0.0% spectrum=45.0% action_range=[0.002,1.000] solver_status=optimal:0.0%,infeasible:87.5%,unknown:12.5%,error:0.0%,other:0.0% norm_count=66960
2026-09-29 13:28:25 | [QUEUE] | iter=837 | 队列 | sample_queue=0/4 | weight_queues_pending=4/4
2026-09-29 13:28:30 | [UPDATE] | [learner] iter=838 transitions=40 completion=0.00% reward=-1.550 | cost=2.004s | lr_actor=2.749e-04 lr_critic=2.749e-04 | wv=833 stale=5 ck=ok| obj=inf completion=0.00% finite_obj=0.0% no_solution=100.0% collision=0.0% spectrum=45.0% action_range=[0.000,1.000] solver_status=optimal:0.0%,infeasible:95.0%,unknown:5.0%,error:0.0%,other:0.0% norm_count=67040
2026-09-29 13:28:30 | [QUEUE] | iter=838 | 队列 | sample_queue=1/4 | weight_queues_pending=4/4
2026-09-29 13:28:33 | [UPDATE] | [learner] iter=839 transitions=40 completion=0.00% reward=-1.700 | cost=2.070s | lr_actor=2.749e-04 lr_critic=2.749e-04 | wv=834 stale=5 ck=ok| obj=inf completion=0.00% finite_obj=0.0% no_solution=100.0% collision=0.0% spectrum=57.5% action_range=[0.000,1.000] solver_status=optimal:0.0%,infeasible:95.0%,unknown:5.0%,error:0.0%,other:0.0% norm_count=67120
2026-09-29 13:28:33 | [QUEUE] | iter=839 | 队列 | sample_queue=0/4 | weight_queues_pending=4/4
2026-09-29 13:28:48 | [UPDATE] | [learner] iter=840 transitions=40 completion=0.00% reward=-1.502 | cost=2.168s | lr_actor=2.748e-04 lr_critic=2.748e-04 | wv=836 stale=4 ck=ok| obj=inf completion=0.00% finite_obj=2.5% no_solution=97.5% collision=0.0% spectrum=47.5% action_range=[0.000,0.999] solver_status=optimal:2.5%,infeasible:87.5%,unknown:10.0%,error:0.0%,other:0.0% norm_count=67200
2026-09-29 13:28:48 | [QUEUE] | iter=840 | 队列 | sample_queue=1/4 | weight_queues_pending=4/4
2026-09-29 13:28:51 | [UPDATE] | [learner] iter=841 transitions=40 completion=0.00% reward=-1.625 | cost=2.202s | lr_actor=2.748e-04 lr_critic=2.748e-04 | wv=835 stale=6 ck=ok| obj=inf completion=0.00% finite_obj=0.0% no_solution=100.0% collision=0.0% spectrum=50.0% action_range=[0.000,1.000] solver_status=optimal:0.0%,infeasible:95.0%,unknown:5.0%,error:0.0%,other:0.0% norm_count=67280
2026-09-29 13:28:51 | [QUEUE] | iter=841 | 队列 | sample_queue=0/4 | weight_queues_pending=4/4
2026-09-29 13:28:56 | [UPDATE] | [learner] iter=842 transitions=40 completion=0.00% reward=-1.400 | cost=2.163s | lr_actor=2.748e-04 lr_critic=2.748e-04 | wv=837 stale=5 ck=ok| obj=inf completion=0.00% finite_obj=0.0% no_solution=100.0% collision=0.0% spectrum=37.5% action_range=[0.001,1.000] solver_status=optimal:0.0%,infeasible:92.5%,unknown:7.5%,error:0.0%,other:0.0% norm_count=67360
2026-09-29 13:28:56 | [QUEUE] | iter=842 | 队列 | sample_queue=1/4 | weight_queues_pending=4/4
2026-09-29 13:28:59 | [UPDATE] | [learner] iter=843 transitions=40 completion=0.00% reward=-1.525 | cost=2.286s | lr_actor=2.747e-04 lr_critic=2.747e-04 | wv=837 stale=6 ck=ok| obj=inf completion=0.00% finite_obj=0.0% no_solution=100.0% collision=0.0% spectrum=45.0% action_range=[0.000,1.000] solver_status=optimal:0.0%,infeasible:92.5%,unknown:7.5%,error:0.0%,other:0.0% norm_count=67440
2026-09-29 13:28:59 | [QUEUE] | iter=843 | 队列 | sample_queue=0/4 | weight_queues_pending=4/4
2026-09-29 13:29:12 | [UPDATE] | [learner] iter=844 transitions=40 completion=0.00% reward=-1.450 | cost=2.180s | lr_actor=2.747e-04 lr_critic=2.747e-04 | wv=839 stale=5 ck=ok| obj=inf completion=0.00% finite_obj=0.0% no_solution=100.0% collision=0.0% spectrum=40.0% action_range=[0.000,0.999] solver_status=optimal:0.0%,infeasible:90.0%,unknown:10.0%,error:0.0%,other:0.0% norm_count=67520
2026-09-29 13:29:12 | [QUEUE] | iter=844 | 队列 | sample_queue=0/4 | weight_queues_pending=4/4
2026-09-29 13:29:16 | [UPDATE] | [learner] iter=845 transitions=40 completion=0.00% reward=-1.525 | cost=2.125s | lr_actor=2.747e-04 lr_critic=2.747e-04 | wv=839 stale=6 ck=ok| obj=inf completion=0.00% finite_obj=0.0% no_solution=100.0% collision=0.0% spectrum=42.5% action_range=[0.001,1.000] solver_status=optimal:0.0%,infeasible:92.5%,unknown:7.5%,error:0.0%,other:0.0% norm_count=67600
2026-09-29 13:29:16 | [QUEUE] | iter=845 | 队列 | sample_queue=0/4 | weight_queues_pending=4/4
2026-09-29 13:29:20 | [UPDATE] | [learner] iter=846 transitions=40 completion=2.50% reward=-1.204 | cost=2.071s | lr_actor=2.746e-04 lr_critic=2.746e-04 | wv=841 stale=5 ck=ok| obj=inf completion=2.50% finite_obj=2.5% no_solution=97.5% collision=0.0% spectrum=25.0% action_range=[0.000,1.000] solver_status=optimal:2.5%,infeasible:90.0%,unknown:7.5%,error:0.0%,other:0.0% norm_count=67680
2026-09-29 13:29:20 | [QUEUE] | iter=846 | 队列 | sample_queue=0/4 | weight_queues_pending=4/4
2026-09-29 13:29:24 | [UPDATE] | [learner] iter=847 transitions=40 completion=0.00% reward=-1.525 | cost=2.134s | lr_actor=2.746e-04 lr_critic=2.746e-04 | wv=841 stale=6 ck=ok| obj=inf completion=0.00% finite_obj=0.0% no_solution=100.0% collision=0.0% spectrum=50.0% action_range=[0.000,1.000] solver_status=optimal:0.0%,infeasible:87.5%,unknown:12.5%,error:0.0%,other:0.0% norm_count=67760
2026-09-29 13:29:24 | [QUEUE] | iter=847 | 队列 | sample_queue=0/4 | weight_queues_pending=4/4
2026-09-29 13:29:37 | [UPDATE] | [learner] iter=848 transitions=40 completion=0.00% reward=-1.425 | cost=2.230s | lr_actor=2.746e-04 lr_critic=2.746e-04 | wv=843 stale=5 ck=ok| obj=inf completion=0.00% finite_obj=0.0% no_solution=100.0% collision=0.0% spectrum=37.5% action_range=[0.000,0.999] solver_status=optimal:0.0%,infeasible:97.5%,unknown:2.5%,error:0.0%,other:0.0% norm_count=67840
2026-09-29 13:29:37 | [QUEUE] | iter=848 | 队列 | sample_queue=1/4 | weight_queues_pending=4/4
2026-09-29 13:29:39 | [UPDATE] | [learner] iter=849 transitions=40 completion=0.00% reward=-1.350 | cost=2.250s | lr_actor=2.746e-04 lr_critic=2.746e-04 | wv=844 stale=5 ck=ok| obj=inf completion=0.00% finite_obj=0.0% no_solution=100.0% collision=0.0% spectrum=25.0% action_range=[0.000,1.000] solver_status=optimal:0.0%,infeasible:92.5%,unknown:7.5%,error:0.0%,other:0.0% norm_count=67920
2026-09-29 13:29:39 | [QUEUE] | iter=849 | 队列 | sample_queue=0/4 | weight_queues_pending=4/4
2026-09-29 13:29:42 | [UPDATE] | [learner] iter=850 transitions=40 completion=0.00% reward=-1.500 | cost=2.344s | lr_actor=2.745e-04 lr_critic=2.745e-04 | wv=845 stale=5 ck=ok| obj=inf completion=0.00% finite_obj=0.0% no_solution=100.0% collision=0.0% spectrum=50.0% action_range=[0.001,1.000] solver_status=optimal:0.0%,infeasible:85.0%,unknown:15.0%,error:0.0%,other:0.0% norm_count=68000
2026-09-29 13:29:42 | [QUEUE] | iter=850 | 队列 | sample_queue=0/4 | weight_queues_pending=4/4
2026-09-29 13:29:52 | [UPDATE] | [learner] iter=851 transitions=40 completion=0.00% reward=-1.625 | cost=2.247s | lr_actor=2.745e-04 lr_critic=2.745e-04 | wv=846 stale=5 ck=ok| obj=inf completion=0.00% finite_obj=0.0% no_solution=100.0% collision=0.0% spectrum=60.0% action_range=[0.001,0.999] solver_status=optimal:0.0%,infeasible:92.5%,unknown:7.5%,error:0.0%,other:0.0% norm_count=68080
2026-09-29 13:29:52 | [QUEUE] | iter=851 | 队列 | sample_queue=0/4 | weight_queues_pending=4/4
2026-09-29 13:29:57 | [UPDATE] | [learner] iter=852 transitions=40 completion=0.00% reward=-1.300 | cost=2.225s | lr_actor=2.745e-04 lr_critic=2.745e-04 | wv=847 stale=5 ck=ok| obj=inf completion=0.00% finite_obj=0.0% no_solution=100.0% collision=0.0% spectrum=30.0% action_range=[0.000,1.000] solver_status=optimal:0.0%,infeasible:90.0%,unknown:10.0%,error:0.0%,other:0.0% norm_count=68160
2026-09-29 13:29:57 | [QUEUE] | iter=852 | 队列 | sample_queue=0/4 | weight_queues_pending=4/4
2026-09-29 13:30:02 | [UPDATE] | [learner] iter=853 transitions=40 completion=0.00% reward=-1.375 | cost=2.210s | lr_actor=2.744e-04 lr_critic=2.744e-04 | wv=847 stale=6 ck=ok| obj=inf completion=0.00% finite_obj=0.0% no_solution=100.0% collision=0.0% spectrum=35.0% action_range=[0.001,1.000] solver_status=optimal:0.0%,infeasible:95.0%,unknown:5.0%,error:0.0%,other:0.0% norm_count=68240
2026-09-29 13:30:02 | [QUEUE] | iter=853 | 队列 | sample_queue=0/4 | weight_queues_pending=4/4
2026-09-29 13:30:04 | [UPDATE] | [learner] iter=854 transitions=40 completion=0.00% reward=-1.379 | cost=2.128s | lr_actor=2.744e-04 lr_critic=2.744e-04 | wv=849 stale=5 ck=ok| obj=inf completion=0.00% finite_obj=2.5% no_solution=97.5% collision=0.0% spectrum=42.5% action_range=[0.001,0.999] solver_status=optimal:2.5%,infeasible:87.5%,unknown:10.0%,error:0.0%,other:0.0% norm_count=68320
2026-09-29 13:30:04 | [QUEUE] | iter=854 | 队列 | sample_queue=0/4 | weight_queues_pending=4/4
2026-09-29 13:30:18 | [UPDATE] | [learner] iter=855 transitions=40 completion=0.00% reward=-1.452 | cost=2.287s | lr_actor=2.744e-04 lr_critic=2.744e-04 | wv=850 stale=5 ck=ok| obj=inf completion=0.00% finite_obj=2.5% no_solution=97.5% collision=0.0% spectrum=45.0% action_range=[0.001,0.999] solver_status=optimal:2.5%,infeasible:90.0%,unknown:7.5%,error:0.0%,other:0.0% norm_count=68400
2026-09-29 13:30:18 | [QUEUE] | iter=855 | 队列 | sample_queue=1/4 | weight_queues_pending=4/4
2026-09-29 13:30:21 | [UPDATE] | [learner] iter=856 transitions=40 completion=2.50% reward=-1.304 | cost=2.253s | lr_actor=2.743e-04 lr_critic=2.743e-04 | wv=851 stale=5 ck=ok| obj=inf completion=2.50% finite_obj=2.5% no_solution=97.5% collision=0.0% spectrum=32.5% action_range=[0.001,1.000] solver_status=optimal:2.5%,infeasible:90.0%,unknown:7.5%,error:0.0%,other:0.0% norm_count=68480
2026-09-29 13:30:21 | [QUEUE] | iter=856 | 队列 | sample_queue=0/4 | weight_queues_pending=4/4
2026-09-29 13:30:25 | [UPDATE] | [learner] iter=857 transitions=40 completion=0.00% reward=-1.600 | cost=2.253s | lr_actor=2.743e-04 lr_critic=2.743e-04 | wv=852 stale=5 ck=ok| obj=inf completion=0.00% finite_obj=0.0% no_solution=100.0% collision=0.0% spectrum=60.0% action_range=[0.000,0.999] solver_status=optimal:0.0%,infeasible:92.5%,unknown:7.5%,error:0.0%,other:0.0% norm_count=68560
2026-09-29 13:30:25 | [QUEUE] | iter=857 | 队列 | sample_queue=1/4 | weight_queues_pending=4/4
2026-09-29 13:30:27 | [UPDATE] | [learner] iter=858 transitions=40 completion=0.00% reward=-1.425 | cost=2.128s | lr_actor=2.743e-04 lr_critic=2.743e-04 | wv=853 stale=5 ck=ok| obj=inf completion=0.00% finite_obj=0.0% no_solution=100.0% collision=0.0% spectrum=40.0% action_range=[0.000,0.999] solver_status=optimal:0.0%,infeasible:85.0%,unknown:15.0%,error:0.0%,other:0.0% norm_count=68640
2026-09-29 13:30:27 | [QUEUE] | iter=858 | 队列 | sample_queue=0/4 | weight_queues_pending=4/4
2026-09-29 13:30:44 | [UPDATE] | [learner] iter=859 transitions=40 completion=2.50% reward=-1.429 | cost=2.249s | lr_actor=2.743e-04 lr_critic=2.743e-04 | wv=854 stale=5 ck=ok| obj=inf completion=2.50% finite_obj=2.5% no_solution=97.5% collision=0.0% spectrum=47.5% action_range=[0.000,1.000] solver_status=optimal:2.5%,infeasible:95.0%,unknown:2.5%,error:0.0%,other:0.0% norm_count=68720
2026-09-29 13:30:44 | [QUEUE] | iter=859 | 队列 | sample_queue=0/4 | weight_queues_pending=4/4
2026-09-29 13:30:46 | [UPDATE] | [learner] iter=860 transitions=40 completion=0.00% reward=-1.425 | cost=2.084s | lr_actor=2.742e-04 lr_critic=2.742e-04 | wv=854 stale=6 ck=ok| obj=inf completion=0.00% finite_obj=0.0% no_solution=100.0% collision=0.0% spectrum=40.0% action_range=[0.002,1.000] solver_status=optimal:0.0%,infeasible:95.0%,unknown:5.0%,error:0.0%,other:0.0% norm_count=68800
2026-09-29 13:30:46 | [QUEUE] | iter=860 | 队列 | sample_queue=0/4 | weight_queues_pending=4/4
2026-09-29 13:30:48 | [UPDATE] | [learner] iter=861 transitions=40 completion=2.50% reward=-1.578 | cost=1.984s | lr_actor=2.742e-04 lr_critic=2.742e-04 | wv=856 stale=5 ck=ok| obj=inf completion=2.50% finite_obj=2.5% no_solution=97.5% collision=0.0% spectrum=57.5% action_range=[0.001,0.998] solver_status=optimal:2.5%,infeasible:87.5%,unknown:10.0%,error:0.0%,other:0.0% norm_count=68880
2026-09-29 13:30:48 | [QUEUE] | iter=861 | 队列 | sample_queue=0/4 | weight_queues_pending=4/4
2026-09-29 13:30:52 | [UPDATE] | [learner] iter=862 transitions=40 completion=0.00% reward=-1.600 | cost=2.165s | lr_actor=2.742e-04 lr_critic=2.742e-04 | wv=856 stale=6 ck=ok| obj=inf completion=0.00% finite_obj=0.0% no_solution=100.0% collision=0.0% spectrum=55.0% action_range=[0.000,0.999] solver_status=optimal:0.0%,infeasible:95.0%,unknown:5.0%,error:0.0%,other:0.0% norm_count=68960
2026-09-29 13:30:52 | [QUEUE] | iter=862 | 队列 | sample_queue=0/4 | weight_queues_pending=4/4
2026-09-29 13:31:10 | [UPDATE] | [learner] iter=863 transitions=40 completion=0.00% reward=-1.500 | cost=2.368s | lr_actor=2.741e-04 lr_critic=2.741e-04 | wv=858 stale=5 ck=ok| obj=inf completion=0.00% finite_obj=0.0% no_solution=100.0% collision=0.0% spectrum=45.0% action_range=[0.000,0.999] solver_status=optimal:0.0%,infeasible:92.5%,unknown:7.5%,error:0.0%,other:0.0% norm_count=69040
2026-09-29 13:31:10 | [QUEUE] | iter=863 | 队列 | sample_queue=1/4 | weight_queues_pending=4/4
2026-09-29 13:31:12 | [UPDATE] | [learner] iter=864 transitions=40 completion=0.00% reward=-1.578 | cost=2.181s | lr_actor=2.741e-04 lr_critic=2.741e-04 | wv=856 stale=8 ck=ok| obj=inf completion=0.00% finite_obj=2.5% no_solution=97.5% collision=0.0% spectrum=52.5% action_range=[0.000,0.998] solver_status=optimal:2.5%,infeasible:87.5%,unknown:10.0%,error:0.0%,other:0.0% norm_count=69120
2026-09-29 13:31:12 | [QUEUE] | iter=864 | 队列 | sample_queue=0/4 | weight_queues_pending=4/4
2026-09-29 13:31:15 | [UPDATE] | [learner] iter=865 transitions=40 completion=0.00% reward=-1.475 | cost=1.990s | lr_actor=2.741e-04 lr_critic=2.741e-04 | wv=861 stale=4 ck=ok| obj=inf completion=0.00% finite_obj=0.0% no_solution=100.0% collision=0.0% spectrum=42.5% action_range=[0.000,1.000] solver_status=optimal:0.0%,infeasible:92.5%,unknown:7.5%,error:0.0%,other:0.0% norm_count=69200
2026-09-29 13:31:15 | [QUEUE] | iter=865 | 队列 | sample_queue=1/4 | weight_queues_pending=4/4
2026-09-29 13:31:17 | [UPDATE] | [learner] iter=866 transitions=40 completion=0.00% reward=-1.300 | cost=2.210s | lr_actor=2.740e-04 lr_critic=2.740e-04 | wv=859 stale=7 ck=ok| obj=inf completion=0.00% finite_obj=0.0% no_solution=100.0% collision=0.0% spectrum=30.0% action_range=[0.000,1.000] solver_status=optimal:0.0%,infeasible:95.0%,unknown:5.0%,error:0.0%,other:0.0% norm_count=69280
2026-09-29 13:31:17 | [QUEUE] | iter=866 | 队列 | sample_queue=0/4 | weight_queues_pending=4/4
2026-09-29 13:31:32 | [UPDATE] | [learner] iter=867 transitions=40 completion=0.00% reward=-1.525 | cost=2.350s | lr_actor=2.740e-04 lr_critic=2.740e-04 | wv=862 stale=5 ck=ok| obj=inf completion=0.00% finite_obj=0.0% no_solution=100.0% collision=0.0% spectrum=50.0% action_range=[0.000,1.000] solver_status=optimal:0.0%,infeasible:92.5%,unknown:7.5%,error:0.0%,other:0.0% norm_count=69360
2026-09-29 13:31:32 | [QUEUE] | iter=867 | 队列 | sample_queue=0/4 | weight_queues_pending=4/4
2026-09-29 13:31:36 | [UPDATE] | [learner] iter=868 transitions=40 completion=0.00% reward=-1.425 | cost=2.488s | lr_actor=2.740e-04 lr_critic=2.740e-04 | wv=856 stale=12 ck=ok| obj=inf completion=0.00% finite_obj=0.0% no_solution=100.0% collision=0.0% spectrum=40.0% action_range=[0.000,1.000] solver_status=optimal:0.0%,infeasible:87.5%,unknown:12.5%,error:0.0%,other:0.0% norm_count=69440
2026-09-29 13:31:36 | [QUEUE] | iter=868 | 队列 | sample_queue=1/4 | weight_queues_pending=4/4
2026-09-29 13:31:38 | [UPDATE] | [learner] iter=869 transitions=40 completion=0.00% reward=-1.550 | cost=2.020s | lr_actor=2.740e-04 lr_critic=2.740e-04 | wv=864 stale=5 ck=ok| obj=inf completion=0.00% finite_obj=0.0% no_solution=100.0% collision=0.0% spectrum=45.0% action_range=[0.000,1.000] solver_status=optimal:0.0%,infeasible:92.5%,unknown:7.5%,error:0.0%,other:0.0% norm_count=69520
2026-09-29 13:31:38 | [QUEUE] | iter=869 | 队列 | sample_queue=0/4 | weight_queues_pending=4/4
2026-09-29 13:31:43 | [UPDATE] | [learner] iter=870 transitions=40 completion=0.00% reward=-1.450 | cost=2.037s | lr_actor=2.739e-04 lr_critic=2.739e-04 | wv=864 stale=6 ck=ok| obj=inf completion=0.00% finite_obj=0.0% no_solution=100.0% collision=0.0% spectrum=37.5% action_range=[0.000,1.000] solver_status=optimal:0.0%,infeasible:90.0%,unknown:10.0%,error:0.0%,other:0.0% norm_count=69600
2026-09-29 13:31:43 | [QUEUE] | iter=870 | 队列 | sample_queue=0/4 | weight_queues_pending=4/4
2026-09-29 13:31:55 | [UPDATE] | [learner] iter=871 transitions=40 completion=0.00% reward=-1.175 | cost=2.105s | lr_actor=2.739e-04 lr_critic=2.739e-04 | wv=866 stale=5 ck=ok| obj=inf completion=0.00% finite_obj=0.0% no_solution=100.0% collision=0.0% spectrum=17.5% action_range=[0.000,1.000] solver_status=optimal:0.0%,infeasible:90.0%,unknown:10.0%,error:0.0%,other:0.0% norm_count=69680
2026-09-29 13:31:55 | [QUEUE] | iter=871 | 队列 | sample_queue=0/4 | weight_queues_pending=4/4
2026-09-29 13:32:01 | [UPDATE] | [learner] iter=872 transitions=40 completion=2.50% reward=-1.429 | cost=2.541s | lr_actor=2.739e-04 lr_critic=2.739e-04 | wv=867 stale=5 ck=ok| obj=inf completion=2.50% finite_obj=2.5% no_solution=97.5% collision=0.0% spectrum=40.0% action_range=[0.001,1.000] solver_status=optimal:2.5%,infeasible:90.0%,unknown:7.5%,error:0.0%,other:0.0% norm_count=69760
2026-09-29 13:32:01 | [QUEUE] | iter=872 | 队列 | sample_queue=0/4 | weight_queues_pending=4/4
2026-09-29 13:32:05 | [UPDATE] | [learner] iter=873 transitions=40 completion=0.00% reward=-1.625 | cost=2.145s | lr_actor=2.738e-04 lr_critic=2.738e-04 | wv=867 stale=6 ck=ok| obj=inf completion=0.00% finite_obj=0.0% no_solution=100.0% collision=0.0% spectrum=60.0% action_range=[0.000,1.000] solver_status=optimal:0.0%,infeasible:90.0%,unknown:10.0%,error:0.0%,other:0.0% norm_count=69840
2026-09-29 13:32:05 | [QUEUE] | iter=873 | 队列 | sample_queue=0/4 | weight_queues_pending=4/4
2026-09-29 13:32:10 | [UPDATE] | [learner] iter=874 transitions=40 completion=0.00% reward=-1.400 | cost=1.996s | lr_actor=2.738e-04 lr_critic=2.738e-04 | wv=869 stale=5 ck=ok| obj=inf completion=0.00% finite_obj=0.0% no_solution=100.0% collision=0.0% spectrum=35.0% action_range=[0.000,0.999] solver_status=optimal:0.0%,infeasible:95.0%,unknown:5.0%,error:0.0%,other:0.0% norm_count=69920
2026-09-29 13:32:10 | [QUEUE] | iter=874 | 队列 | sample_queue=0/4 | weight_queues_pending=4/4
2026-09-29 13:32:20 | [UPDATE] | [learner] iter=875 transitions=40 completion=0.00% reward=-1.450 | cost=1.972s | lr_actor=2.738e-04 lr_critic=2.738e-04 | wv=870 stale=5 ck=ok| obj=inf completion=0.00% finite_obj=0.0% no_solution=100.0% collision=0.0% spectrum=40.0% action_range=[0.001,0.999] solver_status=optimal:0.0%,infeasible:95.0%,unknown:5.0%,error:0.0%,other:0.0% norm_count=70000
2026-09-29 13:32:20 | [QUEUE] | iter=875 | 队列 | sample_queue=0/4 | weight_queues_pending=4/4
2026-09-29 13:32:23 | [UPDATE] | [learner] iter=876 transitions=40 completion=0.00% reward=-1.375 | cost=2.058s | lr_actor=2.737e-04 lr_critic=2.737e-04 | wv=871 stale=5 ck=ok| obj=inf completion=0.00% finite_obj=0.0% no_solution=100.0% collision=0.0% spectrum=35.0% action_range=[0.001,1.000] solver_status=optimal:0.0%,infeasible:92.5%,unknown:7.5%,error:0.0%,other:0.0% norm_count=70080
2026-09-29 13:32:23 | [QUEUE] | iter=876 | 队列 | sample_queue=0/4 | weight_queues_pending=4/4
2026-09-29 13:32:29 | [UPDATE] | [learner] iter=877 transitions=40 completion=0.00% reward=-1.225 | cost=2.353s | lr_actor=2.737e-04 lr_critic=2.737e-04 | wv=872 stale=5 ck=ok| obj=inf completion=0.00% finite_obj=0.0% no_solution=100.0% collision=0.0% spectrum=22.5% action_range=[0.000,1.000] solver_status=optimal:0.0%,infeasible:92.5%,unknown:7.5%,error:0.0%,other:0.0% norm_count=70160
2026-09-29 13:32:29 | [QUEUE] | iter=877 | 队列 | sample_queue=0/4 | weight_queues_pending=4/4
2026-09-29 13:32:36 | [UPDATE] | [learner] iter=878 transitions=40 completion=0.00% reward=-1.453 | cost=2.173s | lr_actor=2.737e-04 lr_critic=2.737e-04 | wv=873 stale=5 ck=ok| obj=inf completion=0.00% finite_obj=2.5% no_solution=97.5% collision=0.0% spectrum=42.5% action_range=[0.000,0.997] solver_status=optimal:2.5%,infeasible:90.0%,unknown:7.5%,error:0.0%,other:0.0% norm_count=70240
2026-09-29 13:32:36 | [QUEUE] | iter=878 | 队列 | sample_queue=0/4 | weight_queues_pending=4/4
2026-09-29 13:32:43 | [UPDATE] | [learner] iter=879 transitions=40 completion=0.00% reward=-1.600 | cost=2.180s | lr_actor=2.737e-04 lr_critic=2.737e-04 | wv=874 stale=5 ck=ok| obj=inf completion=0.00% finite_obj=0.0% no_solution=100.0% collision=0.0% spectrum=52.5% action_range=[0.000,1.000] solver_status=optimal:0.0%,infeasible:90.0%,unknown:10.0%,error:0.0%,other:0.0% norm_count=70320
2026-09-29 13:32:43 | [QUEUE] | iter=879 | 队列 | sample_queue=0/4 | weight_queues_pending=4/4
2026-09-29 13:32:46 | [UPDATE] | [learner] iter=880 transitions=40 completion=0.00% reward=-1.500 | cost=2.226s | lr_actor=2.736e-04 lr_critic=2.736e-04 | wv=875 stale=5 ck=ok| obj=inf completion=0.00% finite_obj=0.0% no_solution=100.0% collision=0.0% spectrum=47.5% action_range=[0.001,0.998] solver_status=optimal:0.0%,infeasible:92.5%,unknown:7.5%,error:0.0%,other:0.0% norm_count=70400
2026-09-29 13:32:46 | [QUEUE] | iter=880 | 队列 | sample_queue=0/4 | weight_queues_pending=4/4
2026-09-29 13:32:54 | [UPDATE] | [learner] iter=881 transitions=40 completion=0.00% reward=-1.400 | cost=2.194s | lr_actor=2.736e-04 lr_critic=2.736e-04 | wv=876 stale=5 ck=ok| obj=inf completion=0.00% finite_obj=0.0% no_solution=100.0% collision=0.0% spectrum=40.0% action_range=[0.000,1.000] solver_status=optimal:0.0%,infeasible:92.5%,unknown:7.5%,error:0.0%,other:0.0% norm_count=70480
2026-09-29 13:32:54 | [QUEUE] | iter=881 | 队列 | sample_queue=0/4 | weight_queues_pending=4/4
2026-09-29 13:33:02 | [UPDATE] | [learner] iter=882 transitions=40 completion=0.00% reward=-1.428 | cost=2.578s | lr_actor=2.736e-04 lr_critic=2.736e-04 | wv=877 stale=5 ck=ok| obj=inf completion=0.00% finite_obj=2.5% no_solution=97.5% collision=0.0% spectrum=42.5% action_range=[0.001,0.999] solver_status=optimal:2.5%,infeasible:90.0%,unknown:7.5%,error:0.0%,other:0.0% norm_count=70560
2026-09-29 13:33:02 | [QUEUE] | iter=882 | 队列 | sample_queue=0/4 | weight_queues_pending=4/4
2026-09-29 13:33:05 | [UPDATE] | [learner] iter=883 transitions=40 completion=0.00% reward=-1.425 | cost=2.328s | lr_actor=2.735e-04 lr_critic=2.735e-04 | wv=878 stale=5 ck=ok| obj=inf completion=0.00% finite_obj=0.0% no_solution=100.0% collision=0.0% spectrum=40.0% action_range=[0.000,1.000] solver_status=optimal:0.0%,infeasible:97.5%,unknown:2.5%,error:0.0%,other:0.0% norm_count=70640
2026-09-29 13:33:05 | [QUEUE] | iter=883 | 队列 | sample_queue=0/4 | weight_queues_pending=4/4
2026-09-29 13:33:13 | [UPDATE] | [learner] iter=884 transitions=40 completion=0.00% reward=-1.375 | cost=2.271s | lr_actor=2.735e-04 lr_critic=2.735e-04 | wv=879 stale=5 ck=ok| obj=inf completion=0.00% finite_obj=0.0% no_solution=100.0% collision=0.0% spectrum=37.5% action_range=[0.000,1.000] solver_status=optimal:0.0%,infeasible:92.5%,unknown:7.5%,error:0.0%,other:0.0% norm_count=70720
2026-09-29 13:33:13 | [QUEUE] | iter=884 | 队列 | sample_queue=0/4 | weight_queues_pending=4/4
2026-09-29 13:33:19 | [UPDATE] | [learner] iter=885 transitions=40 completion=0.00% reward=-1.375 | cost=2.486s | lr_actor=2.735e-04 lr_critic=2.735e-04 | wv=880 stale=5 ck=ok| obj=inf completion=0.00% finite_obj=0.0% no_solution=100.0% collision=0.0% spectrum=37.5% action_range=[0.001,1.000] solver_status=optimal:0.0%,infeasible:90.0%,unknown:10.0%,error:0.0%,other:0.0% norm_count=70800
2026-09-29 13:33:19 | [QUEUE] | iter=885 | 队列 | sample_queue=0/4 | weight_queues_pending=4/4
2026-09-29 13:33:28 | [UPDATE] | [learner] iter=886 transitions=40 completion=0.00% reward=-1.425 | cost=2.186s | lr_actor=2.734e-04 lr_critic=2.734e-04 | wv=881 stale=5 ck=ok| obj=inf completion=0.00% finite_obj=0.0% no_solution=100.0% collision=0.0% spectrum=37.5% action_range=[0.001,1.000] solver_status=optimal:0.0%,infeasible:90.0%,unknown:10.0%,error:0.0%,other:0.0% norm_count=70880
2026-09-29 13:33:28 | [QUEUE] | iter=886 | 队列 | sample_queue=1/4 | weight_queues_pending=4/4
2026-09-29 13:33:31 | [UPDATE] | [learner] iter=887 transitions=40 completion=2.50% reward=-1.402 | cost=2.484s | lr_actor=2.734e-04 lr_critic=2.734e-04 | wv=882 stale=5 ck=ok| obj=inf completion=2.50% finite_obj=2.5% no_solution=97.5% collision=0.0% spectrum=40.0% action_range=[0.000,1.000] solver_status=optimal:2.5%,infeasible:90.0%,unknown:7.5%,error:0.0%,other:0.0% norm_count=70960
2026-09-29 13:33:31 | [QUEUE] | iter=887 | 队列 | sample_queue=0/4 | weight_queues_pending=4/4
2026-09-29 13:33:37 | [UPDATE] | [learner] iter=888 transitions=40 completion=0.00% reward=-1.500 | cost=2.251s | lr_actor=2.734e-04 lr_critic=2.734e-04 | wv=883 stale=5 ck=ok| obj=inf completion=0.00% finite_obj=0.0% no_solution=100.0% collision=0.0% spectrum=42.5% action_range=[0.001,1.000] solver_status=optimal:0.0%,infeasible:92.5%,unknown:7.5%,error:0.0%,other:0.0% norm_count=71040
2026-09-29 13:33:37 | [QUEUE] | iter=888 | 队列 | sample_queue=0/4 | weight_queues_pending=4/4
2026-09-29 13:33:44 | [UPDATE] | [learner] iter=889 transitions=40 completion=2.50% reward=-1.431 | cost=2.610s | lr_actor=2.734e-04 lr_critic=2.734e-04 | wv=884 stale=5 ck=ok| obj=inf completion=2.50% finite_obj=5.0% no_solution=95.0% collision=0.0% spectrum=45.0% action_range=[0.001,1.000] solver_status=optimal:5.0%,infeasible:87.5%,unknown:7.5%,error:0.0%,other:0.0% norm_count=71120
2026-09-29 13:33:44 | [QUEUE] | iter=889 | 队列 | sample_queue=0/4 | weight_queues_pending=4/4
2026-09-29 13:33:53 | [UPDATE] | [learner] iter=890 transitions=40 completion=0.00% reward=-1.525 | cost=2.342s | lr_actor=2.733e-04 lr_critic=2.733e-04 | wv=885 stale=5 ck=ok| obj=inf completion=0.00% finite_obj=0.0% no_solution=100.0% collision=0.0% spectrum=47.5% action_range=[0.000,0.998] solver_status=optimal:0.0%,infeasible:87.5%,unknown:12.5%,error:0.0%,other:0.0% norm_count=71200
2026-09-29 13:33:53 | [QUEUE] | iter=890 | 队列 | sample_queue=0/4 | weight_queues_pending=4/4
2026-09-29 13:33:56 | [UPDATE] | [learner] iter=891 transitions=40 completion=0.00% reward=-1.375 | cost=2.166s | lr_actor=2.733e-04 lr_critic=2.733e-04 | wv=885 stale=6 ck=ok| obj=inf completion=0.00% finite_obj=0.0% no_solution=100.0% collision=0.0% spectrum=37.5% action_range=[0.002,1.000] solver_status=optimal:0.0%,infeasible:90.0%,unknown:10.0%,error:0.0%,other:0.0% norm_count=71280
2026-09-29 13:33:56 | [QUEUE] | iter=891 | 队列 | sample_queue=0/4 | weight_queues_pending=4/4
2026-09-29 13:33:59 | [UPDATE] | [learner] iter=892 transitions=40 completion=2.50% reward=-1.252 | cost=2.345s | lr_actor=2.733e-04 lr_critic=2.733e-04 | wv=887 stale=5 ck=ok| obj=inf completion=2.50% finite_obj=2.5% no_solution=97.5% collision=0.0% spectrum=30.0% action_range=[0.002,0.998] solver_status=optimal:2.5%,infeasible:92.5%,unknown:5.0%,error:0.0%,other:0.0% norm_count=71360
2026-09-29 13:33:59 | [QUEUE] | iter=892 | 队列 | sample_queue=0/4 | weight_queues_pending=4/4
2026-09-29 13:34:07 | [UPDATE] | [learner] iter=893 transitions=40 completion=0.00% reward=-1.375 | cost=2.033s | lr_actor=2.732e-04 lr_critic=2.732e-04 | wv=888 stale=5 ck=ok| obj=inf completion=0.00% finite_obj=0.0% no_solution=100.0% collision=0.0% spectrum=35.0% action_range=[0.001,1.000] solver_status=optimal:0.0%,infeasible:85.0%,unknown:15.0%,error:0.0%,other:0.0% norm_count=71440
2026-09-29 13:34:07 | [QUEUE] | iter=893 | 队列 | sample_queue=0/4 | weight_queues_pending=4/4
2026-09-29 13:34:15 | [UPDATE] | [learner] iter=894 transitions=40 completion=0.00% reward=-1.475 | cost=1.943s | lr_actor=2.732e-04 lr_critic=2.732e-04 | wv=889 stale=5 ck=ok| obj=inf completion=0.00% finite_obj=0.0% no_solution=100.0% collision=0.0% spectrum=42.5% action_range=[0.000,0.999] solver_status=optimal:0.0%,infeasible:92.5%,unknown:7.5%,error:0.0%,other:0.0% norm_count=71520
2026-09-29 13:34:15 | [QUEUE] | iter=894 | 队列 | sample_queue=0/4 | weight_queues_pending=4/4
2026-09-29 13:34:20 | [UPDATE] | [learner] iter=895 transitions=40 completion=0.00% reward=-1.350 | cost=1.997s | lr_actor=2.732e-04 lr_critic=2.732e-04 | wv=891 stale=4 ck=ok| obj=inf completion=0.00% finite_obj=0.0% no_solution=100.0% collision=0.0% spectrum=35.0% action_range=[0.000,1.000] solver_status=optimal:0.0%,infeasible:90.0%,unknown:10.0%,error:0.0%,other:0.0% norm_count=71600
2026-09-29 13:34:20 | [QUEUE] | iter=895 | 队列 | sample_queue=0/4 | weight_queues_pending=4/4
2026-09-29 13:34:26 | [UPDATE] | [learner] iter=896 transitions=40 completion=0.00% reward=-1.475 | cost=2.084s | lr_actor=2.731e-04 lr_critic=2.731e-04 | wv=890 stale=6 ck=ok| obj=inf completion=0.00% finite_obj=0.0% no_solution=100.0% collision=0.0% spectrum=45.0% action_range=[0.000,0.999] solver_status=optimal:0.0%,infeasible:95.0%,unknown:5.0%,error:0.0%,other:0.0% norm_count=71680
2026-09-29 13:34:26 | [QUEUE] | iter=896 | 队列 | sample_queue=0/4 | weight_queues_pending=4/4
2026-09-29 13:34:32 | [UPDATE] | [learner] iter=897 transitions=40 completion=0.00% reward=-1.501 | cost=2.312s | lr_actor=2.731e-04 lr_critic=2.731e-04 | wv=892 stale=5 ck=ok| obj=inf completion=0.00% finite_obj=2.5% no_solution=97.5% collision=0.0% spectrum=52.5% action_range=[0.000,1.000] solver_status=optimal:2.5%,infeasible:87.5%,unknown:10.0%,error:0.0%,other:0.0% norm_count=71760
2026-09-29 13:34:32 | [QUEUE] | iter=897 | 队列 | sample_queue=0/4 | weight_queues_pending=4/4
2026-09-29 13:34:40 | [UPDATE] | [learner] iter=898 transitions=40 completion=2.50% reward=-1.328 | cost=2.377s | lr_actor=2.731e-04 lr_critic=2.731e-04 | wv=893 stale=5 ck=ok| obj=inf completion=2.50% finite_obj=2.5% no_solution=97.5% collision=0.0% spectrum=35.0% action_range=[0.001,1.000] solver_status=optimal:2.5%,infeasible:82.5%,unknown:15.0%,error:0.0%,other:0.0% norm_count=71840
2026-09-29 13:34:40 | [QUEUE] | iter=898 | 队列 | sample_queue=0/4 | weight_queues_pending=4/4
2026-09-29 13:34:45 | [UPDATE] | [learner] iter=899 transitions=40 completion=0.00% reward=-1.475 | cost=2.387s | lr_actor=2.731e-04 lr_critic=2.731e-04 | wv=894 stale=5 ck=ok| obj=inf completion=0.00% finite_obj=0.0% no_solution=100.0% collision=0.0% spectrum=42.5% action_range=[0.000,0.999] solver_status=optimal:0.0%,infeasible:97.5%,unknown:2.5%,error:0.0%,other:0.0% norm_count=71920
2026-09-29 13:34:45 | [QUEUE] | iter=899 | 队列 | sample_queue=0/4 | weight_queues_pending=4/4
2026-09-29 13:34:55 | [UPDATE] | [learner] iter=900 transitions=40 completion=0.00% reward=-1.625 | cost=2.385s | lr_actor=2.730e-04 lr_critic=2.730e-04 | wv=895 stale=5 ck=ok| obj=inf completion=0.00% finite_obj=0.0% no_solution=100.0% collision=0.0% spectrum=47.5% action_range=[0.000,0.999] solver_status=optimal:0.0%,infeasible:95.0%,unknown:5.0%,error:0.0%,other:0.0% norm_count=72000
2026-09-29 13:34:55 | [QUEUE] | iter=900 | 队列 | sample_queue=1/4 | weight_queues_pending=4/4
2026-09-29 13:34:57 | [UPDATE] | [learner] iter=901 transitions=40 completion=0.00% reward=-1.550 | cost=2.252s | lr_actor=2.730e-04 lr_critic=2.730e-04 | wv=896 stale=5 ck=ok| obj=inf completion=0.00% finite_obj=0.0% no_solution=100.0% collision=0.0% spectrum=47.5% action_range=[0.001,1.000] solver_status=optimal:0.0%,infeasible:92.5%,unknown:7.5%,error:0.0%,other:0.0% norm_count=72080
2026-09-29 13:34:57 | [QUEUE] | iter=901 | 队列 | sample_queue=0/4 | weight_queues_pending=4/4
2026-09-29 13:35:02 | [UPDATE] | [learner] iter=902 transitions=40 completion=2.50% reward=-1.378 | cost=2.081s | lr_actor=2.730e-04 lr_critic=2.730e-04 | wv=897 stale=5 ck=ok| obj=inf completion=2.50% finite_obj=5.0% no_solution=95.0% collision=0.0% spectrum=47.5% action_range=[0.000,0.999] solver_status=optimal:5.0%,infeasible:90.0%,unknown:5.0%,error:0.0%,other:0.0% norm_count=72160
2026-09-29 13:35:02 | [QUEUE] | iter=902 | 队列 | sample_queue=0/4 | weight_queues_pending=4/4
2026-09-29 13:35:09 | [UPDATE] | [learner] iter=903 transitions=40 completion=0.00% reward=-1.301 | cost=1.975s | lr_actor=2.729e-04 lr_critic=2.729e-04 | wv=898 stale=5 ck=ok| obj=inf completion=0.00% finite_obj=2.5% no_solution=97.5% collision=0.0% spectrum=32.5% action_range=[0.000,1.000] solver_status=optimal:2.5%,infeasible:95.0%,unknown:2.5%,error:0.0%,other:0.0% norm_count=72240
2026-09-29 13:35:09 | [QUEUE] | iter=903 | 队列 | sample_queue=0/4 | weight_queues_pending=4/4
2026-09-29 13:35:19 | [UPDATE] | [learner] iter=904 transitions=40 completion=0.00% reward=-1.428 | cost=2.454s | lr_actor=2.729e-04 lr_critic=2.729e-04 | wv=899 stale=5 ck=ok| obj=inf completion=0.00% finite_obj=2.5% no_solution=97.5% collision=0.0% spectrum=40.0% action_range=[0.000,0.998] solver_status=optimal:2.5%,infeasible:87.5%,unknown:10.0%,error:0.0%,other:0.0% norm_count=72320
2026-09-29 13:35:19 | [QUEUE] | iter=904 | 队列 | sample_queue=0/4 | weight_queues_pending=4/4
2026-09-29 13:35:21 | [UPDATE] | [learner] iter=905 transitions=40 completion=0.00% reward=-1.350 | cost=2.186s | lr_actor=2.729e-04 lr_critic=2.729e-04 | wv=899 stale=6 ck=ok| obj=inf completion=0.00% finite_obj=0.0% no_solution=100.0% collision=0.0% spectrum=32.5% action_range=[0.001,1.000] solver_status=optimal:0.0%,infeasible:95.0%,unknown:5.0%,error:0.0%,other:0.0% norm_count=72400
2026-09-29 13:35:21 | [QUEUE] | iter=905 | 队列 | sample_queue=0/4 | weight_queues_pending=4/4
2026-09-29 13:35:26 | [UPDATE] | [learner] iter=906 transitions=40 completion=0.00% reward=-1.400 | cost=2.110s | lr_actor=2.728e-04 lr_critic=2.728e-04 | wv=901 stale=5 ck=ok| obj=inf completion=0.00% finite_obj=0.0% no_solution=100.0% collision=0.0% spectrum=37.5% action_range=[0.000,1.000] solver_status=optimal:0.0%,infeasible:92.5%,unknown:7.5%,error:0.0%,other:0.0% norm_count=72480
2026-09-29 13:35:26 | [QUEUE] | iter=906 | 队列 | sample_queue=0/4 | weight_queues_pending=4/4
2026-09-29 13:35:33 | [UPDATE] | [learner] iter=907 transitions=40 completion=0.00% reward=-1.575 | cost=2.117s | lr_actor=2.728e-04 lr_critic=2.728e-04 | wv=902 stale=5 ck=ok| obj=inf completion=0.00% finite_obj=0.0% no_solution=100.0% collision=0.0% spectrum=52.5% action_range=[0.000,1.000] solver_status=optimal:0.0%,infeasible:97.5%,unknown:2.5%,error:0.0%,other:0.0% norm_count=72560
2026-09-29 13:35:33 | [QUEUE] | iter=907 | 队列 | sample_queue=0/4 | weight_queues_pending=4/4
2026-09-29 13:35:45 | [UPDATE] | [learner] iter=908 transitions=40 completion=2.50% reward=-1.504 | cost=2.411s | lr_actor=2.728e-04 lr_critic=2.728e-04 | wv=903 stale=5 ck=ok| obj=inf completion=2.50% finite_obj=2.5% no_solution=97.5% collision=0.0% spectrum=42.5% action_range=[0.000,0.999] solver_status=optimal:2.5%,infeasible:97.5%,unknown:0.0%,error:0.0%,other:0.0% norm_count=72640
2026-09-29 13:35:45 | [QUEUE] | iter=908 | 队列 | sample_queue=0/4 | weight_queues_pending=4/4
2026-09-29 13:35:49 | [UPDATE] | [learner] iter=909 transitions=40 completion=0.00% reward=-1.600 | cost=1.973s | lr_actor=2.728e-04 lr_critic=2.728e-04 | wv=905 stale=4 ck=ok| obj=inf completion=0.00% finite_obj=0.0% no_solution=100.0% collision=0.0% spectrum=50.0% action_range=[0.000,1.000] solver_status=optimal:0.0%,infeasible:90.0%,unknown:10.0%,error:0.0%,other:0.0% norm_count=72720
2026-09-29 13:35:49 | [QUEUE] | iter=909 | 队列 | sample_queue=1/4 | weight_queues_pending=4/4
2026-09-29 13:35:51 | [UPDATE] | [learner] iter=910 transitions=40 completion=0.00% reward=-1.375 | cost=2.207s | lr_actor=2.727e-04 lr_critic=2.727e-04 | wv=904 stale=6 ck=ok| obj=inf completion=0.00% finite_obj=0.0% no_solution=100.0% collision=0.0% spectrum=35.0% action_range=[0.000,1.000] solver_status=optimal:0.0%,infeasible:100.0%,unknown:0.0%,error:0.0%,other:0.0% norm_count=72800
2026-09-29 13:35:51 | [QUEUE] | iter=910 | 队列 | sample_queue=0/4 | weight_queues_pending=4/4
2026-09-29 13:35:59 | [UPDATE] | [learner] iter=911 transitions=40 completion=0.00% reward=-1.525 | cost=2.297s | lr_actor=2.727e-04 lr_critic=2.727e-04 | wv=906 stale=5 ck=ok| obj=inf completion=0.00% finite_obj=0.0% no_solution=100.0% collision=0.0% spectrum=42.5% action_range=[0.000,0.999] solver_status=optimal:0.0%,infeasible:95.0%,unknown:5.0%,error:0.0%,other:0.0% norm_count=72880
2026-09-29 13:35:59 | [QUEUE] | iter=911 | 队列 | sample_queue=0/4 | weight_queues_pending=4/4
2026-09-29 13:36:11 | [UPDATE] | [learner] iter=912 transitions=40 completion=0.00% reward=-1.500 | cost=2.196s | lr_actor=2.727e-04 lr_critic=2.727e-04 | wv=907 stale=5 ck=ok| obj=inf completion=0.00% finite_obj=0.0% no_solution=100.0% collision=0.0% spectrum=45.0% action_range=[0.001,1.000] solver_status=optimal:0.0%,infeasible:92.5%,unknown:7.5%,error:0.0%,other:0.0% norm_count=72960
2026-09-29 13:36:11 | [QUEUE] | iter=912 | 队列 | sample_queue=1/4 | weight_queues_pending=4/4
2026-09-29 13:36:14 | [UPDATE] | [learner] iter=913 transitions=40 completion=0.00% reward=-1.525 | cost=2.604s | lr_actor=2.726e-04 lr_critic=2.726e-04 | wv=908 stale=5 ck=ok| obj=inf completion=0.00% finite_obj=0.0% no_solution=100.0% collision=0.0% spectrum=45.0% action_range=[0.001,1.000] solver_status=optimal:0.0%,infeasible:92.5%,unknown:7.5%,error:0.0%,other:0.0% norm_count=73040
2026-09-29 13:36:14 | [QUEUE] | iter=913 | 队列 | sample_queue=0/4 | weight_queues_pending=4/4
2026-09-29 13:36:17 | [UPDATE] | [learner] iter=914 transitions=40 completion=0.00% reward=-1.400 | cost=2.307s | lr_actor=2.726e-04 lr_critic=2.726e-04 | wv=908 stale=6 ck=ok| obj=inf completion=0.00% finite_obj=0.0% no_solution=100.0% collision=0.0% spectrum=35.0% action_range=[0.000,1.000] solver_status=optimal:0.0%,infeasible:95.0%,unknown:5.0%,error:0.0%,other:0.0% norm_count=73120
2026-09-29 13:36:17 | [QUEUE] | iter=914 | 队列 | sample_queue=0/4 | weight_queues_pending=4/4
2026-09-29 13:36:21 | [UPDATE] | [learner] iter=915 transitions=40 completion=0.00% reward=-1.400 | cost=2.212s | lr_actor=2.726e-04 lr_critic=2.726e-04 | wv=910 stale=5 ck=ok| obj=inf completion=0.00% finite_obj=0.0% no_solution=100.0% collision=0.0% spectrum=40.0% action_range=[0.001,1.000] solver_status=optimal:0.0%,infeasible:92.5%,unknown:7.5%,error:0.0%,other:0.0% norm_count=73200
2026-09-29 13:36:21 | [QUEUE] | iter=915 | 队列 | sample_queue=0/4 | weight_queues_pending=4/4
2026-09-29 13:36:36 | [UPDATE] | [learner] iter=916 transitions=40 completion=0.00% reward=-1.500 | cost=2.046s | lr_actor=2.725e-04 lr_critic=2.725e-04 | wv=911 stale=5 ck=ok| obj=inf completion=0.00% finite_obj=0.0% no_solution=100.0% collision=0.0% spectrum=45.0% action_range=[0.000,1.000] solver_status=optimal:0.0%,infeasible:95.0%,unknown:5.0%,error:0.0%,other:0.0% norm_count=73280
2026-09-29 13:36:36 | [QUEUE] | iter=916 | 队列 | sample_queue=0/4 | weight_queues_pending=4/4
2026-09-29 13:36:38 | [UPDATE] | [learner] iter=917 transitions=40 completion=0.00% reward=-1.550 | cost=2.443s | lr_actor=2.725e-04 lr_critic=2.725e-04 | wv=911 stale=6 ck=ok| obj=inf completion=0.00% finite_obj=0.0% no_solution=100.0% collision=0.0% spectrum=52.5% action_range=[0.000,0.999] solver_status=optimal:0.0%,infeasible:95.0%,unknown:5.0%,error:0.0%,other:0.0% norm_count=73360
2026-09-29 13:36:38 | [QUEUE] | iter=917 | 队列 | sample_queue=0/4 | weight_queues_pending=4/4
2026-09-29 13:36:43 | [UPDATE] | [learner] iter=918 transitions=40 completion=0.00% reward=-1.325 | cost=2.155s | lr_actor=2.725e-04 lr_critic=2.725e-04 | wv=913 stale=5 ck=ok| obj=inf completion=0.00% finite_obj=0.0% no_solution=100.0% collision=0.0% spectrum=32.5% action_range=[0.000,1.000] solver_status=optimal:0.0%,infeasible:95.0%,unknown:5.0%,error:0.0%,other:0.0% norm_count=73440
2026-09-29 13:36:43 | [QUEUE] | iter=918 | 队列 | sample_queue=1/4 | weight_queues_pending=4/4
2026-09-29 13:36:45 | [UPDATE] | [learner] iter=919 transitions=40 completion=2.50% reward=-1.478 | cost=1.853s | lr_actor=2.725e-04 lr_critic=2.725e-04 | wv=914 stale=5 ck=ok| obj=inf completion=2.50% finite_obj=2.5% no_solution=97.5% collision=0.0% spectrum=47.5% action_range=[0.000,0.999] solver_status=optimal:2.5%,infeasible:85.0%,unknown:12.5%,error:0.0%,other:0.0% norm_count=73520
2026-09-29 13:36:45 | [QUEUE] | iter=919 | 队列 | sample_queue=0/4 | weight_queues_pending=4/4
2026-09-29 13:37:00 | [UPDATE] | [learner] iter=920 transitions=40 completion=0.00% reward=-1.275 | cost=2.129s | lr_actor=2.724e-04 lr_critic=2.724e-04 | wv=915 stale=5 ck=ok| obj=inf completion=0.00% finite_obj=0.0% no_solution=100.0% collision=0.0% spectrum=25.0% action_range=[0.000,0.999] solver_status=optimal:0.0%,infeasible:95.0%,unknown:5.0%,error:0.0%,other:0.0% norm_count=73600
2026-09-29 13:37:00 | [QUEUE] | iter=920 | 队列 | sample_queue=1/4 | weight_queues_pending=4/4
2026-09-29 13:37:03 | [UPDATE] | [learner] iter=921 transitions=40 completion=0.00% reward=-1.500 | cost=2.364s | lr_actor=2.724e-04 lr_critic=2.724e-04 | wv=916 stale=5 ck=ok| obj=inf completion=0.00% finite_obj=0.0% no_solution=100.0% collision=0.0% spectrum=45.0% action_range=[0.001,0.999] solver_status=optimal:0.0%,infeasible:90.0%,unknown:10.0%,error:0.0%,other:0.0% norm_count=73680
2026-09-29 13:37:03 | [QUEUE] | iter=921 | 队列 | sample_queue=0/4 | weight_queues_pending=4/4
2026-09-29 13:37:07 | [UPDATE] | [learner] iter=922 transitions=40 completion=0.00% reward=-1.450 | cost=2.330s | lr_actor=2.724e-04 lr_critic=2.724e-04 | wv=917 stale=5 ck=ok| obj=inf completion=0.00% finite_obj=0.0% no_solution=100.0% collision=0.0% spectrum=42.5% action_range=[0.000,0.999] solver_status=optimal:0.0%,infeasible:87.5%,unknown:12.5%,error:0.0%,other:0.0% norm_count=73760
2026-09-29 13:37:07 | [QUEUE] | iter=922 | 队列 | sample_queue=0/4 | weight_queues_pending=4/4
2026-09-29 13:37:09 | [UPDATE] | [learner] iter=923 transitions=40 completion=0.00% reward=-1.375 | cost=2.264s | lr_actor=2.723e-04 lr_critic=2.723e-04 | wv=917 stale=6 ck=ok| obj=inf completion=0.00% finite_obj=0.0% no_solution=100.0% collision=0.0% spectrum=37.5% action_range=[0.001,1.000] solver_status=optimal:0.0%,infeasible:95.0%,unknown:5.0%,error:0.0%,other:0.0% norm_count=73840
2026-09-29 13:37:09 | [QUEUE] | iter=923 | 队列 | sample_queue=0/4 | weight_queues_pending=4/4
2026-09-29 13:37:24 | [UPDATE] | [learner] iter=924 transitions=40 completion=0.00% reward=-1.550 | cost=2.190s | lr_actor=2.723e-04 lr_critic=2.723e-04 | wv=919 stale=5 ck=ok| obj=inf completion=0.00% finite_obj=0.0% no_solution=100.0% collision=0.0% spectrum=47.5% action_range=[0.000,1.000] solver_status=optimal:0.0%,infeasible:95.0%,unknown:5.0%,error:0.0%,other:0.0% norm_count=73920
2026-09-29 13:37:24 | [QUEUE] | iter=924 | 队列 | sample_queue=1/4 | weight_queues_pending=4/4
2026-09-29 13:37:27 | [UPDATE] | [learner] iter=925 transitions=40 completion=0.00% reward=-1.425 | cost=2.343s | lr_actor=2.723e-04 lr_critic=2.723e-04 | wv=919 stale=6 ck=ok| obj=inf completion=0.00% finite_obj=0.0% no_solution=100.0% collision=0.0% spectrum=40.0% action_range=[0.000,1.000] solver_status=optimal:0.0%,infeasible:92.5%,unknown:7.5%,error:0.0%,other:0.0% norm_count=74000
2026-09-29 13:37:27 | [QUEUE] | iter=925 | 队列 | sample_queue=0/4 | weight_queues_pending=4/4
2026-09-29 13:37:30 | [UPDATE] | [learner] iter=926 transitions=40 completion=0.00% reward=-1.575 | cost=2.022s | lr_actor=2.722e-04 lr_critic=2.722e-04 | wv=922 stale=4 ck=ok| obj=inf completion=0.00% finite_obj=0.0% no_solution=100.0% collision=0.0% spectrum=52.5% action_range=[0.001,1.000] solver_status=optimal:0.0%,infeasible:95.0%,unknown:5.0%,error:0.0%,other:0.0% norm_count=74080
2026-09-29 13:37:30 | [QUEUE] | iter=926 | 队列 | sample_queue=1/4 | weight_queues_pending=4/4
2026-09-29 13:37:32 | [UPDATE] | [learner] iter=927 transitions=40 completion=0.00% reward=-1.575 | cost=2.280s | lr_actor=2.722e-04 lr_critic=2.722e-04 | wv=921 stale=6 ck=ok| obj=inf completion=0.00% finite_obj=0.0% no_solution=100.0% collision=0.0% spectrum=50.0% action_range=[0.000,0.999] solver_status=optimal:0.0%,infeasible:90.0%,unknown:10.0%,error:0.0%,other:0.0% norm_count=74160
2026-09-29 13:37:32 | [QUEUE] | iter=927 | 队列 | sample_queue=0/4 | weight_queues_pending=4/4
2026-09-29 13:37:47 | [UPDATE] | [learner] iter=928 transitions=40 completion=0.00% reward=-1.475 | cost=2.358s | lr_actor=2.722e-04 lr_critic=2.722e-04 | wv=923 stale=5 ck=ok| obj=inf completion=0.00% finite_obj=0.0% no_solution=100.0% collision=0.0% spectrum=42.5% action_range=[0.000,1.000] solver_status=optimal:0.0%,infeasible:90.0%,unknown:10.0%,error:0.0%,other:0.0% norm_count=74240
2026-09-29 13:37:47 | [QUEUE] | iter=928 | 队列 | sample_queue=1/4 | weight_queues_pending=4/4
2026-09-29 13:37:50 | [UPDATE] | [learner] iter=929 transitions=40 completion=0.00% reward=-1.350 | cost=2.155s | lr_actor=2.722e-04 lr_critic=2.722e-04 | wv=923 stale=6 ck=ok| obj=inf completion=0.00% finite_obj=0.0% no_solution=100.0% collision=0.0% spectrum=30.0% action_range=[0.000,0.999] solver_status=optimal:0.0%,infeasible:95.0%,unknown:5.0%,error:0.0%,other:0.0% norm_count=74320
2026-09-29 13:37:50 | [QUEUE] | iter=929 | 队列 | sample_queue=0/4 | weight_queues_pending=4/4
2026-09-29 13:37:53 | [UPDATE] | [learner] iter=930 transitions=40 completion=2.50% reward=-1.404 | cost=2.180s | lr_actor=2.721e-04 lr_critic=2.721e-04 | wv=925 stale=5 ck=ok| obj=inf completion=2.50% finite_obj=2.5% no_solution=97.5% collision=0.0% spectrum=42.5% action_range=[0.001,1.000] solver_status=optimal:2.5%,infeasible:90.0%,unknown:7.5%,error:0.0%,other:0.0% norm_count=74400
2026-09-29 13:37:53 | [QUEUE] | iter=930 | 队列 | sample_queue=0/4 | weight_queues_pending=4/4
2026-09-29 13:37:57 | [UPDATE] | [learner] iter=931 transitions=40 completion=0.00% reward=-1.775 | cost=2.250s | lr_actor=2.721e-04 lr_critic=2.721e-04 | wv=925 stale=6 ck=ok| obj=inf completion=0.00% finite_obj=0.0% no_solution=100.0% collision=0.0% spectrum=57.5% action_range=[0.001,0.999] solver_status=optimal:0.0%,infeasible:90.0%,unknown:10.0%,error:0.0%,other:0.0% norm_count=74480
2026-09-29 13:37:57 | [QUEUE] | iter=931 | 队列 | sample_queue=0/4 | weight_queues_pending=4/4
2026-09-29 13:38:09 | [UPDATE] | [learner] iter=932 transitions=40 completion=0.00% reward=-1.425 | cost=2.180s | lr_actor=2.721e-04 lr_critic=2.721e-04 | wv=927 stale=5 ck=ok| obj=inf completion=0.00% finite_obj=0.0% no_solution=100.0% collision=0.0% spectrum=35.0% action_range=[0.000,0.999] solver_status=optimal:0.0%,infeasible:97.5%,unknown:2.5%,error:0.0%,other:0.0% norm_count=74560
2026-09-29 13:38:09 | [QUEUE] | iter=932 | 队列 | sample_queue=0/4 | weight_queues_pending=4/4
2026-09-29 13:38:14 | [UPDATE] | [learner] iter=933 transitions=40 completion=0.00% reward=-1.375 | cost=2.489s | lr_actor=2.720e-04 lr_critic=2.720e-04 | wv=927 stale=6 ck=ok| obj=inf completion=0.00% finite_obj=0.0% no_solution=100.0% collision=0.0% spectrum=32.5% action_range=[0.001,1.000] solver_status=optimal:0.0%,infeasible:95.0%,unknown:5.0%,error:0.0%,other:0.0% norm_count=74640
2026-09-29 13:38:14 | [QUEUE] | iter=933 | 队列 | sample_queue=1/4 | weight_queues_pending=4/4
2026-09-29 13:38:16 | [UPDATE] | [learner] iter=934 transitions=40 completion=0.00% reward=-1.375 | cost=2.324s | lr_actor=2.720e-04 lr_critic=2.720e-04 | wv=929 stale=5 ck=ok| obj=inf completion=0.00% finite_obj=0.0% no_solution=100.0% collision=0.0% spectrum=37.5% action_range=[0.001,0.999] solver_status=optimal:0.0%,infeasible:87.5%,unknown:12.5%,error:0.0%,other:0.0% norm_count=74720
2026-09-29 13:38:16 | [QUEUE] | iter=934 | 队列 | sample_queue=0/4 | weight_queues_pending=4/4
2026-09-29 13:38:22 | [UPDATE] | [learner] iter=935 transitions=40 completion=0.00% reward=-1.450 | cost=2.134s | lr_actor=2.720e-04 lr_critic=2.720e-04 | wv=930 stale=5 ck=ok| obj=inf completion=0.00% finite_obj=0.0% no_solution=100.0% collision=0.0% spectrum=42.5% action_range=[0.001,1.000] solver_status=optimal:0.0%,infeasible:87.5%,unknown:12.5%,error:0.0%,other:0.0% norm_count=74800
2026-09-29 13:38:22 | [QUEUE] | iter=935 | 队列 | sample_queue=0/4 | weight_queues_pending=4/4
2026-09-29 13:38:30 | [UPDATE] | [learner] iter=936 transitions=40 completion=0.00% reward=-1.305 | cost=2.428s | lr_actor=2.719e-04 lr_critic=2.719e-04 | wv=931 stale=5 ck=ok| obj=inf completion=0.00% finite_obj=2.5% no_solution=97.5% collision=0.0% spectrum=32.5% action_range=[0.000,1.000] solver_status=optimal:2.5%,infeasible:95.0%,unknown:2.5%,error:0.0%,other:0.0% norm_count=74880
2026-09-29 13:38:30 | [QUEUE] | iter=936 | 队列 | sample_queue=0/4 | weight_queues_pending=4/4
2026-09-29 13:38:38 | [UPDATE] | [learner] iter=937 transitions=40 completion=0.00% reward=-1.375 | cost=2.483s | lr_actor=2.719e-04 lr_critic=2.719e-04 | wv=932 stale=5 ck=ok| obj=inf completion=0.00% finite_obj=0.0% no_solution=100.0% collision=0.0% spectrum=37.5% action_range=[0.000,1.000] solver_status=optimal:0.0%,infeasible:90.0%,unknown:10.0%,error:0.0%,other:0.0% norm_count=74960
2026-09-29 13:38:38 | [QUEUE] | iter=937 | 队列 | sample_queue=1/4 | weight_queues_pending=4/4
2026-09-29 13:38:40 | [UPDATE] | [learner] iter=938 transitions=40 completion=2.50% reward=-1.578 | cost=2.064s | lr_actor=2.719e-04 lr_critic=2.719e-04 | wv=932 stale=6 ck=ok| obj=inf completion=2.50% finite_obj=2.5% no_solution=97.5% collision=0.0% spectrum=47.5% action_range=[0.000,0.997] solver_status=optimal:2.5%,infeasible:95.0%,unknown:2.5%,error:0.0%,other:0.0% norm_count=75040
2026-09-29 13:38:40 | [QUEUE] | iter=938 | 队列 | sample_queue=0/4 | weight_queues_pending=4/4
2026-09-29 13:38:49 | [UPDATE] | [learner] iter=939 transitions=40 completion=0.00% reward=-1.700 | cost=1.901s | lr_actor=2.719e-04 lr_critic=2.719e-04 | wv=934 stale=5 ck=ok| obj=inf completion=0.00% finite_obj=0.0% no_solution=100.0% collision=0.0% spectrum=55.0% action_range=[0.000,0.999] solver_status=optimal:0.0%,infeasible:95.0%,unknown:5.0%,error:0.0%,other:0.0% norm_count=75120
2026-09-29 13:38:49 | [QUEUE] | iter=939 | 队列 | sample_queue=0/4 | weight_queues_pending=4/4
2026-09-29 13:38:52 | [UPDATE] | [learner] iter=940 transitions=40 completion=0.00% reward=-1.450 | cost=2.154s | lr_actor=2.718e-04 lr_critic=2.718e-04 | wv=935 stale=5 ck=ok| obj=inf completion=0.00% finite_obj=0.0% no_solution=100.0% collision=0.0% spectrum=42.5% action_range=[0.002,1.000] solver_status=optimal:0.0%,infeasible:95.0%,unknown:5.0%,error:0.0%,other:0.0% norm_count=75200
2026-09-29 13:38:52 | [QUEUE] | iter=940 | 队列 | sample_queue=0/4 | weight_queues_pending=4/4
2026-09-29 13:39:01 | [UPDATE] | [learner] iter=941 transitions=40 completion=0.00% reward=-1.550 | cost=2.479s | lr_actor=2.718e-04 lr_critic=2.718e-04 | wv=936 stale=5 ck=ok| obj=inf completion=0.00% finite_obj=0.0% no_solution=100.0% collision=0.0% spectrum=50.0% action_range=[0.000,0.999] solver_status=optimal:0.0%,infeasible:90.0%,unknown:10.0%,error:0.0%,other:0.0% norm_count=75280
2026-09-29 13:39:01 | [QUEUE] | iter=941 | 队列 | sample_queue=1/4 | weight_queues_pending=4/4
2026-09-29 13:39:03 | [UPDATE] | [learner] iter=942 transitions=40 completion=0.00% reward=-1.550 | cost=2.025s | lr_actor=2.718e-04 lr_critic=2.718e-04 | wv=936 stale=6 ck=ok| obj=inf completion=0.00% finite_obj=0.0% no_solution=100.0% collision=0.0% spectrum=52.5% action_range=[0.000,1.000] solver_status=optimal:0.0%,infeasible:95.0%,unknown:5.0%,error:0.0%,other:0.0% norm_count=75360
2026-09-29 13:39:03 | [QUEUE] | iter=942 | 队列 | sample_queue=0/4 | weight_queues_pending=4/4
2026-09-29 13:39:14 | [UPDATE] | [learner] iter=943 transitions=40 completion=0.00% reward=-1.653 | cost=2.288s | lr_actor=2.717e-04 lr_critic=2.717e-04 | wv=938 stale=5 ck=ok| obj=inf completion=0.00% finite_obj=2.5% no_solution=97.5% collision=0.0% spectrum=57.5% action_range=[0.001,0.999] solver_status=optimal:2.5%,infeasible:90.0%,unknown:7.5%,error:0.0%,other:0.0% norm_count=75440
2026-09-29 13:39:14 | [QUEUE] | iter=943 | 队列 | sample_queue=0/4 | weight_queues_pending=4/4
2026-09-29 13:39:17 | [UPDATE] | [learner] iter=944 transitions=40 completion=0.00% reward=-1.625 | cost=2.111s | lr_actor=2.717e-04 lr_critic=2.717e-04 | wv=939 stale=5 ck=ok| obj=inf completion=0.00% finite_obj=0.0% no_solution=100.0% collision=0.0% spectrum=52.5% action_range=[0.000,1.000] solver_status=optimal:0.0%,infeasible:95.0%,unknown:5.0%,error:0.0%,other:0.0% norm_count=75520
2026-09-29 13:39:17 | [QUEUE] | iter=944 | 队列 | sample_queue=0/4 | weight_queues_pending=4/4
2026-09-29 13:39:24 | [UPDATE] | [learner] iter=945 transitions=40 completion=0.00% reward=-1.450 | cost=2.150s | lr_actor=2.717e-04 lr_critic=2.717e-04 | wv=940 stale=5 ck=ok| obj=inf completion=0.00% finite_obj=0.0% no_solution=100.0% collision=0.0% spectrum=42.5% action_range=[0.000,1.000] solver_status=optimal:0.0%,infeasible:87.5%,unknown:12.5%,error:0.0%,other:0.0% norm_count=75600
2026-09-29 13:39:24 | [QUEUE] | iter=945 | 队列 | sample_queue=0/4 | weight_queues_pending=4/4
2026-09-29 13:39:27 | [UPDATE] | [learner] iter=946 transitions=40 completion=0.00% reward=-1.450 | cost=2.418s | lr_actor=2.716e-04 lr_critic=2.716e-04 | wv=940 stale=6 ck=ok| obj=inf completion=0.00% finite_obj=0.0% no_solution=100.0% collision=0.0% spectrum=40.0% action_range=[0.001,0.999] solver_status=optimal:0.0%,infeasible:97.5%,unknown:2.5%,error:0.0%,other:0.0% norm_count=75680
2026-09-29 13:39:27 | [QUEUE] | iter=946 | 队列 | sample_queue=0/4 | weight_queues_pending=4/4
2026-09-29 13:39:40 | [UPDATE] | [learner] iter=947 transitions=40 completion=0.00% reward=-1.400 | cost=2.135s | lr_actor=2.716e-04 lr_critic=2.716e-04 | wv=942 stale=5 ck=ok| obj=inf completion=0.00% finite_obj=0.0% no_solution=100.0% collision=0.0% spectrum=35.0% action_range=[0.000,1.000] solver_status=optimal:0.0%,infeasible:92.5%,unknown:7.5%,error:0.0%,other:0.0% norm_count=75760
2026-09-29 13:39:40 | [QUEUE] | iter=947 | 队列 | sample_queue=1/4 | weight_queues_pending=4/4
2026-09-29 13:39:43 | [UPDATE] | [learner] iter=948 transitions=40 completion=0.00% reward=-1.425 | cost=2.222s | lr_actor=2.716e-04 lr_critic=2.716e-04 | wv=943 stale=5 ck=ok| obj=inf completion=0.00% finite_obj=0.0% no_solution=100.0% collision=0.0% spectrum=40.0% action_range=[0.001,0.999] solver_status=optimal:0.0%,infeasible:92.5%,unknown:7.5%,error:0.0%,other:0.0% norm_count=75840
2026-09-29 13:39:43 | [QUEUE] | iter=948 | 队列 | sample_queue=0/4 | weight_queues_pending=4/4
2026-09-29 13:39:50 | [UPDATE] | [learner] iter=949 transitions=40 completion=0.00% reward=-1.503 | cost=2.155s | lr_actor=2.716e-04 lr_critic=2.716e-04 | wv=944 stale=5 ck=ok| obj=inf completion=0.00% finite_obj=2.5% no_solution=97.5% collision=0.0% spectrum=52.5% action_range=[0.000,0.999] solver_status=optimal:2.5%,infeasible:95.0%,unknown:2.5%,error:0.0%,other:0.0% norm_count=75920
2026-09-29 13:39:50 | [QUEUE] | iter=949 | 队列 | sample_queue=0/4 | weight_queues_pending=4/4
2026-09-29 13:39:54 | [UPDATE] | [learner] iter=950 transitions=40 completion=2.50% reward=-1.304 | cost=2.175s | lr_actor=2.715e-04 lr_critic=2.715e-04 | wv=945 stale=5 ck=ok| obj=inf completion=2.50% finite_obj=2.5% no_solution=97.5% collision=0.0% spectrum=30.0% action_range=[0.000,1.000] solver_status=optimal:2.5%,infeasible:92.5%,unknown:5.0%,error:0.0%,other:0.0% norm_count=76000
2026-09-29 13:39:54 | [QUEUE] | iter=950 | 队列 | sample_queue=0/4 | weight_queues_pending=4/4
2026-09-29 13:40:04 | [UPDATE] | [learner] iter=951 transitions=40 completion=0.00% reward=-1.475 | cost=2.312s | lr_actor=2.715e-04 lr_critic=2.715e-04 | wv=946 stale=5 ck=ok| obj=inf completion=0.00% finite_obj=0.0% no_solution=100.0% collision=0.0% spectrum=47.5% action_range=[0.000,1.000] solver_status=optimal:0.0%,infeasible:95.0%,unknown:5.0%,error:0.0%,other:0.0% norm_count=76080
2026-09-29 13:40:04 | [QUEUE] | iter=951 | 队列 | sample_queue=0/4 | weight_queues_pending=4/4
2026-09-29 13:40:08 | [UPDATE] | [learner] iter=952 transitions=40 completion=0.00% reward=-1.425 | cost=3.022s | lr_actor=2.715e-04 lr_critic=2.715e-04 | wv=946 stale=6 ck=ok| obj=inf completion=0.00% finite_obj=0.0% no_solution=100.0% collision=0.0% spectrum=42.5% action_range=[0.001,1.000] solver_status=optimal:0.0%,infeasible:92.5%,unknown:7.5%,error:0.0%,other:0.0% norm_count=76160
2026-09-29 13:40:08 | [QUEUE] | iter=952 | 队列 | sample_queue=0/4 | weight_queues_pending=4/4
2026-09-29 13:40:13 | [UPDATE] | [learner] iter=953 transitions=40 completion=0.00% reward=-1.275 | cost=2.333s | lr_actor=2.714e-04 lr_critic=2.714e-04 | wv=948 stale=5 ck=ok| obj=inf completion=0.00% finite_obj=0.0% no_solution=100.0% collision=0.0% spectrum=25.0% action_range=[0.000,1.000] solver_status=optimal:0.0%,infeasible:90.0%,unknown:10.0%,error:0.0%,other:0.0% norm_count=76240
2026-09-29 13:40:13 | [QUEUE] | iter=953 | 队列 | sample_queue=0/4 | weight_queues_pending=4/4
2026-09-29 13:40:17 | [UPDATE] | [learner] iter=954 transitions=40 completion=5.00% reward=-1.328 | cost=2.234s | lr_actor=2.714e-04 lr_critic=2.714e-04 | wv=949 stale=5 ck=ok| obj=inf completion=5.00% finite_obj=5.0% no_solution=95.0% collision=0.0% spectrum=40.0% action_range=[0.001,1.000] solver_status=optimal:5.0%,infeasible:90.0%,unknown:5.0%,error:0.0%,other:0.0% norm_count=76320
2026-09-29 13:40:17 | [QUEUE] | iter=954 | 队列 | sample_queue=0/4 | weight_queues_pending=4/4
2026-09-29 13:40:28 | [UPDATE] | [learner] iter=955 transitions=40 completion=0.00% reward=-1.525 | cost=2.318s | lr_actor=2.714e-04 lr_critic=2.714e-04 | wv=950 stale=5 ck=ok| obj=inf completion=0.00% finite_obj=0.0% no_solution=100.0% collision=0.0% spectrum=47.5% action_range=[0.000,1.000] solver_status=optimal:0.0%,infeasible:97.5%,unknown:2.5%,error:0.0%,other:0.0% norm_count=76400
2026-09-29 13:40:28 | [QUEUE] | iter=955 | 队列 | sample_queue=0/4 | weight_queues_pending=4/4
2026-09-29 13:40:33 | [UPDATE] | [learner] iter=956 transitions=40 completion=0.00% reward=-1.475 | cost=2.215s | lr_actor=2.713e-04 lr_critic=2.713e-04 | wv=951 stale=5 ck=ok| obj=inf completion=0.00% finite_obj=0.0% no_solution=100.0% collision=0.0% spectrum=42.5% action_range=[0.000,1.000] solver_status=optimal:0.0%,infeasible:90.0%,unknown:10.0%,error:0.0%,other:0.0% norm_count=76480
2026-09-29 13:40:33 | [QUEUE] | iter=956 | 队列 | sample_queue=0/4 | weight_queues_pending=4/4
2026-09-29 13:40:37 | [UPDATE] | [learner] iter=957 transitions=40 completion=0.00% reward=-1.575 | cost=2.218s | lr_actor=2.713e-04 lr_critic=2.713e-04 | wv=952 stale=5 ck=ok| obj=inf completion=0.00% finite_obj=0.0% no_solution=100.0% collision=0.0% spectrum=47.5% action_range=[0.001,1.000] solver_status=optimal:0.0%,infeasible:92.5%,unknown:7.5%,error:0.0%,other:0.0% norm_count=76560
2026-09-29 13:40:37 | [QUEUE] | iter=957 | 队列 | sample_queue=0/4 | weight_queues_pending=4/4
2026-09-29 13:40:39 | [UPDATE] | [learner] iter=958 transitions=40 completion=2.50% reward=-1.352 | cost=2.069s | lr_actor=2.713e-04 lr_critic=2.713e-04 | wv=953 stale=5 ck=ok| obj=inf completion=2.50% finite_obj=2.5% no_solution=97.5% collision=0.0% spectrum=32.5% action_range=[0.000,0.999] solver_status=optimal:2.5%,infeasible:90.0%,unknown:7.5%,error:0.0%,other:0.0% norm_count=76640
2026-09-29 13:40:39 | [QUEUE] | iter=958 | 队列 | sample_queue=0/4 | weight_queues_pending=4/4
2026-09-29 13:40:51 | [UPDATE] | [learner] iter=959 transitions=40 completion=0.00% reward=-1.426 | cost=2.176s | lr_actor=2.713e-04 lr_critic=2.713e-04 | wv=954 stale=5 ck=ok| obj=inf completion=0.00% finite_obj=2.5% no_solution=97.5% collision=0.0% spectrum=40.0% action_range=[0.000,1.000] solver_status=optimal:2.5%,infeasible:95.0%,unknown:2.5%,error:0.0%,other:0.0% norm_count=76720
2026-09-29 13:40:51 | [QUEUE] | iter=959 | 队列 | sample_queue=0/4 | weight_queues_pending=4/4
2026-09-29 13:41:01 | [UPDATE] | [learner] iter=960 transitions=40 completion=0.00% reward=-1.375 | cost=2.166s | lr_actor=2.712e-04 lr_critic=2.712e-04 | wv=955 stale=5 ck=ok| obj=inf completion=0.00% finite_obj=0.0% no_solution=100.0% collision=0.0% spectrum=35.0% action_range=[0.000,1.000] solver_status=optimal:0.0%,infeasible:82.5%,unknown:17.5%,error:0.0%,other:0.0% norm_count=76800
2026-09-29 13:41:01 | [QUEUE] | iter=960 | 队列 | sample_queue=1/4 | weight_queues_pending=4/4
2026-09-29 13:41:03 | [UPDATE] | [learner] iter=961 transitions=40 completion=0.00% reward=-1.450 | cost=2.028s | lr_actor=2.712e-04 lr_critic=2.712e-04 | wv=956 stale=5 ck=ok| obj=inf completion=0.00% finite_obj=0.0% no_solution=100.0% collision=0.0% spectrum=42.5% action_range=[0.000,1.000] solver_status=optimal:0.0%,infeasible:92.5%,unknown:7.5%,error:0.0%,other:0.0% norm_count=76880
2026-09-29 13:41:03 | [QUEUE] | iter=961 | 队列 | sample_queue=1/4 | weight_queues_pending=4/4
2026-09-29 13:41:05 | [UPDATE] | [learner] iter=962 transitions=40 completion=0.00% reward=-1.325 | cost=2.327s | lr_actor=2.712e-04 lr_critic=2.712e-04 | wv=957 stale=5 ck=ok| obj=inf completion=0.00% finite_obj=0.0% no_solution=100.0% collision=0.0% spectrum=30.0% action_range=[0.001,1.000] solver_status=optimal:0.0%,infeasible:92.5%,unknown:7.5%,error:0.0%,other:0.0% norm_count=76960
2026-09-29 13:41:05 | [QUEUE] | iter=962 | 队列 | sample_queue=0/4 | weight_queues_pending=4/4
2026-09-29 13:41:14 | [UPDATE] | [learner] iter=963 transitions=40 completion=0.00% reward=-1.525 | cost=2.201s | lr_actor=2.711e-04 lr_critic=2.711e-04 | wv=958 stale=5 ck=ok| obj=inf completion=0.00% finite_obj=0.0% no_solution=100.0% collision=0.0% spectrum=45.0% action_range=[0.000,0.999] solver_status=optimal:0.0%,infeasible:90.0%,unknown:10.0%,error:0.0%,other:0.0% norm_count=77040
2026-09-29 13:41:14 | [QUEUE] | iter=963 | 队列 | sample_queue=0/4 | weight_queues_pending=4/4
2026-09-29 13:41:26 | [UPDATE] | [learner] iter=964 transitions=40 completion=0.00% reward=-1.400 | cost=2.271s | lr_actor=2.711e-04 lr_critic=2.711e-04 | wv=959 stale=5 ck=ok| obj=inf completion=0.00% finite_obj=0.0% no_solution=100.0% collision=0.0% spectrum=40.0% action_range=[0.000,1.000] solver_status=optimal:0.0%,infeasible:100.0%,unknown:0.0%,error:0.0%,other:0.0% norm_count=77120
2026-09-29 13:41:26 | [QUEUE] | iter=964 | 队列 | sample_queue=1/4 | weight_queues_pending=4/4
2026-09-29 13:41:29 | [UPDATE] | [learner] iter=965 transitions=40 completion=2.50% reward=-1.279 | cost=2.394s | lr_actor=2.711e-04 lr_critic=2.711e-04 | wv=957 stale=8 ck=ok| obj=inf completion=2.50% finite_obj=2.5% no_solution=97.5% collision=0.0% spectrum=32.5% action_range=[0.000,1.000] solver_status=optimal:2.5%,infeasible:85.0%,unknown:12.5%,error:0.0%,other:0.0% norm_count=77200
2026-09-29 13:41:29 | [QUEUE] | iter=965 | 队列 | sample_queue=0/4 | weight_queues_pending=4/4
2026-09-29 13:41:32 | [UPDATE] | [learner] iter=966 transitions=40 completion=0.00% reward=-1.275 | cost=2.222s | lr_actor=2.710e-04 lr_critic=2.710e-04 | wv=959 stale=7 ck=ok| obj=inf completion=0.00% finite_obj=0.0% no_solution=100.0% collision=0.0% spectrum=25.0% action_range=[0.000,1.000] solver_status=optimal:0.0%,infeasible:97.5%,unknown:2.5%,error:0.0%,other:0.0% norm_count=77280
2026-09-29 13:41:32 | [QUEUE] | iter=966 | 队列 | sample_queue=0/4 | weight_queues_pending=4/4
2026-09-29 13:41:39 | [UPDATE] | [learner] iter=967 transitions=40 completion=0.00% reward=-1.325 | cost=2.603s | lr_actor=2.710e-04 lr_critic=2.710e-04 | wv=962 stale=5 ck=ok| obj=inf completion=0.00% finite_obj=0.0% no_solution=100.0% collision=0.0% spectrum=32.5% action_range=[0.000,1.000] solver_status=optimal:0.0%,infeasible:90.0%,unknown:10.0%,error:0.0%,other:0.0% norm_count=77360
2026-09-29 13:41:39 | [QUEUE] | iter=967 | 队列 | sample_queue=0/4 | weight_queues_pending=4/4
2026-09-29 13:41:51 | [UPDATE] | [learner] iter=968 transitions=40 completion=0.00% reward=-1.450 | cost=2.097s | lr_actor=2.710e-04 lr_critic=2.710e-04 | wv=963 stale=5 ck=ok| obj=inf completion=0.00% finite_obj=0.0% no_solution=100.0% collision=0.0% spectrum=40.0% action_range=[0.001,1.000] solver_status=optimal:0.0%,infeasible:92.5%,unknown:7.5%,error:0.0%,other:0.0% norm_count=77440
2026-09-29 13:41:51 | [QUEUE] | iter=968 | 队列 | sample_queue=1/4 | weight_queues_pending=4/4
2026-09-29 13:41:53 | [UPDATE] | [learner] iter=969 transitions=40 completion=2.50% reward=-1.253 | cost=2.296s | lr_actor=2.710e-04 lr_critic=2.710e-04 | wv=963 stale=6 ck=ok| obj=inf completion=2.50% finite_obj=2.5% no_solution=97.5% collision=0.0% spectrum=30.0% action_range=[0.000,1.000] solver_status=optimal:2.5%,infeasible:92.5%,unknown:5.0%,error:0.0%,other:0.0% norm_count=77520
2026-09-29 13:41:53 | [QUEUE] | iter=969 | 队列 | sample_queue=0/4 | weight_queues_pending=4/4
2026-09-29 13:41:58 | [UPDATE] | [learner] iter=970 transitions=40 completion=0.00% reward=-1.500 | cost=1.906s | lr_actor=2.709e-04 lr_critic=2.709e-04 | wv=965 stale=5 ck=ok| obj=inf completion=0.00% finite_obj=0.0% no_solution=100.0% collision=0.0% spectrum=42.5% action_range=[0.001,1.000] solver_status=optimal:0.0%,infeasible:90.0%,unknown:10.0%,error:0.0%,other:0.0% norm_count=77600
2026-09-29 13:41:58 | [QUEUE] | iter=970 | 队列 | sample_queue=0/4 | weight_queues_pending=4/4
2026-09-29 13:42:03 | [UPDATE] | [learner] iter=971 transitions=40 completion=0.00% reward=-1.475 | cost=2.248s | lr_actor=2.709e-04 lr_critic=2.709e-04 | wv=966 stale=5 ck=ok| obj=inf completion=0.00% finite_obj=0.0% no_solution=100.0% collision=0.0% spectrum=45.0% action_range=[0.000,1.000] solver_status=optimal:0.0%,infeasible:92.5%,unknown:7.5%,error:0.0%,other:0.0% norm_count=77680
2026-09-29 13:42:03 | [QUEUE] | iter=971 | 队列 | sample_queue=0/4 | weight_queues_pending=4/4
2026-09-29 13:42:14 | [UPDATE] | [learner] iter=972 transitions=40 completion=0.00% reward=-1.475 | cost=2.198s | lr_actor=2.709e-04 lr_critic=2.709e-04 | wv=967 stale=5 ck=ok| obj=inf completion=0.00% finite_obj=0.0% no_solution=100.0% collision=0.0% spectrum=40.0% action_range=[0.000,0.999] solver_status=optimal:0.0%,infeasible:87.5%,unknown:12.5%,error:0.0%,other:0.0% norm_count=77760
2026-09-29 13:42:14 | [QUEUE] | iter=972 | 队列 | sample_queue=0/4 | weight_queues_pending=4/4
2026-09-29 13:42:17 | [UPDATE] | [learner] iter=973 transitions=40 completion=0.00% reward=-1.503 | cost=2.409s | lr_actor=2.708e-04 lr_critic=2.708e-04 | wv=967 stale=6 ck=ok| obj=inf completion=0.00% finite_obj=2.5% no_solution=97.5% collision=0.0% spectrum=42.5% action_range=[0.001,0.998] solver_status=optimal:2.5%,infeasible:85.0%,unknown:12.5%,error:0.0%,other:0.0% norm_count=77840
2026-09-29 13:42:17 | [QUEUE] | iter=973 | 队列 | sample_queue=0/4 | weight_queues_pending=4/4
2026-09-29 13:42:25 | [UPDATE] | [learner] iter=974 transitions=40 completion=0.00% reward=-1.400 | cost=1.971s | lr_actor=2.708e-04 lr_critic=2.708e-04 | wv=970 stale=4 ck=ok| obj=inf completion=0.00% finite_obj=0.0% no_solution=100.0% collision=0.0% spectrum=35.0% action_range=[0.000,1.000] solver_status=optimal:0.0%,infeasible:90.0%,unknown:10.0%,error:0.0%,other:0.0% norm_count=77920
2026-09-29 13:42:25 | [QUEUE] | iter=974 | 队列 | sample_queue=0/4 | weight_queues_pending=4/4
2026-09-29 13:42:27 | [UPDATE] | [learner] iter=975 transitions=40 completion=0.00% reward=-1.625 | cost=2.105s | lr_actor=2.708e-04 lr_critic=2.708e-04 | wv=969 stale=6 ck=ok| obj=inf completion=0.00% finite_obj=0.0% no_solution=100.0% collision=0.0% spectrum=50.0% action_range=[0.000,1.000] solver_status=optimal:0.0%,infeasible:92.5%,unknown:7.5%,error:0.0%,other:0.0% norm_count=78000
2026-09-29 13:42:27 | [QUEUE] | iter=975 | 队列 | sample_queue=0/4 | weight_queues_pending=4/4
2026-09-29 13:42:38 | [UPDATE] | [learner] iter=976 transitions=40 completion=0.00% reward=-1.350 | cost=2.212s | lr_actor=2.707e-04 lr_critic=2.707e-04 | wv=971 stale=5 ck=ok| obj=inf completion=0.00% finite_obj=0.0% no_solution=100.0% collision=0.0% spectrum=35.0% action_range=[0.000,0.998] solver_status=optimal:0.0%,infeasible:97.5%,unknown:2.5%,error:0.0%,other:0.0% norm_count=78080
2026-09-29 13:42:38 | [QUEUE] | iter=976 | 队列 | sample_queue=1/4 | weight_queues_pending=4/4
2026-09-29 13:42:41 | [UPDATE] | [learner] iter=977 transitions=40 completion=0.00% reward=-1.475 | cost=2.357s | lr_actor=2.707e-04 lr_critic=2.707e-04 | wv=972 stale=5 ck=ok| obj=inf completion=0.00% finite_obj=0.0% no_solution=100.0% collision=0.0% spectrum=42.5% action_range=[0.001,1.000] solver_status=optimal:0.0%,infeasible:95.0%,unknown:5.0%,error:0.0%,other:0.0% norm_count=78160
2026-09-29 13:42:41 | [QUEUE] | iter=977 | 队列 | sample_queue=0/4 | weight_queues_pending=4/4
2026-09-29 13:42:52 | [UPDATE] | [learner] iter=978 transitions=40 completion=0.00% reward=-1.375 | cost=2.132s | lr_actor=2.707e-04 lr_critic=2.707e-04 | wv=973 stale=5 ck=ok| obj=inf completion=0.00% finite_obj=0.0% no_solution=100.0% collision=0.0% spectrum=32.5% action_range=[0.000,0.999] solver_status=optimal:0.0%,infeasible:95.0%,unknown:5.0%,error:0.0%,other:0.0% norm_count=78240
2026-09-29 13:42:52 | [QUEUE] | iter=978 | 队列 | sample_queue=1/4 | weight_queues_pending=4/4
2026-09-29 13:42:55 | [UPDATE] | [learner] iter=979 transitions=40 completion=0.00% reward=-1.350 | cost=2.106s | lr_actor=2.707e-04 lr_critic=2.707e-04 | wv=974 stale=5 ck=ok| obj=inf completion=0.00% finite_obj=0.0% no_solution=100.0% collision=0.0% spectrum=30.0% action_range=[0.000,1.000] solver_status=optimal:0.0%,infeasible:87.5%,unknown:12.5%,error:0.0%,other:0.0% norm_count=78320
2026-09-29 13:42:55 | [QUEUE] | iter=979 | 队列 | sample_queue=0/4 | weight_queues_pending=4/4
2026-09-29 13:43:04 | [UPDATE] | [learner] iter=980 transitions=40 completion=0.00% reward=-1.375 | cost=2.192s | lr_actor=2.706e-04 lr_critic=2.706e-04 | wv=975 stale=5 ck=ok| obj=inf completion=0.00% finite_obj=0.0% no_solution=100.0% collision=0.0% spectrum=37.5% action_range=[0.001,0.999] solver_status=optimal:0.0%,infeasible:90.0%,unknown:10.0%,error:0.0%,other:0.0% norm_count=78400
2026-09-29 13:43:04 | [QUEUE] | iter=980 | 队列 | sample_queue=1/4 | weight_queues_pending=4/4
2026-09-29 13:43:06 | [UPDATE] | [learner] iter=981 transitions=40 completion=0.00% reward=-1.300 | cost=2.435s | lr_actor=2.706e-04 lr_critic=2.706e-04 | wv=975 stale=6 ck=ok| obj=inf completion=0.00% finite_obj=0.0% no_solution=100.0% collision=0.0% spectrum=30.0% action_range=[0.000,0.999] solver_status=optimal:0.0%,infeasible:92.5%,unknown:7.5%,error:0.0%,other:0.0% norm_count=78480
2026-09-29 13:43:06 | [QUEUE] | iter=981 | 队列 | sample_queue=0/4 | weight_queues_pending=4/4
2026-09-29 13:43:16 | [UPDATE] | [learner] iter=982 transitions=40 completion=0.00% reward=-1.325 | cost=1.908s | lr_actor=2.706e-04 lr_critic=2.706e-04 | wv=977 stale=5 ck=ok| obj=inf completion=0.00% finite_obj=0.0% no_solution=100.0% collision=0.0% spectrum=30.0% action_range=[0.000,1.000] solver_status=optimal:0.0%,infeasible:95.0%,unknown:5.0%,error:0.0%,other:0.0% norm_count=78560
2026-09-29 13:43:16 | [QUEUE] | iter=982 | 队列 | sample_queue=1/4 | weight_queues_pending=4/4
2026-09-29 13:43:18 | [UPDATE] | [learner] iter=983 transitions=40 completion=0.00% reward=-1.600 | cost=2.275s | lr_actor=2.705e-04 lr_critic=2.705e-04 | wv=977 stale=6 ck=ok| obj=inf completion=0.00% finite_obj=0.0% no_solution=100.0% collision=0.0% spectrum=57.5% action_range=[0.000,1.000] solver_status=optimal:0.0%,infeasible:90.0%,unknown:10.0%,error:0.0%,other:0.0% norm_count=78640
2026-09-29 13:43:18 | [QUEUE] | iter=983 | 队列 | sample_queue=0/4 | weight_queues_pending=4/4
2026-09-29 13:43:26 | [UPDATE] | [learner] iter=984 transitions=40 completion=0.00% reward=-1.600 | cost=2.360s | lr_actor=2.705e-04 lr_critic=2.705e-04 | wv=979 stale=5 ck=ok| obj=inf completion=0.00% finite_obj=0.0% no_solution=100.0% collision=0.0% spectrum=55.0% action_range=[0.000,1.000] solver_status=optimal:0.0%,infeasible:92.5%,unknown:7.5%,error:0.0%,other:0.0% norm_count=78720
2026-09-29 13:43:26 | [QUEUE] | iter=984 | 队列 | sample_queue=0/4 | weight_queues_pending=4/4
2026-09-29 13:43:29 | [UPDATE] | [learner] iter=985 transitions=40 completion=0.00% reward=-1.275 | cost=2.297s | lr_actor=2.705e-04 lr_critic=2.705e-04 | wv=979 stale=6 ck=ok| obj=inf completion=0.00% finite_obj=0.0% no_solution=100.0% collision=0.0% spectrum=27.5% action_range=[0.000,1.000] solver_status=optimal:0.0%,infeasible:85.0%,unknown:15.0%,error:0.0%,other:0.0% norm_count=78800
2026-09-29 13:43:29 | [QUEUE] | iter=985 | 队列 | sample_queue=0/4 | weight_queues_pending=4/4
2026-09-29 13:43:41 | [UPDATE] | [learner] iter=986 transitions=40 completion=0.00% reward=-1.375 | cost=1.831s | lr_actor=2.704e-04 lr_critic=2.704e-04 | wv=981 stale=5 ck=ok| obj=inf completion=0.00% finite_obj=0.0% no_solution=100.0% collision=0.0% spectrum=37.5% action_range=[0.000,1.000] solver_status=optimal:0.0%,infeasible:97.5%,unknown:2.5%,error:0.0%,other:0.0% norm_count=78880
2026-09-29 13:43:41 | [QUEUE] | iter=986 | 队列 | sample_queue=0/4 | weight_queues_pending=4/4
2026-09-29 13:43:46 | [UPDATE] | [learner] iter=987 transitions=40 completion=0.00% reward=-1.425 | cost=2.084s | lr_actor=2.704e-04 lr_critic=2.704e-04 | wv=981 stale=6 ck=ok| obj=inf completion=0.00% finite_obj=0.0% no_solution=100.0% collision=0.0% spectrum=37.5% action_range=[0.000,1.000] solver_status=optimal:0.0%,infeasible:97.5%,unknown:2.5%,error:0.0%,other:0.0% norm_count=78960
2026-09-29 13:43:46 | [QUEUE] | iter=987 | 队列 | sample_queue=0/4 | weight_queues_pending=4/4
2026-09-29 13:43:48 | [UPDATE] | [learner] iter=988 transitions=40 completion=0.00% reward=-1.352 | cost=1.927s | lr_actor=2.704e-04 lr_critic=2.704e-04 | wv=983 stale=5 ck=ok| obj=inf completion=0.00% finite_obj=2.5% no_solution=97.5% collision=0.0% spectrum=35.0% action_range=[0.000,0.999] solver_status=optimal:2.5%,infeasible:95.0%,unknown:2.5%,error:0.0%,other:0.0% norm_count=79040
2026-09-29 13:43:48 | [QUEUE] | iter=988 | 队列 | sample_queue=0/4 | weight_queues_pending=4/4
2026-09-29 13:43:51 | [UPDATE] | [learner] iter=989 transitions=40 completion=0.00% reward=-1.475 | cost=2.249s | lr_actor=2.704e-04 lr_critic=2.704e-04 | wv=984 stale=5 ck=ok| obj=inf completion=0.00% finite_obj=0.0% no_solution=100.0% collision=0.0% spectrum=45.0% action_range=[0.000,0.999] solver_status=optimal:0.0%,infeasible:85.0%,unknown:15.0%,error:0.0%,other:0.0% norm_count=79120
2026-09-29 13:43:51 | [QUEUE] | iter=989 | 队列 | sample_queue=0/4 | weight_queues_pending=4/4
2026-09-29 13:44:04 | [UPDATE] | [learner] iter=990 transitions=40 completion=0.00% reward=-1.375 | cost=2.194s | lr_actor=2.703e-04 lr_critic=2.703e-04 | wv=985 stale=5 ck=ok| obj=inf completion=0.00% finite_obj=0.0% no_solution=100.0% collision=0.0% spectrum=32.5% action_range=[0.000,0.999] solver_status=optimal:0.0%,infeasible:92.5%,unknown:7.5%,error:0.0%,other:0.0% norm_count=79200
2026-09-29 13:44:04 | [QUEUE] | iter=990 | 队列 | sample_queue=0/4 | weight_queues_pending=4/4
2026-09-29 13:44:13 | [UPDATE] | [learner] iter=991 transitions=40 completion=0.00% reward=-1.400 | cost=2.409s | lr_actor=2.703e-04 lr_critic=2.703e-04 | wv=988 stale=3 ck=ok| obj=inf completion=0.00% finite_obj=0.0% no_solution=100.0% collision=0.0% spectrum=37.5% action_range=[0.001,0.999] solver_status=optimal:0.0%,infeasible:90.0%,unknown:10.0%,error:0.0%,other:0.0% norm_count=79280
2026-09-29 13:44:13 | [QUEUE] | iter=991 | 队列 | sample_queue=1/4 | weight_queues_pending=4/4
2026-09-29 13:44:15 | [UPDATE] | [learner] iter=992 transitions=40 completion=2.50% reward=-1.453 | cost=2.308s | lr_actor=2.703e-04 lr_critic=2.703e-04 | wv=986 stale=6 ck=ok| obj=inf completion=2.50% finite_obj=2.5% no_solution=97.5% collision=0.0% spectrum=42.5% action_range=[0.001,0.998] solver_status=optimal:2.5%,infeasible:85.0%,unknown:12.5%,error:0.0%,other:0.0% norm_count=79360
2026-09-29 13:44:15 | [QUEUE] | iter=992 | 队列 | sample_queue=1/4 | weight_queues_pending=4/4
2026-09-29 13:44:17 | [UPDATE] | [learner] iter=993 transitions=40 completion=0.00% reward=-1.425 | cost=2.230s | lr_actor=2.702e-04 lr_critic=2.702e-04 | wv=987 stale=6 ck=ok| obj=inf completion=0.00% finite_obj=0.0% no_solution=100.0% collision=0.0% spectrum=40.0% action_range=[0.001,1.000] solver_status=optimal:0.0%,infeasible:97.5%,unknown:2.5%,error:0.0%,other:0.0% norm_count=79440
2026-09-29 13:44:17 | [QUEUE] | iter=993 | 队列 | sample_queue=0/4 | weight_queues_pending=4/4
2026-09-29 13:44:29 | [UPDATE] | [learner] iter=994 transitions=40 completion=0.00% reward=-1.400 | cost=2.120s | lr_actor=2.702e-04 lr_critic=2.702e-04 | wv=989 stale=5 ck=ok| obj=inf completion=0.00% finite_obj=0.0% no_solution=100.0% collision=0.0% spectrum=37.5% action_range=[0.000,1.000] solver_status=optimal:0.0%,infeasible:97.5%,unknown:2.5%,error:0.0%,other:0.0% norm_count=79520
2026-09-29 13:44:29 | [QUEUE] | iter=994 | 队列 | sample_queue=0/4 | weight_queues_pending=4/4
2026-09-29 13:44:37 | [UPDATE] | [learner] iter=995 transitions=40 completion=0.00% reward=-1.450 | cost=2.256s | lr_actor=2.702e-04 lr_critic=2.702e-04 | wv=990 stale=5 ck=ok| obj=inf completion=0.00% finite_obj=0.0% no_solution=100.0% collision=0.0% spectrum=42.5% action_range=[0.001,1.000] solver_status=optimal:0.0%,infeasible:95.0%,unknown:5.0%,error:0.0%,other:0.0% norm_count=79600
2026-09-29 13:44:37 | [QUEUE] | iter=995 | 队列 | sample_queue=2/4 | weight_queues_pending=4/4
2026-09-29 13:44:39 | [UPDATE] | [learner] iter=996 transitions=40 completion=0.00% reward=-1.476 | cost=2.548s | lr_actor=2.701e-04 lr_critic=2.701e-04 | wv=991 stale=5 ck=ok| obj=inf completion=0.00% finite_obj=2.5% no_solution=97.5% collision=0.0% spectrum=50.0% action_range=[0.000,1.000] solver_status=optimal:2.5%,infeasible:85.0%,unknown:12.5%,error:0.0%,other:0.0% norm_count=79680
2026-09-29 13:44:39 | [QUEUE] | iter=996 | 队列 | sample_queue=1/4 | weight_queues_pending=4/4
2026-09-29 13:44:42 | [UPDATE] | [learner] iter=997 transitions=40 completion=0.00% reward=-1.475 | cost=2.487s | lr_actor=2.701e-04 lr_critic=2.701e-04 | wv=990 stale=7 ck=ok| obj=inf completion=0.00% finite_obj=0.0% no_solution=100.0% collision=0.0% spectrum=42.5% action_range=[0.001,0.999] solver_status=optimal:0.0%,infeasible:90.0%,unknown:10.0%,error:0.0%,other:0.0% norm_count=79760
2026-09-29 13:44:42 | [QUEUE] | iter=997 | 队列 | sample_queue=0/4 | weight_queues_pending=4/4
2026-09-29 13:44:54 | [UPDATE] | [learner] iter=998 transitions=40 completion=0.00% reward=-1.325 | cost=2.118s | lr_actor=2.701e-04 lr_critic=2.701e-04 | wv=993 stale=5 ck=ok| obj=inf completion=0.00% finite_obj=0.0% no_solution=100.0% collision=0.0% spectrum=30.0% action_range=[0.001,1.000] solver_status=optimal:0.0%,infeasible:97.5%,unknown:2.5%,error:0.0%,other:0.0% norm_count=79840
2026-09-29 13:44:54 | [QUEUE] | iter=998 | 队列 | sample_queue=0/4 | weight_queues_pending=4/4
2026-09-29 13:44:58 | [UPDATE] | [learner] iter=999 transitions=40 completion=0.00% reward=-1.400 | cost=2.021s | lr_actor=2.701e-04 lr_critic=2.701e-04 | wv=994 stale=5 ck=ok| obj=inf completion=0.00% finite_obj=0.0% no_solution=100.0% collision=0.0% spectrum=37.5% action_range=[0.000,1.000] solver_status=optimal:0.0%,infeasible:85.0%,unknown:15.0%,error:0.0%,other:0.0% norm_count=79920
2026-09-29 13:44:58 | [QUEUE] | iter=999 | 队列 | sample_queue=1/4 | weight_queues_pending=4/4
2026-09-29 13:45:00 | [UPDATE] | [learner] iter=1000 transitions=40 completion=0.00% reward=-1.400 | cost=1.981s | lr_actor=2.700e-04 lr_critic=2.700e-04 | wv=994 stale=6 ck=ok| obj=inf completion=0.00% finite_obj=0.0% no_solution=100.0% collision=0.0% spectrum=40.0% action_range=[0.000,0.999] solver_status=optimal:0.0%,infeasible:90.0%,unknown:10.0%,error:0.0%,other:0.0% norm_count=80000
2026-09-29 13:45:00 | [QUEUE] | iter=1000 | 队列 | sample_queue=0/4 | weight_queues_pending=4/4
2026-09-29 13:45:00 | [CHECKPOINT] | iter=1000 | 已保存 1000 episodes CSV (D:\Desktop\Dynamic-EE-Resource-Allocation-in-Multi-UAV-Assisted-ISCC-Systems-With-Heterogeneous-Tasks\src\outer\2026-09-29_12-01-11_mhbppo_seed_1208\training_rewards_seed_1208.csv) + checkpoint (D:\Desktop\Dynamic-EE-Resource-Allocation-in-Multi-UAV-Assisted-ISCC-Systems-With-Heterogeneous-Tasks\src\outer\2026-09-29_12-01-11_mhbppo_seed_1208\mhbppo_actor_iter_1000.pth)
2026-09-29 13:45:05 | [UPDATE] | [learner] iter=1001 transitions=40 completion=0.00% reward=-1.400 | cost=2.101s | lr_actor=2.700e-04 lr_critic=2.700e-04 | wv=994 stale=7 ck=ok| obj=inf completion=0.00% finite_obj=0.0% no_solution=100.0% collision=0.0% spectrum=35.0% action_range=[0.000,0.999] solver_status=optimal:0.0%,infeasible:95.0%,unknown:5.0%,error:0.0%,other:0.0% norm_count=80080
2026-09-29 13:45:05 | [QUEUE] | iter=1001 | 队列 | sample_queue=0/4 | weight_queues_pending=4/4
2026-09-29 13:45:19 | [UPDATE] | [learner] iter=1002 transitions=40 completion=2.50% reward=-1.328 | cost=2.424s | lr_actor=2.700e-04 lr_critic=2.700e-04 | wv=997 stale=5 ck=ok| obj=inf completion=2.50% finite_obj=2.5% no_solution=97.5% collision=0.0% spectrum=35.0% action_range=[0.000,1.000] solver_status=optimal:2.5%,infeasible:92.5%,unknown:5.0%,error:0.0%,other:0.0% norm_count=80160
2026-09-29 13:45:19 | [QUEUE] | iter=1002 | 队列 | sample_queue=0/4 | weight_queues_pending=4/4
2026-09-29 13:45:22 | [UPDATE] | [learner] iter=1003 transitions=40 completion=0.00% reward=-1.425 | cost=2.135s | lr_actor=2.699e-04 lr_critic=2.699e-04 | wv=998 stale=5 ck=ok| obj=inf completion=0.00% finite_obj=0.0% no_solution=100.0% collision=0.0% spectrum=40.0% action_range=[0.001,0.998] solver_status=optimal:0.0%,infeasible:82.5%,unknown:17.5%,error:0.0%,other:0.0% norm_count=80240
2026-09-29 13:45:22 | [QUEUE] | iter=1003 | 队列 | sample_queue=0/4 | weight_queues_pending=4/4
2026-09-29 13:45:25 | [UPDATE] | [learner] iter=1004 transitions=40 completion=0.00% reward=-1.225 | cost=2.228s | lr_actor=2.699e-04 lr_critic=2.699e-04 | wv=998 stale=6 ck=ok| obj=inf completion=0.00% finite_obj=0.0% no_solution=100.0% collision=0.0% spectrum=22.5% action_range=[0.001,1.000] solver_status=optimal:0.0%,infeasible:87.5%,unknown:12.5%,error:0.0%,other:0.0% norm_count=80320
2026-09-29 13:45:25 | [QUEUE] | iter=1004 | 队列 | sample_queue=0/4 | weight_queues_pending=4/4
2026-09-29 13:45:35 | [UPDATE] | [learner] iter=1005 transitions=40 completion=0.00% reward=-1.425 | cost=2.266s | lr_actor=2.699e-04 lr_critic=2.699e-04 | wv=1000 stale=5 ck=ok| obj=inf completion=0.00% finite_obj=0.0% no_solution=100.0% collision=0.0% spectrum=40.0% action_range=[0.001,1.000] solver_status=optimal:0.0%,infeasible:100.0%,unknown:0.0%,error:0.0%,other:0.0% norm_count=80400
2026-09-29 13:45:35 | [QUEUE] | iter=1005 | 队列 | sample_queue=0/4 | weight_queues_pending=4/4
2026-09-29 13:45:41 | [UPDATE] | [learner] iter=1006 transitions=40 completion=0.00% reward=-1.352 | cost=2.076s | lr_actor=2.698e-04 lr_critic=2.698e-04 | wv=1001 stale=5 ck=ok| obj=inf completion=0.00% finite_obj=2.5% no_solution=97.5% collision=0.0% spectrum=37.5% action_range=[0.000,0.999] solver_status=optimal:2.5%,infeasible:87.5%,unknown:10.0%,error:0.0%,other:0.0% norm_count=80480
2026-09-29 13:45:41 | [QUEUE] | iter=1006 | 队列 | sample_queue=0/4 | weight_queues_pending=4/4
2026-09-29 13:45:46 | [UPDATE] | [learner] iter=1007 transitions=40 completion=0.00% reward=-1.450 | cost=2.047s | lr_actor=2.698e-04 lr_critic=2.698e-04 | wv=1002 stale=5 ck=ok| obj=inf completion=0.00% finite_obj=0.0% no_solution=100.0% collision=0.0% spectrum=45.0% action_range=[0.000,1.000] solver_status=optimal:0.0%,infeasible:85.0%,unknown:15.0%,error:0.0%,other:0.0% norm_count=80560
2026-09-29 13:45:46 | [QUEUE] | iter=1007 | 队列 | sample_queue=1/4 | weight_queues_pending=4/4
2026-09-29 13:45:48 | [UPDATE] | [learner] iter=1008 transitions=40 completion=0.00% reward=-1.375 | cost=2.152s | lr_actor=2.698e-04 lr_critic=2.698e-04 | wv=1003 stale=5 ck=ok| obj=inf completion=0.00% finite_obj=0.0% no_solution=100.0% collision=0.0% spectrum=37.5% action_range=[0.001,1.000] solver_status=optimal:0.0%,infeasible:85.0%,unknown:15.0%,error:0.0%,other:0.0% norm_count=80640
2026-09-29 13:45:48 | [QUEUE] | iter=1008 | 队列 | sample_queue=0/4 | weight_queues_pending=4/4
2026-09-29 13:46:04 | [UPDATE] | [learner] iter=1009 transitions=40 completion=0.00% reward=-1.425 | cost=1.984s | lr_actor=2.698e-04 lr_critic=2.698e-04 | wv=1004 stale=5 ck=ok| obj=inf completion=0.00% finite_obj=0.0% no_solution=100.0% collision=0.0% spectrum=40.0% action_range=[0.001,0.999] solver_status=optimal:0.0%,infeasible:97.5%,unknown:2.5%,error:0.0%,other:0.0% norm_count=80720
2026-09-29 13:46:04 | [QUEUE] | iter=1009 | 队列 | sample_queue=0/4 | weight_queues_pending=4/4
2026-09-29 13:46:06 | [UPDATE] | [learner] iter=1010 transitions=40 completion=2.50% reward=-1.351 | cost=2.224s | lr_actor=2.697e-04 lr_critic=2.697e-04 | wv=1005 stale=5 ck=ok| obj=inf completion=2.50% finite_obj=2.5% no_solution=97.5% collision=0.0% spectrum=37.5% action_range=[0.000,0.999] solver_status=optimal:2.5%,infeasible:95.0%,unknown:2.5%,error:0.0%,other:0.0% norm_count=80800
2026-09-29 13:46:06 | [QUEUE] | iter=1010 | 队列 | sample_queue=0/4 | weight_queues_pending=4/4
2026-09-29 13:46:10 | [UPDATE] | [learner] iter=1011 transitions=40 completion=0.00% reward=-1.501 | cost=2.114s | lr_actor=2.697e-04 lr_critic=2.697e-04 | wv=1006 stale=5 ck=ok| obj=inf completion=0.00% finite_obj=2.5% no_solution=97.5% collision=0.0% spectrum=50.0% action_range=[0.000,1.000] solver_status=optimal:2.5%,infeasible:87.5%,unknown:10.0%,error:0.0%,other:0.0% norm_count=80880
2026-09-29 13:46:10 | [QUEUE] | iter=1011 | 队列 | sample_queue=1/4 | weight_queues_pending=4/4
2026-09-29 13:46:12 | [UPDATE] | [learner] iter=1012 transitions=40 completion=0.00% reward=-1.375 | cost=2.180s | lr_actor=2.697e-04 lr_critic=2.697e-04 | wv=1006 stale=6 ck=ok| obj=inf completion=0.00% finite_obj=0.0% no_solution=100.0% collision=0.0% spectrum=37.5% action_range=[0.000,0.999] solver_status=optimal:0.0%,infeasible:95.0%,unknown:5.0%,error:0.0%,other:0.0% norm_count=80960
2026-09-29 13:46:12 | [QUEUE] | iter=1012 | 队列 | sample_queue=0/4 | weight_queues_pending=4/4
2026-09-29 13:46:30 | [UPDATE] | [learner] iter=1013 transitions=40 completion=0.00% reward=-1.250 | cost=2.245s | lr_actor=2.696e-04 lr_critic=2.696e-04 | wv=1009 stale=4 ck=ok| obj=inf completion=0.00% finite_obj=0.0% no_solution=100.0% collision=0.0% spectrum=25.0% action_range=[0.001,0.999] solver_status=optimal:0.0%,infeasible:92.5%,unknown:7.5%,error:0.0%,other:0.0% norm_count=81040
2026-09-29 13:46:30 | [QUEUE] | iter=1013 | 队列 | sample_queue=0/4 | weight_queues_pending=4/4
2026-09-29 13:46:34 | [UPDATE] | [learner] iter=1014 transitions=40 completion=0.00% reward=-1.553 | cost=2.106s | lr_actor=2.696e-04 lr_critic=2.696e-04 | wv=1010 stale=4 ck=ok| obj=inf completion=0.00% finite_obj=2.5% no_solution=97.5% collision=0.0% spectrum=55.0% action_range=[0.000,1.000] solver_status=optimal:2.5%,infeasible:90.0%,unknown:7.5%,error:0.0%,other:0.0% norm_count=81120
2026-09-29 13:46:34 | [QUEUE] | iter=1014 | 队列 | sample_queue=2/4 | weight_queues_pending=4/4
2026-09-29 13:46:37 | [UPDATE] | [learner] iter=1015 transitions=40 completion=0.00% reward=-1.350 | cost=2.209s | lr_actor=2.696e-04 lr_critic=2.696e-04 | wv=1008 stale=7 ck=ok| obj=inf completion=0.00% finite_obj=0.0% no_solution=100.0% collision=0.0% spectrum=35.0% action_range=[0.001,0.999] solver_status=optimal:0.0%,infeasible:95.0%,unknown:5.0%,error:0.0%,other:0.0% norm_count=81200
2026-09-29 13:46:37 | [QUEUE] | iter=1015 | 队列 | sample_queue=1/4 | weight_queues_pending=4/4
2026-09-29 13:46:39 | [UPDATE] | [learner] iter=1016 transitions=40 completion=0.00% reward=-1.379 | cost=2.318s | lr_actor=2.695e-04 lr_critic=2.695e-04 | wv=1010 stale=6 ck=ok| obj=inf completion=0.00% finite_obj=2.5% no_solution=97.5% collision=0.0% spectrum=40.0% action_range=[0.000,1.000] solver_status=optimal:2.5%,infeasible:90.0%,unknown:7.5%,error:0.0%,other:0.0% norm_count=81280
2026-09-29 13:46:39 | [QUEUE] | iter=1016 | 队列 | sample_queue=0/4 | weight_queues_pending=4/4
2026-09-29 13:46:53 | [UPDATE] | [learner] iter=1017 transitions=40 completion=0.00% reward=-1.275 | cost=2.422s | lr_actor=2.695e-04 lr_critic=2.695e-04 | wv=1012 stale=5 ck=ok| obj=inf completion=0.00% finite_obj=0.0% no_solution=100.0% collision=0.0% spectrum=25.0% action_range=[0.000,0.999] solver_status=optimal:0.0%,infeasible:95.0%,unknown:5.0%,error:0.0%,other:0.0% norm_count=81360
2026-09-29 13:46:53 | [QUEUE] | iter=1017 | 队列 | sample_queue=0/4 | weight_queues_pending=4/4
2026-09-29 13:47:00 | [UPDATE] | [learner] iter=1018 transitions=40 completion=0.00% reward=-1.550 | cost=2.113s | lr_actor=2.695e-04 lr_critic=2.695e-04 | wv=1013 stale=5 ck=ok| obj=inf completion=0.00% finite_obj=0.0% no_solution=100.0% collision=0.0% spectrum=47.5% action_range=[0.000,1.000] solver_status=optimal:0.0%,infeasible:90.0%,unknown:10.0%,error:0.0%,other:0.0% norm_count=81440
2026-09-29 13:47:00 | [QUEUE] | iter=1018 | 队列 | sample_queue=2/4 | weight_queues_pending=4/4
2026-09-29 13:47:03 | [UPDATE] | [learner] iter=1019 transitions=40 completion=0.00% reward=-1.378 | cost=2.196s | lr_actor=2.695e-04 lr_critic=2.695e-04 | wv=1013 stale=6 ck=ok| obj=inf completion=0.00% finite_obj=2.5% no_solution=97.5% collision=0.0% spectrum=42.5% action_range=[0.000,0.999] solver_status=optimal:2.5%,infeasible:90.0%,unknown:7.5%,error:0.0%,other:0.0% norm_count=81520
2026-09-29 13:47:03 | [QUEUE] | iter=1019 | 队列 | sample_queue=1/4 | weight_queues_pending=4/4
2026-09-29 13:47:05 | [UPDATE] | [learner] iter=1020 transitions=40 completion=0.00% reward=-1.525 | cost=2.378s | lr_actor=2.694e-04 lr_critic=2.694e-04 | wv=1013 stale=7 ck=ok| obj=inf completion=0.00% finite_obj=0.0% no_solution=100.0% collision=0.0% spectrum=50.0% action_range=[0.001,1.000] solver_status=optimal:0.0%,infeasible:87.5%,unknown:12.5%,error:0.0%,other:0.0% norm_count=81600
2026-09-29 13:47:05 | [QUEUE] | iter=1020 | 队列 | sample_queue=0/4 | weight_queues_pending=4/4
2026-09-29 13:47:13 | [UPDATE] | [learner] iter=1021 transitions=40 completion=0.00% reward=-1.450 | cost=2.124s | lr_actor=2.694e-04 lr_critic=2.694e-04 | wv=1016 stale=5 ck=ok| obj=inf completion=0.00% finite_obj=0.0% no_solution=100.0% collision=0.0% spectrum=37.5% action_range=[0.000,1.000] solver_status=optimal:0.0%,infeasible:87.5%,unknown:12.5%,error:0.0%,other:0.0% norm_count=81680
2026-09-29 13:47:13 | [QUEUE] | iter=1021 | 队列 | sample_queue=0/4 | weight_queues_pending=4/4
2026-09-29 13:47:22 | [UPDATE] | [learner] iter=1022 transitions=40 completion=0.00% reward=-1.200 | cost=2.385s | lr_actor=2.694e-04 lr_critic=2.694e-04 | wv=1017 stale=5 ck=ok| obj=inf completion=0.00% finite_obj=0.0% no_solution=100.0% collision=0.0% spectrum=20.0% action_range=[0.000,1.000] solver_status=optimal:0.0%,infeasible:87.5%,unknown:12.5%,error:0.0%,other:0.0% norm_count=81760
2026-09-29 13:47:22 | [QUEUE] | iter=1022 | 队列 | sample_queue=0/4 | weight_queues_pending=4/4
2026-09-29 13:47:25 | [UPDATE] | [learner] iter=1023 transitions=40 completion=0.00% reward=-1.425 | cost=2.708s | lr_actor=2.693e-04 lr_critic=2.693e-04 | wv=1017 stale=6 ck=ok| obj=inf completion=0.00% finite_obj=0.0% no_solution=100.0% collision=0.0% spectrum=37.5% action_range=[0.000,1.000] solver_status=optimal:0.0%,infeasible:87.5%,unknown:12.5%,error:0.0%,other:0.0% norm_count=81840
2026-09-29 13:47:25 | [QUEUE] | iter=1023 | 队列 | sample_queue=0/4 | weight_queues_pending=4/4
2026-09-29 13:47:30 | [UPDATE] | [learner] iter=1024 transitions=40 completion=0.00% reward=-1.425 | cost=2.334s | lr_actor=2.693e-04 lr_critic=2.693e-04 | wv=1017 stale=7 ck=ok| obj=inf completion=0.00% finite_obj=0.0% no_solution=100.0% collision=0.0% spectrum=40.0% action_range=[0.000,1.000] solver_status=optimal:0.0%,infeasible:92.5%,unknown:7.5%,error:0.0%,other:0.0% norm_count=81920
2026-09-29 13:47:30 | [QUEUE] | iter=1024 | 队列 | sample_queue=0/4 | weight_queues_pending=4/4
2026-09-29 13:47:37 | [UPDATE] | [learner] iter=1025 transitions=40 completion=0.00% reward=-1.350 | cost=2.114s | lr_actor=2.693e-04 lr_critic=2.693e-04 | wv=1020 stale=5 ck=ok| obj=inf completion=0.00% finite_obj=0.0% no_solution=100.0% collision=0.0% spectrum=32.5% action_range=[0.000,0.999] solver_status=optimal:0.0%,infeasible:85.0%,unknown:15.0%,error:0.0%,other:0.0% norm_count=82000
2026-09-29 13:47:37 | [QUEUE] | iter=1025 | 队列 | sample_queue=0/4 | weight_queues_pending=4/4
2026-09-29 13:47:46 | [UPDATE] | [learner] iter=1026 transitions=40 completion=0.00% reward=-1.400 | cost=2.101s | lr_actor=2.692e-04 lr_critic=2.692e-04 | wv=1021 stale=5 ck=ok| obj=inf completion=0.00% finite_obj=0.0% no_solution=100.0% collision=0.0% spectrum=40.0% action_range=[0.001,0.999] solver_status=optimal:0.0%,infeasible:85.0%,unknown:15.0%,error:0.0%,other:0.0% norm_count=82080
2026-09-29 13:47:46 | [QUEUE] | iter=1026 | 队列 | sample_queue=1/4 | weight_queues_pending=4/4
2026-09-29 13:47:48 | [UPDATE] | [learner] iter=1027 transitions=40 completion=0.00% reward=-1.276 | cost=2.280s | lr_actor=2.692e-04 lr_critic=2.692e-04 | wv=1022 stale=5 ck=ok| obj=inf completion=0.00% finite_obj=2.5% no_solution=97.5% collision=0.0% spectrum=27.5% action_range=[0.000,1.000] solver_status=optimal:2.5%,infeasible:95.0%,unknown:2.5%,error:0.0%,other:0.0% norm_count=82160
2026-09-29 13:47:48 | [QUEUE] | iter=1027 | 队列 | sample_queue=0/4 | weight_queues_pending=4/4
2026-09-29 13:47:59 | [UPDATE] | [learner] iter=1028 transitions=40 completion=0.00% reward=-1.200 | cost=2.171s | lr_actor=2.692e-04 lr_critic=2.692e-04 | wv=1023 stale=5 ck=ok| obj=inf completion=0.00% finite_obj=0.0% no_solution=100.0% collision=0.0% spectrum=20.0% action_range=[0.001,1.000] solver_status=optimal:0.0%,infeasible:100.0%,unknown:0.0%,error:0.0%,other:0.0% norm_count=82240
2026-09-29 13:47:59 | [QUEUE] | iter=1028 | 队列 | sample_queue=0/4 | weight_queues_pending=4/4
2026-09-29 13:48:02 | [UPDATE] | [learner] iter=1029 transitions=40 completion=2.50% reward=-1.226 | cost=2.465s | lr_actor=2.692e-04 lr_critic=2.692e-04 | wv=1024 stale=5 ck=ok| obj=inf completion=2.50% finite_obj=2.5% no_solution=97.5% collision=0.0% spectrum=25.0% action_range=[0.000,0.999] solver_status=optimal:2.5%,infeasible:87.5%,unknown:10.0%,error:0.0%,other:0.0% norm_count=82320
2026-09-29 13:48:02 | [QUEUE] | iter=1029 | 队列 | sample_queue=0/4 | weight_queues_pending=4/4
2026-09-29 13:48:10 | [UPDATE] | [learner] iter=1030 transitions=40 completion=0.00% reward=-1.400 | cost=2.168s | lr_actor=2.691e-04 lr_critic=2.691e-04 | wv=1025 stale=5 ck=ok| obj=inf completion=0.00% finite_obj=0.0% no_solution=100.0% collision=0.0% spectrum=40.0% action_range=[0.001,0.999] solver_status=optimal:0.0%,infeasible:92.5%,unknown:7.5%,error:0.0%,other:0.0% norm_count=82400
2026-09-29 13:48:10 | [QUEUE] | iter=1030 | 队列 | sample_queue=1/4 | weight_queues_pending=4/4
2026-09-29 13:48:13 | [UPDATE] | [learner] iter=1031 transitions=40 completion=0.00% reward=-1.450 | cost=2.316s | lr_actor=2.691e-04 lr_critic=2.691e-04 | wv=1025 stale=6 ck=ok| obj=inf completion=0.00% finite_obj=0.0% no_solution=100.0% collision=0.0% spectrum=37.5% action_range=[0.000,1.000] solver_status=optimal:0.0%,infeasible:87.5%,unknown:12.5%,error:0.0%,other:0.0% norm_count=82480
2026-09-29 13:48:13 | [QUEUE] | iter=1031 | 队列 | sample_queue=0/4 | weight_queues_pending=4/4
2026-09-29 13:48:22 | [UPDATE] | [learner] iter=1032 transitions=40 completion=0.00% reward=-1.325 | cost=2.132s | lr_actor=2.691e-04 lr_critic=2.691e-04 | wv=1028 stale=4 ck=ok| obj=inf completion=0.00% finite_obj=0.0% no_solution=100.0% collision=0.0% spectrum=30.0% action_range=[0.000,1.000] solver_status=optimal:0.0%,infeasible:90.0%,unknown:10.0%,error:0.0%,other:0.0% norm_count=82560
2026-09-29 13:48:22 | [QUEUE] | iter=1032 | 队列 | sample_queue=0/4 | weight_queues_pending=4/4
2026-09-29 13:48:25 | [UPDATE] | [learner] iter=1033 transitions=40 completion=0.00% reward=-1.500 | cost=2.193s | lr_actor=2.690e-04 lr_critic=2.690e-04 | wv=1027 stale=6 ck=ok| obj=inf completion=0.00% finite_obj=0.0% no_solution=100.0% collision=0.0% spectrum=45.0% action_range=[0.000,0.999] solver_status=optimal:0.0%,infeasible:97.5%,unknown:2.5%,error:0.0%,other:0.0% norm_count=82640
2026-09-29 13:48:25 | [QUEUE] | iter=1033 | 队列 | sample_queue=0/4 | weight_queues_pending=4/4
2026-09-29 13:48:35 | [UPDATE] | [learner] iter=1034 transitions=40 completion=0.00% reward=-1.426 | cost=2.212s | lr_actor=2.690e-04 lr_critic=2.690e-04 | wv=1029 stale=5 ck=ok| obj=inf completion=0.00% finite_obj=2.5% no_solution=97.5% collision=0.0% spectrum=47.5% action_range=[0.001,0.999] solver_status=optimal:2.5%,infeasible:90.0%,unknown:7.5%,error:0.0%,other:0.0% norm_count=82720
2026-09-29 13:48:35 | [QUEUE] | iter=1034 | 队列 | sample_queue=1/4 | weight_queues_pending=4/4
2026-09-29 13:48:37 | [UPDATE] | [learner] iter=1035 transitions=40 completion=0.00% reward=-1.400 | cost=2.343s | lr_actor=2.690e-04 lr_critic=2.690e-04 | wv=1029 stale=6 ck=ok| obj=inf completion=0.00% finite_obj=0.0% no_solution=100.0% collision=0.0% spectrum=37.5% action_range=[0.000,1.000] solver_status=optimal:0.0%,infeasible:90.0%,unknown:10.0%,error:0.0%,other:0.0% norm_count=82800
2026-09-29 13:48:37 | [QUEUE] | iter=1035 | 队列 | sample_queue=0/4 | weight_queues_pending=4/4
2026-09-29 13:48:46 | [UPDATE] | [learner] iter=1036 transitions=40 completion=2.50% reward=-1.278 | cost=2.148s | lr_actor=2.689e-04 lr_critic=2.689e-04 | wv=1031 stale=5 ck=ok| obj=inf completion=2.50% finite_obj=2.5% no_solution=97.5% collision=0.0% spectrum=32.5% action_range=[0.000,0.998] solver_status=optimal:2.5%,infeasible:90.0%,unknown:7.5%,error:0.0%,other:0.0% norm_count=82880
2026-09-29 13:48:46 | [QUEUE] | iter=1036 | 队列 | sample_queue=0/4 | weight_queues_pending=4/4
2026-09-29 13:48:56 | [UPDATE] | [learner] iter=1037 transitions=40 completion=0.00% reward=-1.425 | cost=2.381s | lr_actor=2.689e-04 lr_critic=2.689e-04 | wv=1032 stale=5 ck=ok| obj=inf completion=0.00% finite_obj=0.0% no_solution=100.0% collision=0.0% spectrum=40.0% action_range=[0.000,0.999] solver_status=optimal:0.0%,infeasible:92.5%,unknown:7.5%,error:0.0%,other:0.0% norm_count=82960
2026-09-29 13:48:56 | [QUEUE] | iter=1037 | 队列 | sample_queue=0/4 | weight_queues_pending=4/4
2026-09-29 13:49:01 | [UPDATE] | [learner] iter=1038 transitions=40 completion=2.50% reward=-1.552 | cost=2.163s | lr_actor=2.689e-04 lr_critic=2.689e-04 | wv=1033 stale=5 ck=ok| obj=inf completion=2.50% finite_obj=2.5% no_solution=97.5% collision=0.0% spectrum=55.0% action_range=[0.003,0.999] solver_status=optimal:2.5%,infeasible:92.5%,unknown:5.0%,error:0.0%,other:0.0% norm_count=83040
2026-09-29 13:49:01 | [QUEUE] | iter=1038 | 队列 | sample_queue=1/4 | weight_queues_pending=4/4
2026-09-29 13:49:03 | [UPDATE] | [learner] iter=1039 transitions=40 completion=0.00% reward=-1.250 | cost=2.495s | lr_actor=2.689e-04 lr_critic=2.689e-04 | wv=1033 stale=6 ck=ok| obj=inf completion=0.00% finite_obj=0.0% no_solution=100.0% collision=0.0% spectrum=25.0% action_range=[0.000,1.000] solver_status=optimal:0.0%,infeasible:90.0%,unknown:10.0%,error:0.0%,other:0.0% norm_count=83120
2026-09-29 13:49:03 | [QUEUE] | iter=1039 | 队列 | sample_queue=0/4 | weight_queues_pending=4/4
2026-09-29 13:49:11 | [UPDATE] | [learner] iter=1040 transitions=40 completion=0.00% reward=-1.400 | cost=2.511s | lr_actor=2.688e-04 lr_critic=2.688e-04 | wv=1035 stale=5 ck=ok| obj=inf completion=0.00% finite_obj=0.0% no_solution=100.0% collision=0.0% spectrum=40.0% action_range=[0.000,1.000] solver_status=optimal:0.0%,infeasible:97.5%,unknown:2.5%,error:0.0%,other:0.0% norm_count=83200
2026-09-29 13:49:11 | [QUEUE] | iter=1040 | 队列 | sample_queue=0/4 | weight_queues_pending=4/4
2026-09-29 13:49:22 | [UPDATE] | [learner] iter=1041 transitions=40 completion=0.00% reward=-1.450 | cost=2.254s | lr_actor=2.688e-04 lr_critic=2.688e-04 | wv=1037 stale=4 ck=ok| obj=inf completion=0.00% finite_obj=0.0% no_solution=100.0% collision=0.0% spectrum=45.0% action_range=[0.001,1.000] solver_status=optimal:0.0%,infeasible:85.0%,unknown:15.0%,error:0.0%,other:0.0% norm_count=83280
2026-09-29 13:49:22 | [QUEUE] | iter=1041 | 队列 | sample_queue=1/4 | weight_queues_pending=4/4
2026-09-29 13:49:24 | [UPDATE] | [learner] iter=1042 transitions=40 completion=0.00% reward=-1.375 | cost=2.179s | lr_actor=2.688e-04 lr_critic=2.688e-04 | wv=1037 stale=5 ck=ok| obj=inf completion=0.00% finite_obj=0.0% no_solution=100.0% collision=0.0% spectrum=30.0% action_range=[0.000,1.000] solver_status=optimal:0.0%,infeasible:90.0%,unknown:10.0%,error:0.0%,other:0.0% norm_count=83360
2026-09-29 13:49:24 | [QUEUE] | iter=1042 | 队列 | sample_queue=0/4 | weight_queues_pending=4/4
2026-09-29 13:49:27 | [UPDATE] | [learner] iter=1043 transitions=40 completion=0.00% reward=-1.400 | cost=2.304s | lr_actor=2.687e-04 lr_critic=2.687e-04 | wv=1036 stale=7 ck=ok| obj=inf completion=0.00% finite_obj=0.0% no_solution=100.0% collision=0.0% spectrum=40.0% action_range=[0.000,1.000] solver_status=optimal:0.0%,infeasible:92.5%,unknown:7.5%,error:0.0%,other:0.0% norm_count=83440
2026-09-29 13:49:27 | [QUEUE] | iter=1043 | 队列 | sample_queue=0/4 | weight_queues_pending=4/4
2026-09-29 13:49:32 | [UPDATE] | [learner] iter=1044 transitions=40 completion=0.00% reward=-1.200 | cost=2.145s | lr_actor=2.687e-04 lr_critic=2.687e-04 | wv=1039 stale=5 ck=ok| obj=inf completion=0.00% finite_obj=0.0% no_solution=100.0% collision=0.0% spectrum=20.0% action_range=[0.001,0.999] solver_status=optimal:0.0%,infeasible:90.0%,unknown:10.0%,error:0.0%,other:0.0% norm_count=83520
2026-09-29 13:49:32 | [QUEUE] | iter=1044 | 队列 | sample_queue=0/4 | weight_queues_pending=4/4
2026-09-29 13:49:45 | [UPDATE] | [learner] iter=1045 transitions=40 completion=0.00% reward=-1.225 | cost=2.071s | lr_actor=2.687e-04 lr_critic=2.687e-04 | wv=1040 stale=5 ck=ok| obj=inf completion=0.00% finite_obj=0.0% no_solution=100.0% collision=0.0% spectrum=22.5% action_range=[0.000,1.000] solver_status=optimal:0.0%,infeasible:90.0%,unknown:10.0%,error:0.0%,other:0.0% norm_count=83600
2026-09-29 13:49:45 | [QUEUE] | iter=1045 | 队列 | sample_queue=0/4 | weight_queues_pending=4/4
2026-09-29 13:49:51 | [UPDATE] | [learner] iter=1046 transitions=40 completion=2.50% reward=-1.303 | cost=2.396s | lr_actor=2.686e-04 lr_critic=2.686e-04 | wv=1040 stale=6 ck=ok| obj=inf completion=2.50% finite_obj=2.5% no_solution=97.5% collision=0.0% spectrum=32.5% action_range=[0.001,1.000] solver_status=optimal:2.5%,infeasible:92.5%,unknown:5.0%,error:0.0%,other:0.0% norm_count=83680
2026-09-29 13:49:51 | [QUEUE] | iter=1046 | 队列 | sample_queue=1/4 | weight_queues_pending=4/4
2026-09-29 13:49:53 | [UPDATE] | [learner] iter=1047 transitions=40 completion=0.00% reward=-1.425 | cost=2.395s | lr_actor=2.686e-04 lr_critic=2.686e-04 | wv=1042 stale=5 ck=ok| obj=inf completion=0.00% finite_obj=0.0% no_solution=100.0% collision=0.0% spectrum=40.0% action_range=[0.001,1.000] solver_status=optimal:0.0%,infeasible:97.5%,unknown:2.5%,error:0.0%,other:0.0% norm_count=83760
2026-09-29 13:49:53 | [QUEUE] | iter=1047 | 队列 | sample_queue=0/4 | weight_queues_pending=4/4
2026-09-29 13:49:56 | [UPDATE] | [learner] iter=1048 transitions=40 completion=0.00% reward=-1.550 | cost=2.348s | lr_actor=2.686e-04 lr_critic=2.686e-04 | wv=1043 stale=5 ck=ok| obj=inf completion=0.00% finite_obj=0.0% no_solution=100.0% collision=0.0% spectrum=50.0% action_range=[0.001,1.000] solver_status=optimal:0.0%,infeasible:90.0%,unknown:10.0%,error:0.0%,other:0.0% norm_count=83840
2026-09-29 13:49:56 | [QUEUE] | iter=1048 | 队列 | sample_queue=0/4 | weight_queues_pending=4/4
2026-09-29 13:50:12 | [UPDATE] | [learner] iter=1049 transitions=40 completion=2.50% reward=-1.352 | cost=2.147s | lr_actor=2.686e-04 lr_critic=2.686e-04 | wv=1044 stale=5 ck=ok| obj=inf completion=2.50% finite_obj=2.5% no_solution=97.5% collision=0.0% spectrum=37.5% action_range=[0.001,1.000] solver_status=optimal:2.5%,infeasible:92.5%,unknown:5.0%,error:0.0%,other:0.0% norm_count=83920
2026-09-29 13:50:12 | [QUEUE] | iter=1049 | 队列 | sample_queue=1/4 | weight_queues_pending=4/4
2026-09-29 13:50:14 | [UPDATE] | [learner] iter=1050 transitions=40 completion=0.00% reward=-1.500 | cost=2.568s | lr_actor=2.685e-04 lr_critic=2.685e-04 | wv=1045 stale=5 ck=ok| obj=inf completion=0.00% finite_obj=0.0% no_solution=100.0% collision=0.0% spectrum=42.5% action_range=[0.000,0.998] solver_status=optimal:0.0%,infeasible:97.5%,unknown:2.5%,error:0.0%,other:0.0% norm_count=84000
2026-09-29 13:50:14 | [QUEUE] | iter=1050 | 队列 | sample_queue=0/4 | weight_queues_pending=4/4
2026-09-29 13:50:18 | [UPDATE] | [learner] iter=1051 transitions=40 completion=5.00% reward=-1.301 | cost=2.084s | lr_actor=2.685e-04 lr_critic=2.685e-04 | wv=1043 stale=8 ck=ok| obj=inf completion=5.00% finite_obj=5.0% no_solution=95.0% collision=0.0% spectrum=37.5% action_range=[0.000,1.000] solver_status=optimal:5.0%,infeasible:90.0%,unknown:5.0%,error:0.0%,other:0.0% norm_count=84080
2026-09-29 13:50:18 | [QUEUE] | iter=1051 | 队列 | sample_queue=1/4 | weight_queues_pending=4/4
2026-09-29 13:50:20 | [UPDATE] | [learner] iter=1052 transitions=40 completion=2.50% reward=-1.327 | cost=2.010s | lr_actor=2.685e-04 lr_critic=2.685e-04 | wv=1045 stale=7 ck=ok| obj=inf completion=2.50% finite_obj=2.5% no_solution=97.5% collision=0.0% spectrum=35.0% action_range=[0.002,1.000] solver_status=optimal:2.5%,infeasible:80.0%,unknown:17.5%,error:0.0%,other:0.0% norm_count=84160
2026-09-29 13:50:20 | [QUEUE] | iter=1052 | 队列 | sample_queue=0/4 | weight_queues_pending=4/4
2026-09-29 13:50:35 | [UPDATE] | [learner] iter=1053 transitions=40 completion=0.00% reward=-1.275 | cost=2.134s | lr_actor=2.684e-04 lr_critic=2.684e-04 | wv=1048 stale=5 ck=ok| obj=inf completion=0.00% finite_obj=0.0% no_solution=100.0% collision=0.0% spectrum=27.5% action_range=[0.000,1.000] solver_status=optimal:0.0%,infeasible:92.5%,unknown:7.5%,error:0.0%,other:0.0% norm_count=84240
2026-09-29 13:50:35 | [QUEUE] | iter=1053 | 队列 | sample_queue=1/4 | weight_queues_pending=4/4
2026-09-29 13:50:38 | [UPDATE] | [learner] iter=1054 transitions=40 completion=2.50% reward=-1.479 | cost=2.692s | lr_actor=2.684e-04 lr_critic=2.684e-04 | wv=1048 stale=6 ck=ok| obj=inf completion=2.50% finite_obj=2.5% no_solution=97.5% collision=0.0% spectrum=45.0% action_range=[0.001,1.000] solver_status=optimal:2.5%,infeasible:97.5%,unknown:0.0%,error:0.0%,other:0.0% norm_count=84320
2026-09-29 13:50:38 | [QUEUE] | iter=1054 | 队列 | sample_queue=1/4 | weight_queues_pending=4/4
2026-09-29 13:50:40 | [UPDATE] | [learner] iter=1055 transitions=40 completion=0.00% reward=-1.200 | cost=2.243s | lr_actor=2.684e-04 lr_critic=2.684e-04 | wv=1050 stale=5 ck=ok| obj=inf completion=0.00% finite_obj=0.0% no_solution=100.0% collision=0.0% spectrum=17.5% action_range=[0.000,0.999] solver_status=optimal:0.0%,infeasible:87.5%,unknown:12.5%,error:0.0%,other:0.0% norm_count=84400
2026-09-29 13:50:40 | [QUEUE] | iter=1055 | 队列 | sample_queue=0/4 | weight_queues_pending=4/4
2026-09-29 13:50:46 | [UPDATE] | [learner] iter=1056 transitions=40 completion=0.00% reward=-1.525 | cost=2.025s | lr_actor=2.683e-04 lr_critic=2.683e-04 | wv=1050 stale=6 ck=ok| obj=inf completion=0.00% finite_obj=0.0% no_solution=100.0% collision=0.0% spectrum=45.0% action_range=[0.000,0.999] solver_status=optimal:0.0%,infeasible:95.0%,unknown:5.0%,error:0.0%,other:0.0% norm_count=84480
2026-09-29 13:50:46 | [QUEUE] | iter=1056 | 队列 | sample_queue=0/4 | weight_queues_pending=4/4
2026-09-29 13:51:00 | [UPDATE] | [learner] iter=1057 transitions=40 completion=2.50% reward=-1.378 | cost=2.167s | lr_actor=2.683e-04 lr_critic=2.683e-04 | wv=1052 stale=5 ck=ok| obj=inf completion=2.50% finite_obj=2.5% no_solution=97.5% collision=0.0% spectrum=40.0% action_range=[0.000,1.000] solver_status=optimal:2.5%,infeasible:92.5%,unknown:5.0%,error:0.0%,other:0.0% norm_count=84560
2026-09-29 13:51:00 | [QUEUE] | iter=1057 | 队列 | sample_queue=2/4 | weight_queues_pending=4/4
2026-09-29 13:51:02 | [UPDATE] | [learner] iter=1058 transitions=40 completion=0.00% reward=-1.300 | cost=2.398s | lr_actor=2.683e-04 lr_critic=2.683e-04 | wv=1052 stale=6 ck=ok| obj=inf completion=0.00% finite_obj=0.0% no_solution=100.0% collision=0.0% spectrum=30.0% action_range=[0.001,1.000] solver_status=optimal:0.0%,infeasible:80.0%,unknown:20.0%,error:0.0%,other:0.0% norm_count=84640
2026-09-29 13:51:02 | [QUEUE] | iter=1058 | 队列 | sample_queue=1/4 | weight_queues_pending=4/4
2026-09-29 13:51:04 | [UPDATE] | [learner] iter=1059 transitions=40 completion=0.00% reward=-1.350 | cost=2.046s | lr_actor=2.683e-04 lr_critic=2.683e-04 | wv=1053 stale=6 ck=ok| obj=inf completion=0.00% finite_obj=0.0% no_solution=100.0% collision=0.0% spectrum=32.5% action_range=[0.000,0.999] solver_status=optimal:0.0%,infeasible:85.0%,unknown:15.0%,error:0.0%,other:0.0% norm_count=84720
2026-09-29 13:51:04 | [QUEUE] | iter=1059 | 队列 | sample_queue=0/4 | weight_queues_pending=4/4
2026-09-29 13:51:13 | [UPDATE] | [learner] iter=1060 transitions=40 completion=0.00% reward=-1.350 | cost=2.158s | lr_actor=2.682e-04 lr_critic=2.682e-04 | wv=1055 stale=5 ck=ok| obj=inf completion=0.00% finite_obj=0.0% no_solution=100.0% collision=0.0% spectrum=32.5% action_range=[0.000,0.998] solver_status=optimal:0.0%,infeasible:92.5%,unknown:7.5%,error:0.0%,other:0.0% norm_count=84800
2026-09-29 13:51:13 | [QUEUE] | iter=1060 | 队列 | sample_queue=0/4 | weight_queues_pending=4/4
2026-09-29 13:51:23 | [UPDATE] | [learner] iter=1061 transitions=40 completion=0.00% reward=-1.450 | cost=2.117s | lr_actor=2.682e-04 lr_critic=2.682e-04 | wv=1056 stale=5 ck=ok| obj=inf completion=0.00% finite_obj=0.0% no_solution=100.0% collision=0.0% spectrum=40.0% action_range=[0.000,1.000] solver_status=optimal:0.0%,infeasible:92.5%,unknown:7.5%,error:0.0%,other:0.0% norm_count=84880
2026-09-29 13:51:23 | [QUEUE] | iter=1061 | 队列 | sample_queue=1/4 | weight_queues_pending=4/4
2026-09-29 13:51:25 | [UPDATE] | [learner] iter=1062 transitions=40 completion=0.00% reward=-1.300 | cost=2.203s | lr_actor=2.682e-04 lr_critic=2.682e-04 | wv=1056 stale=6 ck=ok| obj=inf completion=0.00% finite_obj=0.0% no_solution=100.0% collision=0.0% spectrum=27.5% action_range=[0.000,1.000] solver_status=optimal:0.0%,infeasible:92.5%,unknown:7.5%,error:0.0%,other:0.0% norm_count=84960
2026-09-29 13:51:25 | [QUEUE] | iter=1062 | 队列 | sample_queue=1/4 | weight_queues_pending=4/4
2026-09-29 13:51:28 | [UPDATE] | [learner] iter=1063 transitions=40 completion=0.00% reward=-1.325 | cost=2.407s | lr_actor=2.681e-04 lr_critic=2.681e-04 | wv=1056 stale=7 ck=ok| obj=inf completion=0.00% finite_obj=0.0% no_solution=100.0% collision=0.0% spectrum=27.5% action_range=[0.000,0.999] solver_status=optimal:0.0%,infeasible:97.5%,unknown:2.5%,error:0.0%,other:0.0% norm_count=85040
2026-09-29 13:51:28 | [QUEUE] | iter=1063 | 队列 | sample_queue=0/4 | weight_queues_pending=4/4
2026-09-29 13:51:42 | [UPDATE] | [learner] iter=1064 transitions=40 completion=5.00% reward=-1.303 | cost=2.104s | lr_actor=2.681e-04 lr_critic=2.681e-04 | wv=1059 stale=5 ck=ok| obj=inf completion=5.00% finite_obj=5.0% no_solution=95.0% collision=0.0% spectrum=40.0% action_range=[0.000,1.000] solver_status=optimal:5.0%,infeasible:87.5%,unknown:7.5%,error:0.0%,other:0.0% norm_count=85120
2026-09-29 13:51:42 | [QUEUE] | iter=1064 | 队列 | sample_queue=0/4 | weight_queues_pending=4/4
2026-09-29 13:51:47 | [UPDATE] | [learner] iter=1065 transitions=40 completion=0.00% reward=-1.500 | cost=2.056s | lr_actor=2.681e-04 lr_critic=2.681e-04 | wv=1060 stale=5 ck=ok| obj=inf completion=0.00% finite_obj=0.0% no_solution=100.0% collision=0.0% spectrum=47.5% action_range=[0.001,0.998] solver_status=optimal:0.0%,infeasible:95.0%,unknown:5.0%,error:0.0%,other:0.0% norm_count=85200
2026-09-29 13:51:47 | [QUEUE] | iter=1065 | 队列 | sample_queue=1/4 | weight_queues_pending=4/4
2026-09-29 13:51:50 | [UPDATE] | [learner] iter=1066 transitions=40 completion=0.00% reward=-1.475 | cost=2.103s | lr_actor=2.680e-04 lr_critic=2.680e-04 | wv=1061 stale=5 ck=ok| obj=inf completion=0.00% finite_obj=0.0% no_solution=100.0% collision=0.0% spectrum=45.0% action_range=[0.001,1.000] solver_status=optimal:0.0%,infeasible:90.0%,unknown:10.0%,error:0.0%,other:0.0% norm_count=85280
2026-09-29 13:51:50 | [QUEUE] | iter=1066 | 队列 | sample_queue=1/4 | weight_queues_pending=4/4
2026-09-29 13:51:52 | [UPDATE] | [learner] iter=1067 transitions=40 completion=0.00% reward=-1.275 | cost=2.180s | lr_actor=2.680e-04 lr_critic=2.680e-04 | wv=1060 stale=7 ck=ok| obj=inf completion=0.00% finite_obj=0.0% no_solution=100.0% collision=0.0% spectrum=27.5% action_range=[0.000,1.000] solver_status=optimal:0.0%,infeasible:95.0%,unknown:5.0%,error:0.0%,other:0.0% norm_count=85360
2026-09-29 13:51:52 | [QUEUE] | iter=1067 | 队列 | sample_queue=0/4 | weight_queues_pending=4/4
2026-09-29 13:52:12 | [UPDATE] | [learner] iter=1068 transitions=40 completion=0.00% reward=-1.300 | cost=2.199s | lr_actor=2.680e-04 lr_critic=2.680e-04 | wv=1064 stale=4 ck=ok| obj=inf completion=0.00% finite_obj=0.0% no_solution=100.0% collision=0.0% spectrum=30.0% action_range=[0.001,1.000] solver_status=optimal:0.0%,infeasible:95.0%,unknown:5.0%,error:0.0%,other:0.0% norm_count=85440
2026-09-29 13:52:12 | [QUEUE] | iter=1068 | 队列 | sample_queue=2/4 | weight_queues_pending=4/4
2026-09-29 13:52:14 | [UPDATE] | [learner] iter=1069 transitions=40 completion=0.00% reward=-1.375 | cost=2.112s | lr_actor=2.680e-04 lr_critic=2.680e-04 | wv=1064 stale=5 ck=ok| obj=inf completion=0.00% finite_obj=0.0% no_solution=100.0% collision=0.0% spectrum=32.5% action_range=[0.000,0.999] solver_status=optimal:0.0%,infeasible:95.0%,unknown:5.0%,error:0.0%,other:0.0% norm_count=85520
2026-09-29 13:52:14 | [QUEUE] | iter=1069 | 队列 | sample_queue=1/4 | weight_queues_pending=4/4
2026-09-29 13:52:16 | [UPDATE] | [learner] iter=1070 transitions=40 completion=0.00% reward=-1.351 | cost=2.466s | lr_actor=2.679e-04 lr_critic=2.679e-04 | wv=1063 stale=7 ck=ok| obj=inf completion=0.00% finite_obj=2.5% no_solution=97.5% collision=0.0% spectrum=40.0% action_range=[0.000,0.999] solver_status=optimal:2.5%,infeasible:87.5%,unknown:10.0%,error:0.0%,other:0.0% norm_count=85600
2026-09-29 13:52:16 | [QUEUE] | iter=1070 | 队列 | sample_queue=1/4 | weight_queues_pending=4/4
2026-09-29 13:52:19 | [UPDATE] | [learner] iter=1071 transitions=40 completion=0.00% reward=-1.300 | cost=2.243s | lr_actor=2.679e-04 lr_critic=2.679e-04 | wv=1065 stale=6 ck=ok| obj=inf completion=0.00% finite_obj=0.0% no_solution=100.0% collision=0.0% spectrum=30.0% action_range=[0.001,1.000] solver_status=optimal:0.0%,infeasible:82.5%,unknown:17.5%,error:0.0%,other:0.0% norm_count=85680
2026-09-29 13:52:19 | [QUEUE] | iter=1071 | 队列 | sample_queue=0/4 | weight_queues_pending=4/4
2026-09-29 13:52:32 | [UPDATE] | [learner] iter=1072 transitions=40 completion=0.00% reward=-1.350 | cost=2.159s | lr_actor=2.679e-04 lr_critic=2.679e-04 | wv=1067 stale=5 ck=ok| obj=inf completion=0.00% finite_obj=0.0% no_solution=100.0% collision=0.0% spectrum=32.5% action_range=[0.003,0.998] solver_status=optimal:0.0%,infeasible:82.5%,unknown:17.5%,error:0.0%,other:0.0% norm_count=85760
2026-09-29 13:52:32 | [QUEUE] | iter=1072 | 队列 | sample_queue=0/4 | weight_queues_pending=4/4
2026-09-29 13:52:36 | [UPDATE] | [learner] iter=1073 transitions=40 completion=0.00% reward=-1.350 | cost=2.226s | lr_actor=2.678e-04 lr_critic=2.678e-04 | wv=1067 stale=6 ck=ok| obj=inf completion=0.00% finite_obj=0.0% no_solution=100.0% collision=0.0% spectrum=30.0% action_range=[0.000,0.999] solver_status=optimal:0.0%,infeasible:87.5%,unknown:12.5%,error:0.0%,other:0.0% norm_count=85840
2026-09-29 13:52:36 | [QUEUE] | iter=1073 | 队列 | sample_queue=1/4 | weight_queues_pending=4/4
2026-09-29 13:52:38 | [UPDATE] | [learner] iter=1074 transitions=40 completion=2.50% reward=-1.253 | cost=2.325s | lr_actor=2.678e-04 lr_critic=2.678e-04 | wv=1067 stale=7 ck=ok| obj=inf completion=2.50% finite_obj=2.5% no_solution=97.5% collision=0.0% spectrum=27.5% action_range=[0.001,1.000] solver_status=optimal:2.5%,infeasible:95.0%,unknown:2.5%,error:0.0%,other:0.0% norm_count=85920
2026-09-29 13:52:38 | [QUEUE] | iter=1074 | 队列 | sample_queue=0/4 | weight_queues_pending=4/4
2026-09-29 13:52:42 | [UPDATE] | [learner] iter=1075 transitions=40 completion=0.00% reward=-1.375 | cost=1.860s | lr_actor=2.678e-04 lr_critic=2.678e-04 | wv=1069 stale=6 ck=ok| obj=inf completion=0.00% finite_obj=0.0% no_solution=100.0% collision=0.0% spectrum=35.0% action_range=[0.000,1.000] solver_status=optimal:0.0%,infeasible:90.0%,unknown:10.0%,error:0.0%,other:0.0% norm_count=86000
2026-09-29 13:52:42 | [QUEUE] | iter=1075 | 队列 | sample_queue=0/4 | weight_queues_pending=4/4
2026-09-29 13:52:53 | [UPDATE] | [learner] iter=1076 transitions=40 completion=0.00% reward=-1.525 | cost=2.239s | lr_actor=2.677e-04 lr_critic=2.677e-04 | wv=1071 stale=5 ck=ok| obj=inf completion=0.00% finite_obj=0.0% no_solution=100.0% collision=0.0% spectrum=52.5% action_range=[0.001,0.999] solver_status=optimal:0.0%,infeasible:90.0%,unknown:10.0%,error:0.0%,other:0.0% norm_count=86080
2026-09-29 13:52:53 | [QUEUE] | iter=1076 | 队列 | sample_queue=0/4 | weight_queues_pending=4/4
2026-09-29 13:52:57 | [UPDATE] | [learner] iter=1077 transitions=40 completion=0.00% reward=-1.350 | cost=2.560s | lr_actor=2.677e-04 lr_critic=2.677e-04 | wv=1072 stale=5 ck=ok| obj=inf completion=0.00% finite_obj=0.0% no_solution=100.0% collision=0.0% spectrum=32.5% action_range=[0.000,1.000] solver_status=optimal:0.0%,infeasible:87.5%,unknown:12.5%,error:0.0%,other:0.0% norm_count=86160
2026-09-29 13:52:57 | [QUEUE] | iter=1077 | 队列 | sample_queue=0/4 | weight_queues_pending=4/4
2026-09-29 13:53:04 | [UPDATE] | [learner] iter=1078 transitions=40 completion=0.00% reward=-1.400 | cost=2.174s | lr_actor=2.677e-04 lr_critic=2.677e-04 | wv=1074 stale=4 ck=ok| obj=inf completion=0.00% finite_obj=0.0% no_solution=100.0% collision=0.0% spectrum=40.0% action_range=[0.000,1.000] solver_status=optimal:0.0%,infeasible:87.5%,unknown:12.5%,error:0.0%,other:0.0% norm_count=86240
2026-09-29 13:53:04 | [QUEUE] | iter=1078 | 队列 | sample_queue=1/4 | weight_queues_pending=4/4
2026-09-29 13:53:06 | [UPDATE] | [learner] iter=1079 transitions=40 completion=0.00% reward=-1.500 | cost=2.307s | lr_actor=2.677e-04 lr_critic=2.677e-04 | wv=1072 stale=7 ck=ok| obj=inf completion=0.00% finite_obj=0.0% no_solution=100.0% collision=0.0% spectrum=47.5% action_range=[0.000,0.999] solver_status=optimal:0.0%,infeasible:87.5%,unknown:12.5%,error:0.0%,other:0.0% norm_count=86320
2026-09-29 13:53:06 | [QUEUE] | iter=1079 | 队列 | sample_queue=0/4 | weight_queues_pending=4/4
2026-09-29 13:53:19 | [UPDATE] | [learner] iter=1080 transitions=40 completion=0.00% reward=-1.375 | cost=2.037s | lr_actor=2.676e-04 lr_critic=2.676e-04 | wv=1076 stale=4 ck=ok| obj=inf completion=0.00% finite_obj=0.0% no_solution=100.0% collision=0.0% spectrum=37.5% action_range=[0.000,0.999] solver_status=optimal:0.0%,infeasible:90.0%,unknown:10.0%,error:0.0%,other:0.0% norm_count=86400
2026-09-29 13:53:19 | [QUEUE] | iter=1080 | 队列 | sample_queue=0/4 | weight_queues_pending=4/4
2026-09-29 13:53:22 | [UPDATE] | [learner] iter=1081 transitions=40 completion=0.00% reward=-1.425 | cost=2.386s | lr_actor=2.676e-04 lr_critic=2.676e-04 | wv=1075 stale=6 ck=ok| obj=inf completion=0.00% finite_obj=0.0% no_solution=100.0% collision=0.0% spectrum=42.5% action_range=[0.000,0.999] solver_status=optimal:0.0%,infeasible:100.0%,unknown:0.0%,error:0.0%,other:0.0% norm_count=86480
2026-09-29 13:53:22 | [QUEUE] | iter=1081 | 队列 | sample_queue=0/4 | weight_queues_pending=4/4
2026-09-29 13:53:27 | [UPDATE] | [learner] iter=1082 transitions=40 completion=0.00% reward=-1.425 | cost=2.460s | lr_actor=2.676e-04 lr_critic=2.676e-04 | wv=1077 stale=5 ck=ok| obj=inf completion=0.00% finite_obj=0.0% no_solution=100.0% collision=0.0% spectrum=40.0% action_range=[0.001,0.999] solver_status=optimal:0.0%,infeasible:95.0%,unknown:5.0%,error:0.0%,other:0.0% norm_count=86560
2026-09-29 13:53:27 | [QUEUE] | iter=1082 | 队列 | sample_queue=0/4 | weight_queues_pending=4/4
2026-09-29 13:53:35 | [UPDATE] | [learner] iter=1083 transitions=40 completion=0.00% reward=-1.250 | cost=2.335s | lr_actor=2.675e-04 lr_critic=2.675e-04 | wv=1077 stale=6 ck=ok| obj=inf completion=0.00% finite_obj=0.0% no_solution=100.0% collision=0.0% spectrum=25.0% action_range=[0.001,0.999] solver_status=optimal:0.0%,infeasible:82.5%,unknown:17.5%,error:0.0%,other:0.0% norm_count=86640
2026-09-29 13:53:35 | [QUEUE] | iter=1083 | 队列 | sample_queue=0/4 | weight_queues_pending=4/4
2026-09-29 13:53:41 | [UPDATE] | [learner] iter=1084 transitions=40 completion=0.00% reward=-1.350 | cost=2.271s | lr_actor=2.675e-04 lr_critic=2.675e-04 | wv=1079 stale=5 ck=ok| obj=inf completion=0.00% finite_obj=0.0% no_solution=100.0% collision=0.0% spectrum=32.5% action_range=[0.000,1.000] solver_status=optimal:0.0%,infeasible:95.0%,unknown:5.0%,error:0.0%,other:0.0% norm_count=86720
2026-09-29 13:53:41 | [QUEUE] | iter=1084 | 队列 | sample_queue=0/4 | weight_queues_pending=4/4
2026-09-29 13:53:44 | [UPDATE] | [learner] iter=1085 transitions=40 completion=0.00% reward=-1.300 | cost=2.180s | lr_actor=2.675e-04 lr_critic=2.675e-04 | wv=1080 stale=5 ck=ok| obj=inf completion=0.00% finite_obj=0.0% no_solution=100.0% collision=0.0% spectrum=27.5% action_range=[0.001,1.000] solver_status=optimal:0.0%,infeasible:92.5%,unknown:7.5%,error:0.0%,other:0.0% norm_count=86800
2026-09-29 13:53:44 | [QUEUE] | iter=1085 | 队列 | sample_queue=0/4 | weight_queues_pending=4/4
2026-09-29 13:53:51 | [UPDATE] | [learner] iter=1086 transitions=40 completion=0.00% reward=-1.275 | cost=2.093s | lr_actor=2.674e-04 lr_critic=2.674e-04 | wv=1081 stale=5 ck=ok| obj=inf completion=0.00% finite_obj=0.0% no_solution=100.0% collision=0.0% spectrum=25.0% action_range=[0.000,0.999] solver_status=optimal:0.0%,infeasible:92.5%,unknown:7.5%,error:0.0%,other:0.0% norm_count=86880
2026-09-29 13:53:51 | [QUEUE] | iter=1086 | 队列 | sample_queue=0/4 | weight_queues_pending=4/4
2026-09-29 13:54:01 | [UPDATE] | [learner] iter=1087 transitions=40 completion=0.00% reward=-1.425 | cost=2.096s | lr_actor=2.674e-04 lr_critic=2.674e-04 | wv=1082 stale=5 ck=ok| obj=inf completion=0.00% finite_obj=0.0% no_solution=100.0% collision=0.0% spectrum=40.0% action_range=[0.001,0.999] solver_status=optimal:0.0%,infeasible:90.0%,unknown:10.0%,error:0.0%,other:0.0% norm_count=86960
2026-09-29 13:54:01 | [QUEUE] | iter=1087 | 队列 | sample_queue=0/4 | weight_queues_pending=4/4
2026-09-29 13:54:04 | [UPDATE] | [learner] iter=1088 transitions=40 completion=0.00% reward=-1.475 | cost=2.153s | lr_actor=2.674e-04 lr_critic=2.674e-04 | wv=1083 stale=5 ck=ok| obj=inf completion=0.00% finite_obj=0.0% no_solution=100.0% collision=0.0% spectrum=45.0% action_range=[0.000,1.000] solver_status=optimal:0.0%,infeasible:90.0%,unknown:10.0%,error:0.0%,other:0.0% norm_count=87040
2026-09-29 13:54:04 | [QUEUE] | iter=1088 | 队列 | sample_queue=0/4 | weight_queues_pending=4/4
2026-09-29 13:54:09 | [UPDATE] | [learner] iter=1089 transitions=40 completion=0.00% reward=-1.450 | cost=2.059s | lr_actor=2.674e-04 lr_critic=2.674e-04 | wv=1084 stale=5 ck=ok| obj=inf completion=0.00% finite_obj=0.0% no_solution=100.0% collision=0.0% spectrum=40.0% action_range=[0.001,1.000] solver_status=optimal:0.0%,infeasible:100.0%,unknown:0.0%,error:0.0%,other:0.0% norm_count=87120
2026-09-29 13:54:09 | [QUEUE] | iter=1089 | 队列 | sample_queue=0/4 | weight_queues_pending=4/4
2026-09-29 13:54:16 | [UPDATE] | [learner] iter=1090 transitions=40 completion=0.00% reward=-1.550 | cost=2.462s | lr_actor=2.673e-04 lr_critic=2.673e-04 | wv=1085 stale=5 ck=ok| obj=inf completion=0.00% finite_obj=0.0% no_solution=100.0% collision=0.0% spectrum=52.5% action_range=[0.000,1.000] solver_status=optimal:0.0%,infeasible:92.5%,unknown:7.5%,error:0.0%,other:0.0% norm_count=87200
2026-09-29 13:54:16 | [QUEUE] | iter=1090 | 队列 | sample_queue=0/4 | weight_queues_pending=4/4
2026-09-29 13:54:28 | [UPDATE] | [learner] iter=1091 transitions=40 completion=0.00% reward=-1.500 | cost=2.113s | lr_actor=2.673e-04 lr_critic=2.673e-04 | wv=1088 stale=3 ck=ok| obj=inf completion=0.00% finite_obj=0.0% no_solution=100.0% collision=0.0% spectrum=45.0% action_range=[0.000,0.999] solver_status=optimal:0.0%,infeasible:87.5%,unknown:12.5%,error:0.0%,other:0.0% norm_count=87280
2026-09-29 13:54:28 | [QUEUE] | iter=1091 | 队列 | sample_queue=1/4 | weight_queues_pending=4/4
2026-09-29 13:54:30 | [UPDATE] | [learner] iter=1092 transitions=40 completion=0.00% reward=-1.475 | cost=2.323s | lr_actor=2.673e-04 lr_critic=2.673e-04 | wv=1087 stale=5 ck=ok| obj=inf completion=0.00% finite_obj=0.0% no_solution=100.0% collision=0.0% spectrum=42.5% action_range=[0.002,0.999] solver_status=optimal:0.0%,infeasible:95.0%,unknown:5.0%,error:0.0%,other:0.0% norm_count=87360
2026-09-29 13:54:30 | [QUEUE] | iter=1092 | 队列 | sample_queue=1/4 | weight_queues_pending=4/4
2026-09-29 13:54:33 | [UPDATE] | [learner] iter=1093 transitions=40 completion=0.00% reward=-1.328 | cost=2.488s | lr_actor=2.672e-04 lr_critic=2.672e-04 | wv=1086 stale=7 ck=ok| obj=inf completion=0.00% finite_obj=5.0% no_solution=95.0% collision=0.0% spectrum=40.0% action_range=[0.000,0.999] solver_status=optimal:5.0%,infeasible:85.0%,unknown:10.0%,error:0.0%,other:0.0% norm_count=87440
2026-09-29 13:54:33 | [QUEUE] | iter=1093 | 队列 | sample_queue=0/4 | weight_queues_pending=4/4
2026-09-29 13:54:37 | [UPDATE] | [learner] iter=1094 transitions=40 completion=0.00% reward=-1.525 | cost=2.237s | lr_actor=2.672e-04 lr_critic=2.672e-04 | wv=1089 stale=5 ck=ok| obj=inf completion=0.00% finite_obj=0.0% no_solution=100.0% collision=0.0% spectrum=42.5% action_range=[0.000,1.000] solver_status=optimal:0.0%,infeasible:87.5%,unknown:12.5%,error:0.0%,other:0.0% norm_count=87520
2026-09-29 13:54:37 | [QUEUE] | iter=1094 | 队列 | sample_queue=0/4 | weight_queues_pending=4/4
2026-09-29 13:54:51 | [UPDATE] | [learner] iter=1095 transitions=40 completion=0.00% reward=-1.425 | cost=2.234s | lr_actor=2.672e-04 lr_critic=2.672e-04 | wv=1090 stale=5 ck=ok| obj=inf completion=0.00% finite_obj=0.0% no_solution=100.0% collision=0.0% spectrum=40.0% action_range=[0.000,0.999] solver_status=optimal:0.0%,infeasible:90.0%,unknown:10.0%,error:0.0%,other:0.0% norm_count=87600
2026-09-29 13:54:51 | [QUEUE] | iter=1095 | 队列 | sample_queue=1/4 | weight_queues_pending=4/4
2026-09-29 13:54:53 | [UPDATE] | [learner] iter=1096 transitions=40 completion=2.50% reward=-1.403 | cost=2.359s | lr_actor=2.671e-04 lr_critic=2.671e-04 | wv=1091 stale=5 ck=ok| obj=inf completion=2.50% finite_obj=2.5% no_solution=97.5% collision=0.0% spectrum=40.0% action_range=[0.000,1.000] solver_status=optimal:2.5%,infeasible:90.0%,unknown:7.5%,error:0.0%,other:0.0% norm_count=87680
2026-09-29 13:54:53 | [QUEUE] | iter=1096 | 队列 | sample_queue=0/4 | weight_queues_pending=4/4
2026-09-29 13:54:56 | [UPDATE] | [learner] iter=1097 transitions=40 completion=0.00% reward=-1.450 | cost=2.371s | lr_actor=2.671e-04 lr_critic=2.671e-04 | wv=1090 stale=7 ck=ok| obj=inf completion=0.00% finite_obj=0.0% no_solution=100.0% collision=0.0% spectrum=45.0% action_range=[0.002,1.000] solver_status=optimal:0.0%,infeasible:95.0%,unknown:5.0%,error:0.0%,other:0.0% norm_count=87760
2026-09-29 13:54:56 | [QUEUE] | iter=1097 | 队列 | sample_queue=0/4 | weight_queues_pending=4/4
2026-09-29 13:55:01 | [UPDATE] | [learner] iter=1098 transitions=40 completion=2.50% reward=-1.305 | cost=2.113s | lr_actor=2.671e-04 lr_critic=2.671e-04 | wv=1093 stale=5 ck=ok| obj=inf completion=2.50% finite_obj=2.5% no_solution=97.5% collision=0.0% spectrum=35.0% action_range=[0.000,1.000] solver_status=optimal:2.5%,infeasible:90.0%,unknown:7.5%,error:0.0%,other:0.0% norm_count=87840
2026-09-29 13:55:01 | [QUEUE] | iter=1098 | 队列 | sample_queue=0/4 | weight_queues_pending=4/4
2026-09-29 13:55:13 | [UPDATE] | [learner] iter=1099 transitions=40 completion=0.00% reward=-1.375 | cost=2.305s | lr_actor=2.671e-04 lr_critic=2.671e-04 | wv=1094 stale=5 ck=ok| obj=inf completion=0.00% finite_obj=0.0% no_solution=100.0% collision=0.0% spectrum=35.0% action_range=[0.000,1.000] solver_status=optimal:0.0%,infeasible:87.5%,unknown:12.5%,error:0.0%,other:0.0% norm_count=87920
2026-09-29 13:55:13 | [QUEUE] | iter=1099 | 队列 | sample_queue=0/4 | weight_queues_pending=4/4
2026-09-29 13:55:20 | [UPDATE] | [learner] iter=1100 transitions=40 completion=2.50% reward=-1.352 | cost=2.621s | lr_actor=2.670e-04 lr_critic=2.670e-04 | wv=1094 stale=6 ck=ok| obj=inf completion=2.50% finite_obj=2.5% no_solution=97.5% collision=0.0% spectrum=40.0% action_range=[0.002,1.000] solver_status=optimal:2.5%,infeasible:92.5%,unknown:5.0%,error:0.0%,other:0.0% norm_count=88000
2026-09-29 13:55:20 | [QUEUE] | iter=1100 | 队列 | sample_queue=1/4 | weight_queues_pending=4/4
2026-09-29 13:55:23 | [UPDATE] | [learner] iter=1101 transitions=40 completion=0.00% reward=-1.275 | cost=2.243s | lr_actor=2.670e-04 lr_critic=2.670e-04 | wv=1096 stale=5 ck=ok| obj=inf completion=0.00% finite_obj=0.0% no_solution=100.0% collision=0.0% spectrum=25.0% action_range=[0.001,0.999] solver_status=optimal:0.0%,infeasible:92.5%,unknown:7.5%,error:0.0%,other:0.0% norm_count=88080
2026-09-29 13:55:23 | [QUEUE] | iter=1101 | 队列 | sample_queue=1/4 | weight_queues_pending=4/4
2026-09-29 13:55:25 | [UPDATE] | [learner] iter=1102 transitions=40 completion=0.00% reward=-1.426 | cost=2.255s | lr_actor=2.670e-04 lr_critic=2.670e-04 | wv=1097 stale=5 ck=ok| obj=inf completion=0.00% finite_obj=2.5% no_solution=97.5% collision=0.0% spectrum=40.0% action_range=[0.000,0.998] solver_status=optimal:2.5%,infeasible:95.0%,unknown:2.5%,error:0.0%,other:0.0% norm_count=88160
2026-09-29 13:55:25 | [QUEUE] | iter=1102 | 队列 | sample_queue=0/4 | weight_queues_pending=4/4
2026-09-29 13:55:43 | [UPDATE] | [learner] iter=1103 transitions=40 completion=0.00% reward=-1.450 | cost=2.656s | lr_actor=2.669e-04 lr_critic=2.669e-04 | wv=1098 stale=5 ck=ok| obj=inf completion=0.00% finite_obj=0.0% no_solution=100.0% collision=0.0% spectrum=40.0% action_range=[0.000,1.000] solver_status=optimal:0.0%,infeasible:97.5%,unknown:2.5%,error:0.0%,other:0.0% norm_count=88240
2026-09-29 13:55:43 | [QUEUE] | iter=1103 | 队列 | sample_queue=0/4 | weight_queues_pending=4/4
2026-09-29 13:55:49 | [UPDATE] | [learner] iter=1104 transitions=40 completion=0.00% reward=-1.200 | cost=2.370s | lr_actor=2.669e-04 lr_critic=2.669e-04 | wv=1099 stale=5 ck=ok| obj=inf completion=0.00% finite_obj=0.0% no_solution=100.0% collision=0.0% spectrum=20.0% action_range=[0.001,1.000] solver_status=optimal:0.0%,infeasible:80.0%,unknown:20.0%,error:0.0%,other:0.0% norm_count=88320
2026-09-29 13:55:49 | [QUEUE] | iter=1104 | 队列 | sample_queue=1/4 | weight_queues_pending=4/4
2026-09-29 13:55:52 | [UPDATE] | [learner] iter=1105 transitions=40 completion=0.00% reward=-1.425 | cost=2.785s | lr_actor=2.669e-04 lr_critic=2.669e-04 | wv=1099 stale=6 ck=ok| obj=inf completion=0.00% finite_obj=0.0% no_solution=100.0% collision=0.0% spectrum=37.5% action_range=[0.000,0.999] solver_status=optimal:0.0%,infeasible:90.0%,unknown:10.0%,error:0.0%,other:0.0% norm_count=88400
2026-09-29 13:55:52 | [QUEUE] | iter=1105 | 队列 | sample_queue=1/4 | weight_queues_pending=4/4
2026-09-29 13:55:56 | [UPDATE] | [learner] iter=1106 transitions=40 completion=0.00% reward=-1.475 | cost=4.032s | lr_actor=2.668e-04 lr_critic=2.668e-04 | wv=1100 stale=6 ck=ok| obj=inf completion=0.00% finite_obj=0.0% no_solution=100.0% collision=0.0% spectrum=40.0% action_range=[0.000,1.000] solver_status=optimal:0.0%,infeasible:97.5%,unknown:2.5%,error:0.0%,other:0.0% norm_count=88480
2026-09-29 13:55:56 | [QUEUE] | iter=1106 | 队列 | sample_queue=0/4 | weight_queues_pending=4/4
2026-09-29 13:56:09 | [UPDATE] | [learner] iter=1107 transitions=40 completion=0.00% reward=-1.325 | cost=2.922s | lr_actor=2.668e-04 lr_critic=2.668e-04 | wv=1102 stale=5 ck=ok| obj=inf completion=0.00% finite_obj=0.0% no_solution=100.0% collision=0.0% spectrum=32.5% action_range=[0.000,1.000] solver_status=optimal:0.0%,infeasible:87.5%,unknown:12.5%,error:0.0%,other:0.0% norm_count=88560
2026-09-29 13:56:09 | [QUEUE] | iter=1107 | 队列 | sample_queue=0/4 | weight_queues_pending=4/4
2026-09-29 13:56:15 | [UPDATE] | [learner] iter=1108 transitions=40 completion=0.00% reward=-1.125 | cost=2.586s | lr_actor=2.668e-04 lr_critic=2.668e-04 | wv=1103 stale=5 ck=ok| obj=inf completion=0.00% finite_obj=0.0% no_solution=100.0% collision=0.0% spectrum=12.5% action_range=[0.000,1.000] solver_status=optimal:0.0%,infeasible:95.0%,unknown:5.0%,error:0.0%,other:0.0% norm_count=88640
2026-09-29 13:56:15 | [QUEUE] | iter=1108 | 队列 | sample_queue=0/4 | weight_queues_pending=4/4
2026-09-29 13:56:20 | [UPDATE] | [learner] iter=1109 transitions=40 completion=0.00% reward=-1.427 | cost=2.497s | lr_actor=2.668e-04 lr_critic=2.668e-04 | wv=1104 stale=5 ck=ok| obj=inf completion=0.00% finite_obj=2.5% no_solution=97.5% collision=0.0% spectrum=42.5% action_range=[0.000,1.000] solver_status=optimal:2.5%,infeasible:92.5%,unknown:5.0%,error:0.0%,other:0.0% norm_count=88720
2026-09-29 13:56:20 | [QUEUE] | iter=1109 | 队列 | sample_queue=0/4 | weight_queues_pending=4/4
2026-09-29 13:56:26 | [UPDATE] | [learner] iter=1110 transitions=40 completion=0.00% reward=-1.500 | cost=2.698s | lr_actor=2.667e-04 lr_critic=2.667e-04 | wv=1103 stale=7 ck=ok| obj=inf completion=0.00% finite_obj=0.0% no_solution=100.0% collision=0.0% spectrum=45.0% action_range=[0.000,0.997] solver_status=optimal:0.0%,infeasible:90.0%,unknown:10.0%,error:0.0%,other:0.0% norm_count=88800
2026-09-29 13:56:26 | [QUEUE] | iter=1110 | 队列 | sample_queue=0/4 | weight_queues_pending=4/4
2026-09-29 13:56:35 | [UPDATE] | [learner] iter=1111 transitions=40 completion=0.00% reward=-1.225 | cost=4.554s | lr_actor=2.667e-04 lr_critic=2.667e-04 | wv=1106 stale=5 ck=ok| obj=inf completion=0.00% finite_obj=0.0% no_solution=100.0% collision=0.0% spectrum=22.5% action_range=[0.000,1.000] solver_status=optimal:0.0%,infeasible:97.5%,unknown:2.5%,error:0.0%,other:0.0% norm_count=88880
2026-09-29 13:56:35 | [QUEUE] | iter=1111 | 队列 | sample_queue=0/4 | weight_queues_pending=4/4
2026-09-29 13:56:46 | [UPDATE] | [learner] iter=1112 transitions=40 completion=0.00% reward=-1.425 | cost=4.782s | lr_actor=2.667e-04 lr_critic=2.667e-04 | wv=1107 stale=5 ck=ok| obj=inf completion=0.00% finite_obj=0.0% no_solution=100.0% collision=0.0% spectrum=40.0% action_range=[0.000,0.999] solver_status=optimal:0.0%,infeasible:82.5%,unknown:17.5%,error:0.0%,other:0.0% norm_count=88960
2026-09-29 13:56:46 | [QUEUE] | iter=1112 | 队列 | sample_queue=0/4 | weight_queues_pending=4/4
2026-09-29 13:56:52 | [UPDATE] | [learner] iter=1113 transitions=40 completion=2.50% reward=-1.428 | cost=3.721s | lr_actor=2.666e-04 lr_critic=2.666e-04 | wv=1108 stale=5 ck=ok| obj=inf completion=2.50% finite_obj=2.5% no_solution=97.5% collision=0.0% spectrum=40.0% action_range=[0.001,1.000] solver_status=optimal:2.5%,infeasible:95.0%,unknown:2.5%,error:0.0%,other:0.0% norm_count=89040
2026-09-29 13:56:52 | [QUEUE] | iter=1113 | 队列 | sample_queue=0/4 | weight_queues_pending=4/4
2026-09-29 13:57:03 | [UPDATE] | [learner] iter=1114 transitions=40 completion=0.00% reward=-1.300 | cost=6.760s | lr_actor=2.666e-04 lr_critic=2.666e-04 | wv=1109 stale=5 ck=ok| obj=inf completion=0.00% finite_obj=0.0% no_solution=100.0% collision=0.0% spectrum=30.0% action_range=[0.000,1.000] solver_status=optimal:0.0%,infeasible:92.5%,unknown:7.5%,error:0.0%,other:0.0% norm_count=89120
2026-09-29 13:57:03 | [QUEUE] | iter=1114 | 队列 | sample_queue=1/4 | weight_queues_pending=4/4
2026-09-29 13:57:06 | [UPDATE] | [learner] iter=1115 transitions=40 completion=0.00% reward=-1.450 | cost=3.425s | lr_actor=2.666e-04 lr_critic=2.666e-04 | wv=1110 stale=5 ck=ok| obj=inf completion=0.00% finite_obj=0.0% no_solution=100.0% collision=0.0% spectrum=40.0% action_range=[0.000,1.000] solver_status=optimal:0.0%,infeasible:95.0%,unknown:5.0%,error:0.0%,other:0.0% norm_count=89200
2026-09-29 13:57:06 | [QUEUE] | iter=1115 | 队列 | sample_queue=0/4 | weight_queues_pending=4/4
2026-09-29 13:57:18 | [UPDATE] | [learner] iter=1116 transitions=40 completion=0.00% reward=-1.250 | cost=3.922s | lr_actor=2.665e-04 lr_critic=2.665e-04 | wv=1111 stale=5 ck=ok| obj=inf completion=0.00% finite_obj=0.0% no_solution=100.0% collision=0.0% spectrum=22.5% action_range=[0.000,0.999] solver_status=optimal:0.0%,infeasible:95.0%,unknown:5.0%,error:0.0%,other:0.0% norm_count=89280
2026-09-29 13:57:18 | [QUEUE] | iter=1116 | 队列 | sample_queue=0/4 | weight_queues_pending=4/4
2026-09-29 13:57:21 | [UPDATE] | [learner] iter=1117 transitions=40 completion=0.00% reward=-1.275 | cost=2.125s | lr_actor=2.665e-04 lr_critic=2.665e-04 | wv=1112 stale=5 ck=ok| obj=inf completion=0.00% finite_obj=0.0% no_solution=100.0% collision=0.0% spectrum=27.5% action_range=[0.002,1.000] solver_status=optimal:0.0%,infeasible:100.0%,unknown:0.0%,error:0.0%,other:0.0% norm_count=89360
2026-09-29 13:57:21 | [QUEUE] | iter=1117 | 队列 | sample_queue=0/4 | weight_queues_pending=4/4
2026-09-29 13:57:32 | [UPDATE] | [learner] iter=1118 transitions=40 completion=0.00% reward=-1.350 | cost=2.210s | lr_actor=2.665e-04 lr_critic=2.665e-04 | wv=1113 stale=5 ck=ok| obj=inf completion=0.00% finite_obj=0.0% no_solution=100.0% collision=0.0% spectrum=32.5% action_range=[0.000,1.000] solver_status=optimal:0.0%,infeasible:85.0%,unknown:15.0%,error:0.0%,other:0.0% norm_count=89440
2026-09-29 13:57:32 | [QUEUE] | iter=1118 | 队列 | sample_queue=1/4 | weight_queues_pending=4/4
2026-09-29 13:57:34 | [UPDATE] | [learner] iter=1119 transitions=40 completion=0.00% reward=-1.350 | cost=2.102s | lr_actor=2.665e-04 lr_critic=2.665e-04 | wv=1113 stale=6 ck=ok| obj=inf completion=0.00% finite_obj=0.0% no_solution=100.0% collision=0.0% spectrum=32.5% action_range=[0.000,1.000] solver_status=optimal:0.0%,infeasible:92.5%,unknown:7.5%,error:0.0%,other:0.0% norm_count=89520
2026-09-29 13:57:34 | [QUEUE] | iter=1119 | 队列 | sample_queue=0/4 | weight_queues_pending=4/4
2026-09-29 13:57:46 | [UPDATE] | [learner] iter=1120 transitions=40 completion=0.00% reward=-1.350 | cost=2.736s | lr_actor=2.664e-04 lr_critic=2.664e-04 | wv=1115 stale=5 ck=ok| obj=inf completion=0.00% finite_obj=0.0% no_solution=100.0% collision=0.0% spectrum=30.0% action_range=[0.001,1.000] solver_status=optimal:0.0%,infeasible:95.0%,unknown:5.0%,error:0.0%,other:0.0% norm_count=89600
2026-09-29 13:57:46 | [QUEUE] | iter=1120 | 队列 | sample_queue=0/4 | weight_queues_pending=4/4
2026-09-29 13:57:49 | [UPDATE] | [learner] iter=1121 transitions=40 completion=0.00% reward=-1.400 | cost=2.318s | lr_actor=2.664e-04 lr_critic=2.664e-04 | wv=1116 stale=5 ck=ok| obj=inf completion=0.00% finite_obj=0.0% no_solution=100.0% collision=0.0% spectrum=37.5% action_range=[0.000,1.000] solver_status=optimal:0.0%,infeasible:87.5%,unknown:12.5%,error:0.0%,other:0.0% norm_count=89680
2026-09-29 13:57:49 | [QUEUE] | iter=1121 | 队列 | sample_queue=0/4 | weight_queues_pending=4/4
2026-09-29 13:58:01 | [UPDATE] | [learner] iter=1122 transitions=40 completion=0.00% reward=-1.575 | cost=3.260s | lr_actor=2.664e-04 lr_critic=2.664e-04 | wv=1117 stale=5 ck=ok| obj=inf completion=0.00% finite_obj=0.0% no_solution=100.0% collision=0.0% spectrum=47.5% action_range=[0.000,0.999] solver_status=optimal:0.0%,infeasible:92.5%,unknown:7.5%,error:0.0%,other:0.0% norm_count=89760
2026-09-29 13:58:01 | [QUEUE] | iter=1122 | 队列 | sample_queue=0/4 | weight_queues_pending=4/4
2026-09-29 13:58:05 | [UPDATE] | [learner] iter=1123 transitions=40 completion=2.50% reward=-1.305 | cost=2.890s | lr_actor=2.663e-04 lr_critic=2.663e-04 | wv=1117 stale=6 ck=ok| obj=inf completion=2.50% finite_obj=2.5% no_solution=97.5% collision=0.0% spectrum=35.0% action_range=[0.001,1.000] solver_status=optimal:2.5%,infeasible:92.5%,unknown:5.0%,error:0.0%,other:0.0% norm_count=89840
2026-09-29 13:58:05 | [QUEUE] | iter=1123 | 队列 | sample_queue=0/4 | weight_queues_pending=4/4
2026-09-29 13:58:10 | [UPDATE] | [learner] iter=1124 transitions=40 completion=0.00% reward=-1.475 | cost=2.674s | lr_actor=2.663e-04 lr_critic=2.663e-04 | wv=1119 stale=5 ck=ok| obj=inf completion=0.00% finite_obj=0.0% no_solution=100.0% collision=0.0% spectrum=47.5% action_range=[0.000,0.999] solver_status=optimal:0.0%,infeasible:90.0%,unknown:10.0%,error:0.0%,other:0.0% norm_count=89920
2026-09-29 13:58:10 | [QUEUE] | iter=1124 | 队列 | sample_queue=0/4 | weight_queues_pending=4/4
2026-09-29 13:58:18 | [UPDATE] | [learner] iter=1125 transitions=40 completion=2.50% reward=-1.302 | cost=3.220s | lr_actor=2.663e-04 lr_critic=2.663e-04 | wv=1120 stale=5 ck=ok| obj=inf completion=2.50% finite_obj=2.5% no_solution=97.5% collision=0.0% spectrum=32.5% action_range=[0.001,1.000] solver_status=optimal:2.5%,infeasible:92.5%,unknown:5.0%,error:0.0%,other:0.0% norm_count=90000
2026-09-29 13:58:18 | [QUEUE] | iter=1125 | 队列 | sample_queue=0/4 | weight_queues_pending=4/4
2026-09-29 13:58:31 | [UPDATE] | [learner] iter=1126 transitions=40 completion=0.00% reward=-1.275 | cost=4.596s | lr_actor=2.662e-04 lr_critic=2.662e-04 | wv=1121 stale=5 ck=ok| obj=inf completion=0.00% finite_obj=0.0% no_solution=100.0% collision=0.0% spectrum=27.5% action_range=[0.001,1.000] solver_status=optimal:0.0%,infeasible:85.0%,unknown:15.0%,error:0.0%,other:0.0% norm_count=90080
2026-09-29 13:58:31 | [QUEUE] | iter=1126 | 队列 | sample_queue=0/4 | weight_queues_pending=4/4
2026-09-29 13:58:38 | [UPDATE] | [learner] iter=1127 transitions=40 completion=0.00% reward=-1.400 | cost=2.365s | lr_actor=2.662e-04 lr_critic=2.662e-04 | wv=1123 stale=4 ck=ok| obj=inf completion=0.00% finite_obj=0.0% no_solution=100.0% collision=0.0% spectrum=40.0% action_range=[0.000,0.998] solver_status=optimal:0.0%,infeasible:92.5%,unknown:7.5%,error:0.0%,other:0.0% norm_count=90160
2026-09-29 13:58:38 | [QUEUE] | iter=1127 | 队列 | sample_queue=1/4 | weight_queues_pending=4/4
2026-09-29 13:58:40 | [UPDATE] | [learner] iter=1128 transitions=40 completion=2.50% reward=-1.253 | cost=2.510s | lr_actor=2.662e-04 lr_critic=2.662e-04 | wv=1122 stale=6 ck=ok| obj=inf completion=2.50% finite_obj=2.5% no_solution=97.5% collision=0.0% spectrum=22.5% action_range=[0.000,1.000] solver_status=optimal:2.5%,infeasible:85.0%,unknown:12.5%,error:0.0%,other:0.0% norm_count=90240
2026-09-29 13:58:40 | [QUEUE] | iter=1128 | 队列 | sample_queue=0/4 | weight_queues_pending=4/4
2026-09-29 13:58:44 | [UPDATE] | [learner] iter=1129 transitions=40 completion=0.00% reward=-1.375 | cost=2.123s | lr_actor=2.662e-04 lr_critic=2.662e-04 | wv=1124 stale=5 ck=ok| obj=inf completion=0.00% finite_obj=0.0% no_solution=100.0% collision=0.0% spectrum=35.0% action_range=[0.000,1.000] solver_status=optimal:0.0%,infeasible:80.0%,unknown:20.0%,error:0.0%,other:0.0% norm_count=90320
2026-09-29 13:58:44 | [QUEUE] | iter=1129 | 队列 | sample_queue=0/4 | weight_queues_pending=4/4
2026-09-29 13:58:55 | [UPDATE] | [learner] iter=1130 transitions=40 completion=0.00% reward=-1.350 | cost=2.916s | lr_actor=2.661e-04 lr_critic=2.661e-04 | wv=1125 stale=5 ck=ok| obj=inf completion=0.00% finite_obj=0.0% no_solution=100.0% collision=0.0% spectrum=35.0% action_range=[0.000,1.000] solver_status=optimal:0.0%,infeasible:95.0%,unknown:5.0%,error:0.0%,other:0.0% norm_count=90400
2026-09-29 13:58:55 | [QUEUE] | iter=1130 | 队列 | sample_queue=0/4 | weight_queues_pending=4/4
2026-09-29 13:59:04 | [UPDATE] | [learner] iter=1131 transitions=40 completion=0.00% reward=-1.250 | cost=3.219s | lr_actor=2.661e-04 lr_critic=2.661e-04 | wv=1126 stale=5 ck=ok| obj=inf completion=0.00% finite_obj=0.0% no_solution=100.0% collision=0.0% spectrum=22.5% action_range=[0.000,0.999] solver_status=optimal:0.0%,infeasible:92.5%,unknown:7.5%,error:0.0%,other:0.0% norm_count=90480
2026-09-29 13:59:04 | [QUEUE] | iter=1131 | 队列 | sample_queue=0/4 | weight_queues_pending=4/4
2026-09-29 13:59:09 | [UPDATE] | [learner] iter=1132 transitions=40 completion=2.50% reward=-1.501 | cost=2.923s | lr_actor=2.661e-04 lr_critic=2.661e-04 | wv=1126 stale=6 ck=ok| obj=inf completion=2.50% finite_obj=2.5% no_solution=97.5% collision=0.0% spectrum=52.5% action_range=[0.001,1.000] solver_status=optimal:2.5%,infeasible:87.5%,unknown:10.0%,error:0.0%,other:0.0% norm_count=90560
2026-09-29 13:59:09 | [QUEUE] | iter=1132 | 队列 | sample_queue=0/4 | weight_queues_pending=4/4
2026-09-29 13:59:15 | [UPDATE] | [learner] iter=1133 transitions=40 completion=0.00% reward=-1.375 | cost=5.967s | lr_actor=2.660e-04 lr_critic=2.660e-04 | wv=1128 stale=5 ck=ok| obj=inf completion=0.00% finite_obj=0.0% no_solution=100.0% collision=0.0% spectrum=35.0% action_range=[0.000,1.000] solver_status=optimal:0.0%,infeasible:82.5%,unknown:17.5%,error:0.0%,other:0.0% norm_count=90640
2026-09-29 13:59:15 | [QUEUE] | iter=1133 | 队列 | sample_queue=0/4 | weight_queues_pending=4/4
2026-09-29 13:59:29 | [UPDATE] | [learner] iter=1134 transitions=40 completion=0.00% reward=-1.275 | cost=3.948s | lr_actor=2.660e-04 lr_critic=2.660e-04 | wv=1129 stale=5 ck=ok| obj=inf completion=0.00% finite_obj=0.0% no_solution=100.0% collision=0.0% spectrum=27.5% action_range=[0.000,1.000] solver_status=optimal:0.0%,infeasible:82.5%,unknown:17.5%,error:0.0%,other:0.0% norm_count=90720
2026-09-29 13:59:29 | [QUEUE] | iter=1134 | 队列 | sample_queue=0/4 | weight_queues_pending=4/4
2026-09-29 13:59:34 | [UPDATE] | [learner] iter=1135 transitions=40 completion=0.00% reward=-1.300 | cost=2.952s | lr_actor=2.660e-04 lr_critic=2.660e-04 | wv=1130 stale=5 ck=ok| obj=inf completion=0.00% finite_obj=0.0% no_solution=100.0% collision=0.0% spectrum=30.0% action_range=[0.000,0.999] solver_status=optimal:0.0%,infeasible:90.0%,unknown:10.0%,error:0.0%,other:0.0% norm_count=90800
2026-09-29 13:59:34 | [QUEUE] | iter=1135 | 队列 | sample_queue=0/4 | weight_queues_pending=4/4
2026-09-29 13:59:45 | [UPDATE] | [learner] iter=1136 transitions=40 completion=0.00% reward=-1.350 | cost=2.654s | lr_actor=2.659e-04 lr_critic=2.659e-04 | wv=1128 stale=8 ck=ok| obj=inf completion=0.00% finite_obj=0.0% no_solution=100.0% collision=0.0% spectrum=32.5% action_range=[0.000,1.000] solver_status=optimal:0.0%,infeasible:95.0%,unknown:5.0%,error:0.0%,other:0.0% norm_count=90880
2026-09-29 13:59:45 | [QUEUE] | iter=1136 | 队列 | sample_queue=1/4 | weight_queues_pending=4/4
2026-09-29 13:59:47 | [UPDATE] | [learner] iter=1137 transitions=40 completion=0.00% reward=-1.350 | cost=2.308s | lr_actor=2.659e-04 lr_critic=2.659e-04 | wv=1131 stale=6 ck=ok| obj=inf completion=0.00% finite_obj=2.5% no_solution=97.5% collision=0.0% spectrum=37.5% action_range=[0.000,1.000] solver_status=optimal:2.5%,infeasible:90.0%,unknown:7.5%,error:0.0%,other:0.0% norm_count=90960
2026-09-29 13:59:47 | [QUEUE] | iter=1137 | 队列 | sample_queue=0/4 | weight_queues_pending=4/4
2026-09-29 14:00:00 | [UPDATE] | [learner] iter=1138 transitions=40 completion=0.00% reward=-1.325 | cost=2.779s | lr_actor=2.659e-04 lr_critic=2.659e-04 | wv=1133 stale=5 ck=ok| obj=inf completion=0.00% finite_obj=0.0% no_solution=100.0% collision=0.0% spectrum=30.0% action_range=[0.000,1.000] solver_status=optimal:0.0%,infeasible:90.0%,unknown:10.0%,error:0.0%,other:0.0% norm_count=91040
2026-09-29 14:00:00 | [QUEUE] | iter=1138 | 队列 | sample_queue=1/4 | weight_queues_pending=4/4
2026-09-29 14:00:03 | [UPDATE] | [learner] iter=1139 transitions=40 completion=0.00% reward=-1.425 | cost=2.314s | lr_actor=2.659e-04 lr_critic=2.659e-04 | wv=1134 stale=5 ck=ok| obj=inf completion=0.00% finite_obj=0.0% no_solution=100.0% collision=0.0% spectrum=40.0% action_range=[0.001,0.999] solver_status=optimal:0.0%,infeasible:90.0%,unknown:10.0%,error:0.0%,other:0.0% norm_count=91120
2026-09-29 14:00:03 | [QUEUE] | iter=1139 | 队列 | sample_queue=0/4 | weight_queues_pending=4/4
2026-09-29 14:00:12 | [UPDATE] | [learner] iter=1140 transitions=40 completion=0.00% reward=-1.325 | cost=2.471s | lr_actor=2.658e-04 lr_critic=2.658e-04 | wv=1135 stale=5 ck=ok| obj=inf completion=0.00% finite_obj=0.0% no_solution=100.0% collision=0.0% spectrum=27.5% action_range=[0.001,1.000] solver_status=optimal:0.0%,infeasible:92.5%,unknown:7.5%,error:0.0%,other:0.0% norm_count=91200
2026-09-29 14:00:12 | [QUEUE] | iter=1140 | 队列 | sample_queue=0/4 | weight_queues_pending=4/4
2026-09-29 14:00:21 | [UPDATE] | [learner] iter=1141 transitions=40 completion=0.00% reward=-1.381 | cost=3.594s | lr_actor=2.658e-04 lr_critic=2.658e-04 | wv=1135 stale=6 ck=ok| obj=inf completion=0.00% finite_obj=2.5% no_solution=97.5% collision=0.0% spectrum=42.5% action_range=[0.000,0.999] solver_status=optimal:2.5%,infeasible:92.5%,unknown:5.0%,error:0.0%,other:0.0% norm_count=91280
2026-09-29 14:00:21 | [QUEUE] | iter=1141 | 队列 | sample_queue=0/4 | weight_queues_pending=4/4
2026-09-29 14:00:29 | [UPDATE] | [learner] iter=1142 transitions=40 completion=0.00% reward=-1.325 | cost=2.737s | lr_actor=2.658e-04 lr_critic=2.658e-04 | wv=1137 stale=5 ck=ok| obj=inf completion=0.00% finite_obj=0.0% no_solution=100.0% collision=0.0% spectrum=30.0% action_range=[0.000,1.000] solver_status=optimal:0.0%,infeasible:87.5%,unknown:12.5%,error:0.0%,other:0.0% norm_count=91360
2026-09-29 14:00:29 | [QUEUE] | iter=1142 | 队列 | sample_queue=0/4 | weight_queues_pending=4/4
2026-09-29 14:00:32 | [UPDATE] | [learner] iter=1143 transitions=40 completion=2.50% reward=-1.350 | cost=3.078s | lr_actor=2.657e-04 lr_critic=2.657e-04 | wv=1137 stale=6 ck=ok| obj=inf completion=2.50% finite_obj=2.5% no_solution=97.5% collision=0.0% spectrum=35.0% action_range=[0.000,0.999] solver_status=optimal:2.5%,infeasible:87.5%,unknown:10.0%,error:0.0%,other:0.0% norm_count=91440
2026-09-29 14:00:32 | [QUEUE] | iter=1143 | 队列 | sample_queue=0/4 | weight_queues_pending=4/4
2026-09-29 14:00:43 | [UPDATE] | [learner] iter=1144 transitions=40 completion=0.00% reward=-1.375 | cost=2.511s | lr_actor=2.657e-04 lr_critic=2.657e-04 | wv=1139 stale=5 ck=ok| obj=inf completion=0.00% finite_obj=0.0% no_solution=100.0% collision=0.0% spectrum=35.0% action_range=[0.001,1.000] solver_status=optimal:0.0%,infeasible:92.5%,unknown:7.5%,error:0.0%,other:0.0% norm_count=91520
2026-09-29 14:00:43 | [QUEUE] | iter=1144 | 队列 | sample_queue=0/4 | weight_queues_pending=4/4
2026-09-29 14:00:54 | [UPDATE] | [learner] iter=1145 transitions=40 completion=0.00% reward=-1.400 | cost=2.500s | lr_actor=2.657e-04 lr_critic=2.657e-04 | wv=1140 stale=5 ck=ok| obj=inf completion=0.00% finite_obj=0.0% no_solution=100.0% collision=0.0% spectrum=37.5% action_range=[0.001,1.000] solver_status=optimal:0.0%,infeasible:87.5%,unknown:12.5%,error:0.0%,other:0.0% norm_count=91600
2026-09-29 14:00:54 | [QUEUE] | iter=1145 | 队列 | sample_queue=0/4 | weight_queues_pending=4/4
2026-09-29 14:01:00 | [UPDATE] | [learner] iter=1146 transitions=40 completion=0.00% reward=-1.375 | cost=2.506s | lr_actor=2.656e-04 lr_critic=2.656e-04 | wv=1141 stale=5 ck=ok| obj=inf completion=0.00% finite_obj=0.0% no_solution=100.0% collision=0.0% spectrum=32.5% action_range=[0.000,0.998] solver_status=optimal:0.0%,infeasible:87.5%,unknown:12.5%,error:0.0%,other:0.0% norm_count=91680
2026-09-29 14:01:00 | [QUEUE] | iter=1146 | 队列 | sample_queue=1/4 | weight_queues_pending=4/4
2026-09-29 14:01:03 | [UPDATE] | [learner] iter=1147 transitions=40 completion=2.50% reward=-1.203 | cost=3.585s | lr_actor=2.656e-04 lr_critic=2.656e-04 | wv=1142 stale=5 ck=ok| obj=inf completion=2.50% finite_obj=2.5% no_solution=97.5% collision=0.0% spectrum=25.0% action_range=[0.001,1.000] solver_status=optimal:2.5%,infeasible:90.0%,unknown:7.5%,error:0.0%,other:0.0% norm_count=91760
2026-09-29 14:01:03 | [QUEUE] | iter=1147 | 队列 | sample_queue=0/4 | weight_queues_pending=4/4
2026-09-29 14:01:13 | [UPDATE] | [learner] iter=1148 transitions=40 completion=2.50% reward=-1.203 | cost=2.244s | lr_actor=2.656e-04 lr_critic=2.656e-04 | wv=1143 stale=5 ck=ok| obj=inf completion=2.50% finite_obj=2.5% no_solution=97.5% collision=0.0% spectrum=25.0% action_range=[0.001,1.000] solver_status=optimal:2.5%,infeasible:92.5%,unknown:5.0%,error:0.0%,other:0.0% norm_count=91840
2026-09-29 14:01:13 | [QUEUE] | iter=1148 | 队列 | sample_queue=0/4 | weight_queues_pending=4/4
2026-09-29 14:01:24 | [UPDATE] | [learner] iter=1149 transitions=40 completion=0.00% reward=-1.328 | cost=2.277s | lr_actor=2.656e-04 lr_critic=2.656e-04 | wv=1145 stale=4 ck=ok| obj=inf completion=0.00% finite_obj=2.5% no_solution=97.5% collision=0.0% spectrum=35.0% action_range=[0.000,1.000] solver_status=optimal:2.5%,infeasible:90.0%,unknown:7.5%,error:0.0%,other:0.0% norm_count=91920
2026-09-29 14:01:24 | [QUEUE] | iter=1149 | 队列 | sample_queue=1/4 | weight_queues_pending=4/4
2026-09-29 14:01:28 | [UPDATE] | [learner] iter=1150 transitions=40 completion=0.00% reward=-1.500 | cost=3.514s | lr_actor=2.655e-04 lr_critic=2.655e-04 | wv=1144 stale=6 ck=ok| obj=inf completion=0.00% finite_obj=0.0% no_solution=100.0% collision=0.0% spectrum=42.5% action_range=[0.000,1.000] solver_status=optimal:0.0%,infeasible:92.5%,unknown:7.5%,error:0.0%,other:0.0% norm_count=92000
2026-09-29 14:01:28 | [QUEUE] | iter=1150 | 队列 | sample_queue=1/4 | weight_queues_pending=4/4
2026-09-29 14:01:31 | [UPDATE] | [learner] iter=1151 transitions=40 completion=2.50% reward=-1.227 | cost=2.716s | lr_actor=2.655e-04 lr_critic=2.655e-04 | wv=1145 stale=6 ck=ok| obj=inf completion=2.50% finite_obj=2.5% no_solution=97.5% collision=0.0% spectrum=27.5% action_range=[0.001,1.000] solver_status=optimal:2.5%,infeasible:92.5%,unknown:5.0%,error:0.0%,other:0.0% norm_count=92080
2026-09-29 14:01:31 | [QUEUE] | iter=1151 | 队列 | sample_queue=0/4 | weight_queues_pending=4/4
2026-09-29 14:01:40 | [UPDATE] | [learner] iter=1152 transitions=40 completion=2.50% reward=-1.177 | cost=3.086s | lr_actor=2.655e-04 lr_critic=2.655e-04 | wv=1147 stale=5 ck=ok| obj=inf completion=2.50% finite_obj=2.5% no_solution=97.5% collision=0.0% spectrum=20.0% action_range=[0.000,1.000] solver_status=optimal:2.5%,infeasible:82.5%,unknown:15.0%,error:0.0%,other:0.0% norm_count=92160
2026-09-29 14:01:40 | [QUEUE] | iter=1152 | 队列 | sample_queue=0/4 | weight_queues_pending=4/4
2026-09-29 14:01:57 | [UPDATE] | [learner] iter=1153 transitions=40 completion=0.00% reward=-1.300 | cost=4.306s | lr_actor=2.654e-04 lr_critic=2.654e-04 | wv=1148 stale=5 ck=ok| obj=inf completion=0.00% finite_obj=0.0% no_solution=100.0% collision=0.0% spectrum=27.5% action_range=[0.001,0.999] solver_status=optimal:0.0%,infeasible:90.0%,unknown:10.0%,error:0.0%,other:0.0% norm_count=92240
2026-09-29 14:01:57 | [QUEUE] | iter=1153 | 队列 | sample_queue=0/4 | weight_queues_pending=4/4
2026-09-29 14:02:04 | [UPDATE] | [learner] iter=1154 transitions=40 completion=0.00% reward=-1.251 | cost=3.733s | lr_actor=2.654e-04 lr_critic=2.654e-04 | wv=1148 stale=6 ck=ok| obj=inf completion=0.00% finite_obj=2.5% no_solution=97.5% collision=0.0% spectrum=25.0% action_range=[0.001,1.000] solver_status=optimal:2.5%,infeasible:87.5%,unknown:10.0%,error:0.0%,other:0.0% norm_count=92320
2026-09-29 14:02:04 | [QUEUE] | iter=1154 | 队列 | sample_queue=1/4 | weight_queues_pending=4/4
2026-09-29 14:02:07 | [UPDATE] | [learner] iter=1155 transitions=40 completion=2.50% reward=-1.427 | cost=3.267s | lr_actor=2.654e-04 lr_critic=2.654e-04 | wv=1149 stale=6 ck=ok| obj=inf completion=2.50% finite_obj=2.5% no_solution=97.5% collision=0.0% spectrum=42.5% action_range=[0.001,0.999] solver_status=optimal:2.5%,infeasible:95.0%,unknown:2.5%,error:0.0%,other:0.0% norm_count=92400
2026-09-29 14:02:07 | [QUEUE] | iter=1155 | 队列 | sample_queue=0/4 | weight_queues_pending=4/4
2026-09-29 14:02:16 | [UPDATE] | [learner] iter=1156 transitions=40 completion=0.00% reward=-1.275 | cost=5.280s | lr_actor=2.653e-04 lr_critic=2.653e-04 | wv=1151 stale=5 ck=ok| obj=inf completion=0.00% finite_obj=0.0% no_solution=100.0% collision=0.0% spectrum=27.5% action_range=[0.000,0.999] solver_status=optimal:0.0%,infeasible:90.0%,unknown:10.0%,error:0.0%,other:0.0% norm_count=92480
2026-09-29 14:02:16 | [QUEUE] | iter=1156 | 队列 | sample_queue=0/4 | weight_queues_pending=4/4
2026-09-29 14:02:33 | [UPDATE] | [learner] iter=1157 transitions=40 completion=0.00% reward=-1.250 | cost=5.772s | lr_actor=2.653e-04 lr_critic=2.653e-04 | wv=1152 stale=5 ck=ok| obj=inf completion=0.00% finite_obj=0.0% no_solution=100.0% collision=0.0% spectrum=25.0% action_range=[0.000,1.000] solver_status=optimal:0.0%,infeasible:92.5%,unknown:7.5%,error:0.0%,other:0.0% norm_count=92560
2026-09-29 14:02:33 | [QUEUE] | iter=1157 | 队列 | sample_queue=0/4 | weight_queues_pending=4/4
2026-09-29 14:02:38 | [UPDATE] | [learner] iter=1158 transitions=40 completion=0.00% reward=-1.250 | cost=3.566s | lr_actor=2.653e-04 lr_critic=2.653e-04 | wv=1153 stale=5 ck=ok| obj=inf completion=0.00% finite_obj=0.0% no_solution=100.0% collision=0.0% spectrum=25.0% action_range=[0.000,1.000] solver_status=optimal:0.0%,infeasible:100.0%,unknown:0.0%,error:0.0%,other:0.0% norm_count=92640
2026-09-29 14:02:38 | [QUEUE] | iter=1158 | 队列 | sample_queue=0/4 | weight_queues_pending=4/4
2026-09-29 14:02:48 | [UPDATE] | [learner] iter=1159 transitions=40 completion=0.00% reward=-1.200 | cost=8.676s | lr_actor=2.653e-04 lr_critic=2.653e-04 | wv=1153 stale=6 ck=ok| obj=inf completion=0.00% finite_obj=0.0% no_solution=100.0% collision=0.0% spectrum=17.5% action_range=[0.000,1.000] solver_status=optimal:0.0%,infeasible:95.0%,unknown:5.0%,error:0.0%,other:0.0% norm_count=92720
2026-09-29 14:02:48 | [QUEUE] | iter=1159 | 队列 | sample_queue=1/4 | weight_queues_pending=4/4
2026-09-29 14:02:52 | [UPDATE] | [learner] iter=1160 transitions=40 completion=2.50% reward=-1.276 | cost=4.304s | lr_actor=2.652e-04 lr_critic=2.652e-04 | wv=1155 stale=5 ck=ok| obj=inf completion=2.50% finite_obj=2.5% no_solution=97.5% collision=0.0% spectrum=30.0% action_range=[0.000,0.999] solver_status=optimal:2.5%,infeasible:97.5%,unknown:0.0%,error:0.0%,other:0.0% norm_count=92800
2026-09-29 14:02:52 | [QUEUE] | iter=1160 | 队列 | sample_queue=0/4 | weight_queues_pending=4/4
2026-09-29 14:03:05 | [UPDATE] | [learner] iter=1161 transitions=40 completion=0.00% reward=-1.300 | cost=4.244s | lr_actor=2.652e-04 lr_critic=2.652e-04 | wv=1156 stale=5 ck=ok| obj=inf completion=0.00% finite_obj=0.0% no_solution=100.0% collision=0.0% spectrum=27.5% action_range=[0.000,1.000] solver_status=optimal:0.0%,infeasible:87.5%,unknown:12.5%,error:0.0%,other:0.0% norm_count=92880
2026-09-29 14:03:05 | [QUEUE] | iter=1161 | 队列 | sample_queue=0/4 | weight_queues_pending=4/4
2026-09-29 14:03:15 | [UPDATE] | [learner] iter=1162 transitions=40 completion=0.00% reward=-1.250 | cost=2.545s | lr_actor=2.652e-04 lr_critic=2.652e-04 | wv=1157 stale=5 ck=ok| obj=inf completion=0.00% finite_obj=0.0% no_solution=100.0% collision=0.0% spectrum=25.0% action_range=[0.001,0.999] solver_status=optimal:0.0%,infeasible:92.5%,unknown:7.5%,error:0.0%,other:0.0% norm_count=92960
2026-09-29 14:03:15 | [QUEUE] | iter=1162 | 队列 | sample_queue=0/4 | weight_queues_pending=4/4
2026-09-29 14:03:24 | [UPDATE] | [learner] iter=1163 transitions=40 completion=2.50% reward=-1.353 | cost=7.923s | lr_actor=2.651e-04 lr_critic=2.651e-04 | wv=1158 stale=5 ck=ok| obj=inf completion=2.50% finite_obj=2.5% no_solution=97.5% collision=0.0% spectrum=37.5% action_range=[0.000,1.000] solver_status=optimal:2.5%,infeasible:95.0%,unknown:2.5%,error:0.0%,other:0.0% norm_count=93040
2026-09-29 14:03:24 | [QUEUE] | iter=1163 | 队列 | sample_queue=1/4 | weight_queues_pending=4/4
2026-09-29 14:03:28 | [UPDATE] | [learner] iter=1164 transitions=40 completion=0.00% reward=-1.450 | cost=3.525s | lr_actor=2.651e-04 lr_critic=2.651e-04 | wv=1158 stale=6 ck=ok| obj=inf completion=0.00% finite_obj=0.0% no_solution=100.0% collision=0.0% spectrum=40.0% action_range=[0.000,0.999] solver_status=optimal:0.0%,infeasible:92.5%,unknown:7.5%,error:0.0%,other:0.0% norm_count=93120
2026-09-29 14:03:28 | [QUEUE] | iter=1164 | 队列 | sample_queue=0/4 | weight_queues_pending=4/4
2026-09-29 14:03:40 | [UPDATE] | [learner] iter=1165 transitions=40 completion=0.00% reward=-1.375 | cost=7.331s | lr_actor=2.651e-04 lr_critic=2.651e-04 | wv=1160 stale=5 ck=ok| obj=inf completion=0.00% finite_obj=0.0% no_solution=100.0% collision=0.0% spectrum=37.5% action_range=[0.000,0.999] solver_status=optimal:0.0%,infeasible:92.5%,unknown:7.5%,error:0.0%,other:0.0% norm_count=93200
2026-09-29 14:03:40 | [QUEUE] | iter=1165 | 队列 | sample_queue=0/4 | weight_queues_pending=4/4
2026-09-29 14:03:55 | [UPDATE] | [learner] iter=1166 transitions=40 completion=2.50% reward=-1.202 | cost=4.322s | lr_actor=2.650e-04 lr_critic=2.650e-04 | wv=1161 stale=5 ck=ok| obj=inf completion=2.50% finite_obj=2.5% no_solution=97.5% collision=0.0% spectrum=25.0% action_range=[0.001,0.999] solver_status=optimal:2.5%,infeasible:85.0%,unknown:12.5%,error:0.0%,other:0.0% norm_count=93280
2026-09-29 14:03:55 | [QUEUE] | iter=1166 | 队列 | sample_queue=2/4 | weight_queues_pending=4/4
2026-09-29 14:03:58 | [UPDATE] | [learner] iter=1167 transitions=40 completion=0.00% reward=-1.650 | cost=2.548s | lr_actor=2.650e-04 lr_critic=2.650e-04 | wv=1162 stale=5 ck=ok| obj=inf completion=0.00% finite_obj=0.0% no_solution=100.0% collision=0.0% spectrum=52.5% action_range=[0.000,1.000] solver_status=optimal:0.0%,infeasible:92.5%,unknown:7.5%,error:0.0%,other:0.0% norm_count=93360
2026-09-29 14:03:58 | [QUEUE] | iter=1167 | 队列 | sample_queue=1/4 | weight_queues_pending=4/4
2026-09-29 14:04:00 | [UPDATE] | [learner] iter=1168 transitions=40 completion=0.00% reward=-1.175 | cost=2.554s | lr_actor=2.650e-04 lr_critic=2.650e-04 | wv=1162 stale=6 ck=ok| obj=inf completion=0.00% finite_obj=0.0% no_solution=100.0% collision=0.0% spectrum=12.5% action_range=[0.000,0.999] solver_status=optimal:0.0%,infeasible:90.0%,unknown:10.0%,error:0.0%,other:0.0% norm_count=93440
2026-09-29 14:04:00 | [QUEUE] | iter=1168 | 队列 | sample_queue=1/4 | weight_queues_pending=4/4
2026-09-29 14:04:03 | [UPDATE] | [learner] iter=1169 transitions=40 completion=0.00% reward=-1.300 | cost=2.839s | lr_actor=2.650e-04 lr_critic=2.650e-04 | wv=1164 stale=5 ck=ok| obj=inf completion=0.00% finite_obj=0.0% no_solution=100.0% collision=0.0% spectrum=27.5% action_range=[0.000,0.999] solver_status=optimal:0.0%,infeasible:85.0%,unknown:15.0%,error:0.0%,other:0.0% norm_count=93520
2026-09-29 14:04:03 | [QUEUE] | iter=1169 | 队列 | sample_queue=0/4 | weight_queues_pending=4/4
2026-09-29 14:04:25 | [UPDATE] | [learner] iter=1170 transitions=40 completion=0.00% reward=-1.300 | cost=4.611s | lr_actor=2.649e-04 lr_critic=2.649e-04 | wv=1165 stale=5 ck=ok| obj=inf completion=0.00% finite_obj=0.0% no_solution=100.0% collision=0.0% spectrum=30.0% action_range=[0.000,1.000] solver_status=optimal:0.0%,infeasible:75.0%,unknown:25.0%,error:0.0%,other:0.0% norm_count=93600
2026-09-29 14:04:25 | [QUEUE] | iter=1170 | 队列 | sample_queue=1/4 | weight_queues_pending=4/4
2026-09-29 14:04:29 | [UPDATE] | [learner] iter=1171 transitions=40 completion=0.00% reward=-1.525 | cost=3.756s | lr_actor=2.649e-04 lr_critic=2.649e-04 | wv=1165 stale=6 ck=ok| obj=inf completion=0.00% finite_obj=0.0% no_solution=100.0% collision=0.0% spectrum=47.5% action_range=[0.001,1.000] solver_status=optimal:0.0%,infeasible:90.0%,unknown:10.0%,error:0.0%,other:0.0% norm_count=93680
2026-09-29 14:04:29 | [QUEUE] | iter=1171 | 队列 | sample_queue=2/4 | weight_queues_pending=4/4
2026-09-29 14:04:32 | [UPDATE] | [learner] iter=1172 transitions=40 completion=0.00% reward=-1.275 | cost=2.816s | lr_actor=2.649e-04 lr_critic=2.649e-04 | wv=1167 stale=5 ck=ok| obj=inf completion=0.00% finite_obj=0.0% no_solution=100.0% collision=0.0% spectrum=25.0% action_range=[0.000,0.999] solver_status=optimal:0.0%,infeasible:90.0%,unknown:10.0%,error:0.0%,other:0.0% norm_count=93760
2026-09-29 14:04:32 | [QUEUE] | iter=1172 | 队列 | sample_queue=1/4 | weight_queues_pending=4/4
2026-09-29 14:04:34 | [UPDATE] | [learner] iter=1173 transitions=40 completion=0.00% reward=-1.375 | cost=2.557s | lr_actor=2.648e-04 lr_critic=2.648e-04 | wv=1165 stale=8 ck=ok| obj=inf completion=0.00% finite_obj=0.0% no_solution=100.0% collision=0.0% spectrum=35.0% action_range=[0.000,1.000] solver_status=optimal:0.0%,infeasible:90.0%,unknown:10.0%,error:0.0%,other:0.0% norm_count=93840
2026-09-29 14:04:34 | [QUEUE] | iter=1173 | 队列 | sample_queue=0/4 | weight_queues_pending=4/4
2026-09-29 14:04:49 | [UPDATE] | [learner] iter=1174 transitions=40 completion=0.00% reward=-1.425 | cost=2.620s | lr_actor=2.648e-04 lr_critic=2.648e-04 | wv=1169 stale=5 ck=ok| obj=inf completion=0.00% finite_obj=0.0% no_solution=100.0% collision=0.0% spectrum=37.5% action_range=[0.001,0.999] solver_status=optimal:0.0%,infeasible:87.5%,unknown:12.5%,error:0.0%,other:0.0% norm_count=93920
2026-09-29 14:04:49 | [QUEUE] | iter=1174 | 队列 | sample_queue=0/4 | weight_queues_pending=4/4
2026-09-29 14:04:56 | [UPDATE] | [learner] iter=1175 transitions=40 completion=0.00% reward=-1.475 | cost=5.272s | lr_actor=2.648e-04 lr_critic=2.648e-04 | wv=1169 stale=6 ck=ok| obj=inf completion=0.00% finite_obj=0.0% no_solution=100.0% collision=0.0% spectrum=45.0% action_range=[0.001,0.999] solver_status=optimal:0.0%,infeasible:97.5%,unknown:2.5%,error:0.0%,other:0.0% norm_count=94000
2026-09-29 14:04:56 | [QUEUE] | iter=1175 | 队列 | sample_queue=1/4 | weight_queues_pending=4/4
2026-09-29 14:05:00 | [UPDATE] | [learner] iter=1176 transitions=40 completion=0.00% reward=-1.302 | cost=4.140s | lr_actor=2.648e-04 lr_critic=2.648e-04 | wv=1170 stale=6 ck=ok| obj=inf completion=0.00% finite_obj=2.5% no_solution=97.5% collision=0.0% spectrum=35.0% action_range=[0.001,0.999] solver_status=optimal:2.5%,infeasible:80.0%,unknown:17.5%,error:0.0%,other:0.0% norm_count=94080
2026-09-29 14:05:00 | [QUEUE] | iter=1176 | 队列 | sample_queue=0/4 | weight_queues_pending=4/4
2026-09-29 14:05:06 | [UPDATE] | [learner] iter=1177 transitions=40 completion=0.00% reward=-1.450 | cost=2.848s | lr_actor=2.647e-04 lr_critic=2.647e-04 | wv=1170 stale=7 ck=ok| obj=inf completion=0.00% finite_obj=0.0% no_solution=100.0% collision=0.0% spectrum=40.0% action_range=[0.000,1.000] solver_status=optimal:0.0%,infeasible:92.5%,unknown:7.5%,error:0.0%,other:0.0% norm_count=94160
2026-09-29 14:05:07 | [QUEUE] | iter=1177 | 队列 | sample_queue=0/4 | weight_queues_pending=4/4
2026-09-29 14:05:23 | [UPDATE] | [learner] iter=1178 transitions=40 completion=0.00% reward=-1.275 | cost=2.992s | lr_actor=2.647e-04 lr_critic=2.647e-04 | wv=1173 stale=5 ck=ok| obj=inf completion=0.00% finite_obj=0.0% no_solution=100.0% collision=0.0% spectrum=27.5% action_range=[0.000,1.000] solver_status=optimal:0.0%,infeasible:90.0%,unknown:10.0%,error:0.0%,other:0.0% norm_count=94240
2026-09-29 14:05:23 | [QUEUE] | iter=1178 | 队列 | sample_queue=2/4 | weight_queues_pending=4/4
2026-09-29 14:05:28 | [UPDATE] | [learner] iter=1179 transitions=40 completion=0.00% reward=-1.625 | cost=4.647s | lr_actor=2.647e-04 lr_critic=2.647e-04 | wv=1174 stale=5 ck=ok| obj=inf completion=0.00% finite_obj=0.0% no_solution=100.0% collision=0.0% spectrum=50.0% action_range=[0.001,1.000] solver_status=optimal:0.0%,infeasible:92.5%,unknown:7.5%,error:0.0%,other:0.0% norm_count=94320
2026-09-29 14:05:28 | [QUEUE] | iter=1179 | 队列 | sample_queue=1/4 | weight_queues_pending=4/4
2026-09-29 14:05:32 | [UPDATE] | [learner] iter=1180 transitions=40 completion=0.00% reward=-1.375 | cost=4.780s | lr_actor=2.646e-04 lr_critic=2.646e-04 | wv=1174 stale=6 ck=ok| obj=inf completion=0.00% finite_obj=0.0% no_solution=100.0% collision=0.0% spectrum=35.0% action_range=[0.000,1.000] solver_status=optimal:0.0%,infeasible:90.0%,unknown:10.0%,error:0.0%,other:0.0% norm_count=94400
2026-09-29 14:05:32 | [QUEUE] | iter=1180 | 队列 | sample_queue=0/4 | weight_queues_pending=4/4
2026-09-29 14:05:41 | [UPDATE] | [learner] iter=1181 transitions=40 completion=0.00% reward=-1.450 | cost=2.503s | lr_actor=2.646e-04 lr_critic=2.646e-04 | wv=1176 stale=5 ck=ok| obj=inf completion=0.00% finite_obj=0.0% no_solution=100.0% collision=0.0% spectrum=40.0% action_range=[0.000,0.999] solver_status=optimal:0.0%,infeasible:90.0%,unknown:10.0%,error:0.0%,other:0.0% norm_count=94480
2026-09-29 14:05:41 | [QUEUE] | iter=1181 | 队列 | sample_queue=0/4 | weight_queues_pending=4/4
2026-09-29 14:05:52 | [UPDATE] | [learner] iter=1182 transitions=40 completion=0.00% reward=-1.400 | cost=2.411s | lr_actor=2.646e-04 lr_critic=2.646e-04 | wv=1177 stale=5 ck=ok| obj=inf completion=0.00% finite_obj=0.0% no_solution=100.0% collision=0.0% spectrum=35.0% action_range=[0.000,1.000] solver_status=optimal:0.0%,infeasible:97.5%,unknown:2.5%,error:0.0%,other:0.0% norm_count=94560
2026-09-29 14:05:52 | [QUEUE] | iter=1182 | 队列 | sample_queue=2/4 | weight_queues_pending=4/4
2026-09-29 14:05:56 | [UPDATE] | [learner] iter=1183 transitions=40 completion=0.00% reward=-1.300 | cost=3.980s | lr_actor=2.645e-04 lr_critic=2.645e-04 | wv=1177 stale=6 ck=ok| obj=inf completion=0.00% finite_obj=0.0% no_solution=100.0% collision=0.0% spectrum=30.0% action_range=[0.000,0.999] solver_status=optimal:0.0%,infeasible:90.0%,unknown:10.0%,error:0.0%,other:0.0% norm_count=94640
2026-09-29 14:05:56 | [QUEUE] | iter=1183 | 队列 | sample_queue=1/4 | weight_queues_pending=4/4
2026-09-29 14:05:59 | [UPDATE] | [learner] iter=1184 transitions=40 completion=0.00% reward=-1.425 | cost=2.848s | lr_actor=2.645e-04 lr_critic=2.645e-04 | wv=1177 stale=7 ck=ok| obj=inf completion=0.00% finite_obj=0.0% no_solution=100.0% collision=0.0% spectrum=40.0% action_range=[0.001,0.999] solver_status=optimal:0.0%,infeasible:90.0%,unknown:10.0%,error:0.0%,other:0.0% norm_count=94720
2026-09-29 14:05:59 | [QUEUE] | iter=1184 | 队列 | sample_queue=0/4 | weight_queues_pending=4/4
2026-09-29 14:06:14 | [UPDATE] | [learner] iter=1185 transitions=40 completion=0.00% reward=-1.350 | cost=2.257s | lr_actor=2.645e-04 lr_critic=2.645e-04 | wv=1180 stale=5 ck=ok| obj=inf completion=0.00% finite_obj=0.0% no_solution=100.0% collision=0.0% spectrum=32.5% action_range=[0.000,1.000] solver_status=optimal:0.0%,infeasible:92.5%,unknown:7.5%,error:0.0%,other:0.0% norm_count=94800
2026-09-29 14:06:14 | [QUEUE] | iter=1185 | 队列 | sample_queue=0/4 | weight_queues_pending=4/4
2026-09-29 14:06:17 | [UPDATE] | [learner] iter=1186 transitions=40 completion=0.00% reward=-1.225 | cost=2.219s | lr_actor=2.644e-04 lr_critic=2.644e-04 | wv=1181 stale=5 ck=ok| obj=inf completion=0.00% finite_obj=0.0% no_solution=100.0% collision=0.0% spectrum=22.5% action_range=[0.000,0.999] solver_status=optimal:0.0%,infeasible:90.0%,unknown:10.0%,error:0.0%,other:0.0% norm_count=94880
2026-09-29 14:06:17 | [QUEUE] | iter=1186 | 队列 | sample_queue=1/4 | weight_queues_pending=4/4
2026-09-29 14:06:20 | [UPDATE] | [learner] iter=1187 transitions=40 completion=0.00% reward=-1.350 | cost=2.298s | lr_actor=2.644e-04 lr_critic=2.644e-04 | wv=1181 stale=6 ck=ok| obj=inf completion=0.00% finite_obj=0.0% no_solution=100.0% collision=0.0% spectrum=32.5% action_range=[0.000,1.000] solver_status=optimal:0.0%,infeasible:80.0%,unknown:20.0%,error:0.0%,other:0.0% norm_count=94960
2026-09-29 14:06:20 | [QUEUE] | iter=1187 | 队列 | sample_queue=1/4 | weight_queues_pending=4/4
2026-09-29 14:06:22 | [UPDATE] | [learner] iter=1188 transitions=40 completion=2.50% reward=-1.177 | cost=2.602s | lr_actor=2.644e-04 lr_critic=2.644e-04 | wv=1181 stale=7 ck=ok| obj=inf completion=2.50% finite_obj=2.5% no_solution=97.5% collision=0.0% spectrum=20.0% action_range=[0.000,1.000] solver_status=optimal:2.5%,infeasible:90.0%,unknown:7.5%,error:0.0%,other:0.0% norm_count=95040
2026-09-29 14:06:22 | [QUEUE] | iter=1188 | 队列 | sample_queue=0/4 | weight_queues_pending=4/4
2026-09-29 14:06:42 | [UPDATE] | [learner] iter=1189 transitions=40 completion=0.00% reward=-1.550 | cost=2.833s | lr_actor=2.644e-04 lr_critic=2.644e-04 | wv=1184 stale=5 ck=ok| obj=inf completion=0.00% finite_obj=0.0% no_solution=100.0% collision=0.0% spectrum=45.0% action_range=[0.000,0.999] solver_status=optimal:0.0%,infeasible:82.5%,unknown:17.5%,error:0.0%,other:0.0% norm_count=95120
2026-09-29 14:06:42 | [QUEUE] | iter=1189 | 队列 | sample_queue=0/4 | weight_queues_pending=4/4
2026-09-29 14:06:48 | [UPDATE] | [learner] iter=1190 transitions=40 completion=2.50% reward=-1.279 | cost=3.438s | lr_actor=2.643e-04 lr_critic=2.643e-04 | wv=1185 stale=5 ck=ok| obj=inf completion=2.50% finite_obj=2.5% no_solution=97.5% collision=0.0% spectrum=27.5% action_range=[0.000,0.999] solver_status=optimal:2.5%,infeasible:92.5%,unknown:5.0%,error:0.0%,other:0.0% norm_count=95200
2026-09-29 14:06:48 | [QUEUE] | iter=1190 | 队列 | sample_queue=1/4 | weight_queues_pending=4/4
2026-09-29 14:06:51 | [UPDATE] | [learner] iter=1191 transitions=40 completion=0.00% reward=-1.275 | cost=3.756s | lr_actor=2.643e-04 lr_critic=2.643e-04 | wv=1185 stale=6 ck=ok| obj=inf completion=0.00% finite_obj=0.0% no_solution=100.0% collision=0.0% spectrum=27.5% action_range=[0.000,0.999] solver_status=optimal:0.0%,infeasible:85.0%,unknown:15.0%,error:0.0%,other:0.0% norm_count=95280
2026-09-29 14:06:51 | [QUEUE] | iter=1191 | 队列 | sample_queue=0/4 | weight_queues_pending=4/4
2026-09-29 14:07:00 | [UPDATE] | [learner] iter=1192 transitions=40 completion=5.00% reward=-1.132 | cost=4.234s | lr_actor=2.643e-04 lr_critic=2.643e-04 | wv=1186 stale=6 ck=ok| obj=inf completion=5.00% finite_obj=5.0% no_solution=95.0% collision=0.0% spectrum=20.0% action_range=[0.002,1.000] solver_status=optimal:5.0%,infeasible:92.5%,unknown:2.5%,error:0.0%,other:0.0% norm_count=95360
2026-09-29 14:07:00 | [QUEUE] | iter=1192 | 队列 | sample_queue=0/4 | weight_queues_pending=4/4
2026-09-29 14:07:25 | [UPDATE] | [learner] iter=1193 transitions=40 completion=2.50% reward=-1.401 | cost=4.199s | lr_actor=2.642e-04 lr_critic=2.642e-04 | wv=1188 stale=5 ck=ok| obj=inf completion=2.50% finite_obj=2.5% no_solution=97.5% collision=0.0% spectrum=40.0% action_range=[0.000,1.000] solver_status=optimal:2.5%,infeasible:90.0%,unknown:7.5%,error:0.0%,other:0.0% norm_count=95440
2026-09-29 14:07:25 | [QUEUE] | iter=1193 | 队列 | sample_queue=1/4 | weight_queues_pending=4/4
2026-09-29 14:07:29 | [UPDATE] | [learner] iter=1194 transitions=40 completion=0.00% reward=-1.350 | cost=3.733s | lr_actor=2.642e-04 lr_critic=2.642e-04 | wv=1189 stale=5 ck=ok| obj=inf completion=0.00% finite_obj=0.0% no_solution=100.0% collision=0.0% spectrum=32.5% action_range=[0.000,0.999] solver_status=optimal:0.0%,infeasible:92.5%,unknown:7.5%,error:0.0%,other:0.0% norm_count=95520
2026-09-29 14:07:29 | [QUEUE] | iter=1194 | 队列 | sample_queue=1/4 | weight_queues_pending=4/4
2026-09-29 14:07:33 | [UPDATE] | [learner] iter=1195 transitions=40 completion=0.00% reward=-1.300 | cost=4.351s | lr_actor=2.642e-04 lr_critic=2.642e-04 | wv=1189 stale=6 ck=ok| obj=inf completion=0.00% finite_obj=0.0% no_solution=100.0% collision=0.0% spectrum=30.0% action_range=[0.000,1.000] solver_status=optimal:0.0%,infeasible:97.5%,unknown:2.5%,error:0.0%,other:0.0% norm_count=95600
2026-09-29 14:07:33 | [QUEUE] | iter=1195 | 队列 | sample_queue=0/4 | weight_queues_pending=4/4
2026-09-29 14:07:37 | [UPDATE] | [learner] iter=1196 transitions=40 completion=0.00% reward=-1.450 | cost=3.953s | lr_actor=2.641e-04 lr_critic=2.641e-04 | wv=1191 stale=5 ck=ok| obj=inf completion=0.00% finite_obj=0.0% no_solution=100.0% collision=0.0% spectrum=42.5% action_range=[0.000,0.999] solver_status=optimal:0.0%,infeasible:87.5%,unknown:12.5%,error:0.0%,other:0.0% norm_count=95680
2026-09-29 14:07:37 | [QUEUE] | iter=1196 | 队列 | sample_queue=0/4 | weight_queues_pending=4/4
2026-09-29 14:08:05 | [UPDATE] | [learner] iter=1197 transitions=40 completion=5.00% reward=-1.231 | cost=3.261s | lr_actor=2.641e-04 lr_critic=2.641e-04 | wv=1193 stale=4 ck=ok| obj=inf completion=5.00% finite_obj=5.0% no_solution=95.0% collision=0.0% spectrum=30.0% action_range=[0.000,1.000] solver_status=optimal:5.0%,infeasible:87.5%,unknown:7.5%,error:0.0%,other:0.0% norm_count=95760
2026-09-29 14:08:06 | [QUEUE] | iter=1197 | 队列 | sample_queue=3/4 | weight_queues_pending=4/4
2026-09-29 14:08:09 | [UPDATE] | [learner] iter=1198 transitions=40 completion=2.50% reward=-1.254 | cost=3.169s | lr_actor=2.641e-04 lr_critic=2.641e-04 | wv=1192 stale=6 ck=ok| obj=inf completion=2.50% finite_obj=2.5% no_solution=97.5% collision=0.0% spectrum=30.0% action_range=[0.000,1.000] solver_status=optimal:2.5%,infeasible:82.5%,unknown:15.0%,error:0.0%,other:0.0% norm_count=95840
2026-09-29 14:08:09 | [QUEUE] | iter=1198 | 队列 | sample_queue=2/4 | weight_queues_pending=4/4
2026-09-29 14:08:13 | [UPDATE] | [learner] iter=1199 transitions=40 completion=2.50% reward=-1.253 | cost=4.513s | lr_actor=2.641e-04 lr_critic=2.641e-04 | wv=1192 stale=7 ck=ok| obj=inf completion=2.50% finite_obj=2.5% no_solution=97.5% collision=0.0% spectrum=27.5% action_range=[0.000,1.000] solver_status=optimal:2.5%,infeasible:80.0%,unknown:17.5%,error:0.0%,other:0.0% norm_count=95920
2026-09-29 14:08:13 | [QUEUE] | iter=1199 | 队列 | sample_queue=1/4 | weight_queues_pending=4/4
2026-09-29 14:08:17 | [UPDATE] | [learner] iter=1200 transitions=40 completion=0.00% reward=-1.403 | cost=3.961s | lr_actor=2.640e-04 lr_critic=2.640e-04 | wv=1195 stale=5 ck=ok| obj=inf completion=0.00% finite_obj=2.5% no_solution=97.5% collision=0.0% spectrum=37.5% action_range=[0.001,1.000] solver_status=optimal:2.5%,infeasible:97.5%,unknown:0.0%,error:0.0%,other:0.0% norm_count=96000
2026-09-29 14:08:17 | [QUEUE] | iter=1200 | 队列 | sample_queue=0/4 | weight_queues_pending=4/4
2026-09-29 14:08:45 | [UPDATE] | [learner] iter=1201 transitions=40 completion=0.00% reward=-1.375 | cost=5.309s | lr_actor=2.640e-04 lr_critic=2.640e-04 | wv=1196 stale=5 ck=ok| obj=inf completion=0.00% finite_obj=0.0% no_solution=100.0% collision=0.0% spectrum=35.0% action_range=[0.002,1.000] solver_status=optimal:0.0%,infeasible:85.0%,unknown:15.0%,error:0.0%,other:0.0% norm_count=96080
2026-09-29 14:08:45 | [QUEUE] | iter=1201 | 队列 | sample_queue=1/4 | weight_queues_pending=4/4
2026-09-29 14:08:51 | [UPDATE] | [learner] iter=1202 transitions=40 completion=0.00% reward=-1.200 | cost=5.222s | lr_actor=2.640e-04 lr_critic=2.640e-04 | wv=1196 stale=6 ck=ok| obj=inf completion=0.00% finite_obj=0.0% no_solution=100.0% collision=0.0% spectrum=20.0% action_range=[0.000,0.999] solver_status=optimal:0.0%,infeasible:87.5%,unknown:12.5%,error:0.0%,other:0.0% norm_count=96160
2026-09-29 14:08:51 | [QUEUE] | iter=1202 | 队列 | sample_queue=2/4 | weight_queues_pending=4/4
2026-09-29 14:08:54 | [UPDATE] | [learner] iter=1203 transitions=40 completion=0.00% reward=-1.350 | cost=3.365s | lr_actor=2.639e-04 lr_critic=2.639e-04 | wv=1196 stale=7 ck=ok| obj=inf completion=0.00% finite_obj=0.0% no_solution=100.0% collision=0.0% spectrum=32.5% action_range=[0.000,0.999] solver_status=optimal:0.0%,infeasible:97.5%,unknown:2.5%,error:0.0%,other:0.0% norm_count=96240
2026-09-29 14:08:54 | [QUEUE] | iter=1203 | 队列 | sample_queue=1/4 | weight_queues_pending=4/4
2026-09-29 14:08:58 | [UPDATE] | [learner] iter=1204 transitions=40 completion=0.00% reward=-1.350 | cost=4.049s | lr_actor=2.639e-04 lr_critic=2.639e-04 | wv=1196 stale=8 ck=ok| obj=inf completion=0.00% finite_obj=0.0% no_solution=100.0% collision=0.0% spectrum=35.0% action_range=[0.001,0.999] solver_status=optimal:0.0%,infeasible:87.5%,unknown:12.5%,error:0.0%,other:0.0% norm_count=96320
2026-09-29 14:08:58 | [QUEUE] | iter=1204 | 队列 | sample_queue=0/4 | weight_queues_pending=4/4
2026-09-29 14:09:15 | [UPDATE] | [learner] iter=1205 transitions=40 completion=0.00% reward=-1.425 | cost=2.695s | lr_actor=2.639e-04 lr_critic=2.639e-04 | wv=1200 stale=5 ck=ok| obj=inf completion=0.00% finite_obj=0.0% no_solution=100.0% collision=0.0% spectrum=37.5% action_range=[0.001,0.999] solver_status=optimal:0.0%,infeasible:87.5%,unknown:12.5%,error:0.0%,other:0.0% norm_count=96400
2026-09-29 14:09:15 | [QUEUE] | iter=1205 | 队列 | sample_queue=1/4 | weight_queues_pending=4/4
2026-09-29 14:09:17 | [UPDATE] | [learner] iter=1206 transitions=40 completion=0.00% reward=-1.425 | cost=2.889s | lr_actor=2.638e-04 lr_critic=2.638e-04 | wv=1200 stale=6 ck=ok| obj=inf completion=0.00% finite_obj=0.0% no_solution=100.0% collision=0.0% spectrum=42.5% action_range=[0.000,0.999] solver_status=optimal:0.0%,infeasible:92.5%,unknown:7.5%,error:0.0%,other:0.0% norm_count=96480
2026-09-29 14:09:17 | [QUEUE] | iter=1206 | 队列 | sample_queue=0/4 | weight_queues_pending=4/4
2026-09-29 14:09:21 | [UPDATE] | [learner] iter=1207 transitions=40 completion=0.00% reward=-1.475 | cost=2.995s | lr_actor=2.638e-04 lr_critic=2.638e-04 | wv=1201 stale=6 ck=ok| obj=inf completion=0.00% finite_obj=0.0% no_solution=100.0% collision=0.0% spectrum=45.0% action_range=[0.000,0.999] solver_status=optimal:0.0%,infeasible:92.5%,unknown:7.5%,error:0.0%,other:0.0% norm_count=96560
2026-09-29 14:09:21 | [QUEUE] | iter=1207 | 队列 | sample_queue=1/4 | weight_queues_pending=4/4
2026-09-29 14:09:24 | [UPDATE] | [learner] iter=1208 transitions=40 completion=0.00% reward=-1.375 | cost=2.953s | lr_actor=2.638e-04 lr_critic=2.638e-04 | wv=1201 stale=7 ck=ok| obj=inf completion=0.00% finite_obj=0.0% no_solution=100.0% collision=0.0% spectrum=37.5% action_range=[0.000,0.999] solver_status=optimal:0.0%,infeasible:82.5%,unknown:17.5%,error:0.0%,other:0.0% norm_count=96640
2026-09-29 14:09:24 | [QUEUE] | iter=1208 | 队列 | sample_queue=0/4 | weight_queues_pending=4/4
2026-09-29 14:09:41 | [UPDATE] | [learner] iter=1209 transitions=40 completion=0.00% reward=-1.425 | cost=2.799s | lr_actor=2.638e-04 lr_critic=2.638e-04 | wv=1204 stale=5 ck=ok| obj=inf completion=0.00% finite_obj=0.0% no_solution=100.0% collision=0.0% spectrum=40.0% action_range=[0.000,1.000] solver_status=optimal:0.0%,infeasible:87.5%,unknown:12.5%,error:0.0%,other:0.0% norm_count=96720
2026-09-29 14:09:41 | [QUEUE] | iter=1209 | 队列 | sample_queue=1/4 | weight_queues_pending=4/4
2026-09-29 14:09:45 | [UPDATE] | [learner] iter=1210 transitions=40 completion=5.00% reward=-1.302 | cost=3.233s | lr_actor=2.637e-04 lr_critic=2.637e-04 | wv=1204 stale=6 ck=ok| obj=inf completion=5.00% finite_obj=5.0% no_solution=95.0% collision=0.0% spectrum=37.5% action_range=[0.001,1.000] solver_status=optimal:5.0%,infeasible:90.0%,unknown:5.0%,error:0.0%,other:0.0% norm_count=96800
2026-09-29 14:09:45 | [QUEUE] | iter=1210 | 队列 | sample_queue=0/4 | weight_queues_pending=4/4
2026-09-29 14:09:50 | [UPDATE] | [learner] iter=1211 transitions=40 completion=0.00% reward=-1.400 | cost=2.863s | lr_actor=2.637e-04 lr_critic=2.637e-04 | wv=1206 stale=5 ck=ok| obj=inf completion=0.00% finite_obj=0.0% no_solution=100.0% collision=0.0% spectrum=35.0% action_range=[0.000,0.999] solver_status=optimal:0.0%,infeasible:95.0%,unknown:5.0%,error:0.0%,other:0.0% norm_count=96880
2026-09-29 14:09:50 | [QUEUE] | iter=1211 | 队列 | sample_queue=0/4 | weight_queues_pending=4/4
2026-09-29 14:09:53 | [UPDATE] | [learner] iter=1212 transitions=40 completion=0.00% reward=-1.275 | cost=2.814s | lr_actor=2.637e-04 lr_critic=2.637e-04 | wv=1206 stale=6 ck=ok| obj=inf completion=0.00% finite_obj=0.0% no_solution=100.0% collision=0.0% spectrum=27.5% action_range=[0.000,1.000] solver_status=optimal:0.0%,infeasible:95.0%,unknown:5.0%,error:0.0%,other:0.0% norm_count=96960
2026-09-29 14:09:53 | [QUEUE] | iter=1212 | 队列 | sample_queue=0/4 | weight_queues_pending=4/4
2026-09-29 14:10:04 | [UPDATE] | [learner] iter=1213 transitions=40 completion=0.00% reward=-1.200 | cost=2.307s | lr_actor=2.636e-04 lr_critic=2.636e-04 | wv=1208 stale=5 ck=ok| obj=inf completion=0.00% finite_obj=0.0% no_solution=100.0% collision=0.0% spectrum=20.0% action_range=[0.000,1.000] solver_status=optimal:0.0%,infeasible:92.5%,unknown:7.5%,error:0.0%,other:0.0% norm_count=97040
2026-09-29 14:10:04 | [QUEUE] | iter=1213 | 队列 | sample_queue=0/4 | weight_queues_pending=4/4
2026-09-29 14:10:10 | [UPDATE] | [learner] iter=1214 transitions=40 completion=0.00% reward=-1.325 | cost=2.840s | lr_actor=2.636e-04 lr_critic=2.636e-04 | wv=1208 stale=6 ck=ok| obj=inf completion=0.00% finite_obj=0.0% no_solution=100.0% collision=0.0% spectrum=32.5% action_range=[0.000,0.999] solver_status=optimal:0.0%,infeasible:85.0%,unknown:15.0%,error:0.0%,other:0.0% norm_count=97120
2026-09-29 14:10:10 | [QUEUE] | iter=1214 | 队列 | sample_queue=1/4 | weight_queues_pending=4/4
2026-09-29 14:10:14 | [UPDATE] | [learner] iter=1215 transitions=40 completion=0.00% reward=-1.575 | cost=3.846s | lr_actor=2.636e-04 lr_critic=2.636e-04 | wv=1210 stale=5 ck=ok| obj=inf completion=0.00% finite_obj=0.0% no_solution=100.0% collision=0.0% spectrum=52.5% action_range=[0.001,1.000] solver_status=optimal:0.0%,infeasible:85.0%,unknown:15.0%,error:0.0%,other:0.0% norm_count=97200
2026-09-29 14:10:14 | [QUEUE] | iter=1215 | 队列 | sample_queue=0/4 | weight_queues_pending=4/4
2026-09-29 14:10:25 | [UPDATE] | [learner] iter=1216 transitions=40 completion=0.00% reward=-1.300 | cost=3.063s | lr_actor=2.635e-04 lr_critic=2.635e-04 | wv=1211 stale=5 ck=ok| obj=inf completion=0.00% finite_obj=0.0% no_solution=100.0% collision=0.0% spectrum=30.0% action_range=[0.000,1.000] solver_status=optimal:0.0%,infeasible:92.5%,unknown:7.5%,error:0.0%,other:0.0% norm_count=97280
2026-09-29 14:10:25 | [QUEUE] | iter=1216 | 队列 | sample_queue=0/4 | weight_queues_pending=4/4
2026-09-29 14:10:34 | [UPDATE] | [learner] iter=1217 transitions=40 completion=0.00% reward=-1.275 | cost=2.172s | lr_actor=2.635e-04 lr_critic=2.635e-04 | wv=1213 stale=4 ck=ok| obj=inf completion=0.00% finite_obj=0.0% no_solution=100.0% collision=0.0% spectrum=25.0% action_range=[0.000,1.000] solver_status=optimal:0.0%,infeasible:92.5%,unknown:7.5%,error:0.0%,other:0.0% norm_count=97360
2026-09-29 14:10:34 | [QUEUE] | iter=1217 | 队列 | sample_queue=1/4 | weight_queues_pending=4/4
2026-09-29 14:10:36 | [UPDATE] | [learner] iter=1218 transitions=40 completion=0.00% reward=-1.300 | cost=2.134s | lr_actor=2.635e-04 lr_critic=2.635e-04 | wv=1212 stale=6 ck=ok| obj=inf completion=0.00% finite_obj=0.0% no_solution=100.0% collision=0.0% spectrum=30.0% action_range=[0.001,1.000] solver_status=optimal:0.0%,infeasible:95.0%,unknown:5.0%,error:0.0%,other:0.0% norm_count=97440
2026-09-29 14:10:36 | [QUEUE] | iter=1218 | 队列 | sample_queue=0/4 | weight_queues_pending=4/4
2026-09-29 14:10:43 | [UPDATE] | [learner] iter=1219 transitions=40 completion=2.50% reward=-1.429 | cost=5.857s | lr_actor=2.635e-04 lr_critic=2.635e-04 | wv=1213 stale=6 ck=ok| obj=inf completion=2.50% finite_obj=2.5% no_solution=97.5% collision=0.0% spectrum=42.5% action_range=[0.000,1.000] solver_status=optimal:2.5%,infeasible:90.0%,unknown:7.5%,error:0.0%,other:0.0% norm_count=97520
2026-09-29 14:10:43 | [QUEUE] | iter=1219 | 队列 | sample_queue=0/4 | weight_queues_pending=4/4
2026-09-29 14:10:59 | [UPDATE] | [learner] iter=1220 transitions=40 completion=0.00% reward=-1.300 | cost=5.442s | lr_actor=2.634e-04 lr_critic=2.634e-04 | wv=1215 stale=5 ck=ok| obj=inf completion=0.00% finite_obj=0.0% no_solution=100.0% collision=0.0% spectrum=30.0% action_range=[0.000,0.998] solver_status=optimal:0.0%,infeasible:95.0%,unknown:5.0%,error:0.0%,other:0.0% norm_count=97600
2026-09-29 14:10:59 | [QUEUE] | iter=1220 | 队列 | sample_queue=0/4 | weight_queues_pending=4/4
2026-09-29 14:11:04 | [UPDATE] | [learner] iter=1221 transitions=40 completion=0.00% reward=-1.400 | cost=2.392s | lr_actor=2.634e-04 lr_critic=2.634e-04 | wv=1216 stale=5 ck=ok| obj=inf completion=0.00% finite_obj=0.0% no_solution=100.0% collision=0.0% spectrum=40.0% action_range=[0.000,1.000] solver_status=optimal:0.0%,infeasible:100.0%,unknown:0.0%,error:0.0%,other:0.0% norm_count=97680
2026-09-29 14:11:04 | [QUEUE] | iter=1221 | 队列 | sample_queue=1/4 | weight_queues_pending=4/4
2026-09-29 14:11:07 | [UPDATE] | [learner] iter=1222 transitions=40 completion=0.00% reward=-1.500 | cost=2.573s | lr_actor=2.634e-04 lr_critic=2.634e-04 | wv=1216 stale=6 ck=ok| obj=inf completion=0.00% finite_obj=0.0% no_solution=100.0% collision=0.0% spectrum=45.0% action_range=[0.001,0.999] solver_status=optimal:0.0%,infeasible:90.0%,unknown:10.0%,error:0.0%,other:0.0% norm_count=97760
2026-09-29 14:11:07 | [QUEUE] | iter=1222 | 队列 | sample_queue=0/4 | weight_queues_pending=4/4
2026-09-29 14:11:12 | [UPDATE] | [learner] iter=1223 transitions=40 completion=2.50% reward=-1.376 | cost=2.423s | lr_actor=2.633e-04 lr_critic=2.633e-04 | wv=1218 stale=5 ck=ok| obj=inf completion=2.50% finite_obj=2.5% no_solution=97.5% collision=0.0% spectrum=37.5% action_range=[0.000,1.000] solver_status=optimal:2.5%,infeasible:82.5%,unknown:15.0%,error:0.0%,other:0.0% norm_count=97840
2026-09-29 14:11:12 | [QUEUE] | iter=1223 | 队列 | sample_queue=0/4 | weight_queues_pending=4/4
2026-09-29 14:11:29 | [UPDATE] | [learner] iter=1224 transitions=40 completion=0.00% reward=-1.250 | cost=2.682s | lr_actor=2.633e-04 lr_critic=2.633e-04 | wv=1220 stale=4 ck=ok| obj=inf completion=0.00% finite_obj=0.0% no_solution=100.0% collision=0.0% spectrum=22.5% action_range=[0.000,1.000] solver_status=optimal:0.0%,infeasible:92.5%,unknown:7.5%,error:0.0%,other:0.0% norm_count=97920
2026-09-29 14:11:29 | [QUEUE] | iter=1224 | 队列 | sample_queue=1/4 | weight_queues_pending=4/4
2026-09-29 14:11:32 | [UPDATE] | [learner] iter=1225 transitions=40 completion=0.00% reward=-1.475 | cost=3.036s | lr_actor=2.633e-04 lr_critic=2.633e-04 | wv=1219 stale=6 ck=ok| obj=inf completion=0.00% finite_obj=0.0% no_solution=100.0% collision=0.0% spectrum=47.5% action_range=[0.001,1.000] solver_status=optimal:0.0%,infeasible:97.5%,unknown:2.5%,error:0.0%,other:0.0% norm_count=98000
2026-09-29 14:11:32 | [QUEUE] | iter=1225 | 队列 | sample_queue=0/4 | weight_queues_pending=4/4
2026-09-29 14:11:36 | [UPDATE] | [learner] iter=1226 transitions=40 completion=2.50% reward=-1.253 | cost=2.759s | lr_actor=2.632e-04 lr_critic=2.632e-04 | wv=1220 stale=6 ck=ok| obj=inf completion=2.50% finite_obj=2.5% no_solution=97.5% collision=0.0% spectrum=30.0% action_range=[0.001,1.000] solver_status=optimal:2.5%,infeasible:95.0%,unknown:2.5%,error:0.0%,other:0.0% norm_count=98080
2026-09-29 14:11:36 | [QUEUE] | iter=1226 | 队列 | sample_queue=1/4 | weight_queues_pending=4/4
2026-09-29 14:11:38 | [UPDATE] | [learner] iter=1227 transitions=40 completion=0.00% reward=-1.575 | cost=2.226s | lr_actor=2.632e-04 lr_critic=2.632e-04 | wv=1222 stale=5 ck=ok| obj=inf completion=0.00% finite_obj=0.0% no_solution=100.0% collision=0.0% spectrum=52.5% action_range=[0.000,0.999] solver_status=optimal:0.0%,infeasible:85.0%,unknown:15.0%,error:0.0%,other:0.0% norm_count=98160
2026-09-29 14:11:38 | [QUEUE] | iter=1227 | 队列 | sample_queue=0/4 | weight_queues_pending=4/4
2026-09-29 14:11:58 | [UPDATE] | [learner] iter=1228 transitions=40 completion=0.00% reward=-1.250 | cost=5.334s | lr_actor=2.632e-04 lr_critic=2.632e-04 | wv=1223 stale=5 ck=ok| obj=inf completion=0.00% finite_obj=0.0% no_solution=100.0% collision=0.0% spectrum=22.5% action_range=[0.000,1.000] solver_status=optimal:0.0%,infeasible:85.0%,unknown:15.0%,error:0.0%,other:0.0% norm_count=98240
2026-09-29 14:11:58 | [QUEUE] | iter=1228 | 队列 | sample_queue=2/4 | weight_queues_pending=4/4
2026-09-29 14:12:04 | [UPDATE] | [learner] iter=1229 transitions=40 completion=0.00% reward=-1.300 | cost=4.737s | lr_actor=2.632e-04 lr_critic=2.632e-04 | wv=1223 stale=6 ck=ok| obj=inf completion=0.00% finite_obj=0.0% no_solution=100.0% collision=0.0% spectrum=30.0% action_range=[0.001,1.000] solver_status=optimal:0.0%,infeasible:90.0%,unknown:10.0%,error:0.0%,other:0.0% norm_count=98320
2026-09-29 14:12:04 | [QUEUE] | iter=1229 | 队列 | sample_queue=2/4 | weight_queues_pending=4/4
2026-09-29 14:12:09 | [UPDATE] | [learner] iter=1230 transitions=40 completion=0.00% reward=-1.500 | cost=5.689s | lr_actor=2.631e-04 lr_critic=2.631e-04 | wv=1225 stale=5 ck=ok| obj=inf completion=0.00% finite_obj=0.0% no_solution=100.0% collision=0.0% spectrum=42.5% action_range=[0.000,0.999] solver_status=optimal:0.0%,infeasible:85.0%,unknown:15.0%,error:0.0%,other:0.0% norm_count=98400
2026-09-29 14:12:09 | [QUEUE] | iter=1230 | 队列 | sample_queue=1/4 | weight_queues_pending=4/4
2026-09-29 14:12:12 | [UPDATE] | [learner] iter=1231 transitions=40 completion=0.00% reward=-1.425 | cost=2.277s | lr_actor=2.631e-04 lr_critic=2.631e-04 | wv=1225 stale=6 ck=ok| obj=inf completion=0.00% finite_obj=0.0% no_solution=100.0% collision=0.0% spectrum=40.0% action_range=[0.000,0.999] solver_status=optimal:0.0%,infeasible:97.5%,unknown:2.5%,error:0.0%,other:0.0% norm_count=98480
2026-09-29 14:12:12 | [QUEUE] | iter=1231 | 队列 | sample_queue=0/4 | weight_queues_pending=4/4
2026-09-29 14:12:24 | [UPDATE] | [learner] iter=1232 transitions=40 completion=0.00% reward=-1.450 | cost=2.760s | lr_actor=2.631e-04 lr_critic=2.631e-04 | wv=1227 stale=5 ck=ok| obj=inf completion=0.00% finite_obj=0.0% no_solution=100.0% collision=0.0% spectrum=42.5% action_range=[0.001,1.000] solver_status=optimal:0.0%,infeasible:90.0%,unknown:10.0%,error:0.0%,other:0.0% norm_count=98560
2026-09-29 14:12:24 | [QUEUE] | iter=1232 | 队列 | sample_queue=0/4 | weight_queues_pending=4/4
2026-09-29 14:12:30 | [UPDATE] | [learner] iter=1233 transitions=40 completion=0.00% reward=-1.300 | cost=2.428s | lr_actor=2.630e-04 lr_critic=2.630e-04 | wv=1227 stale=6 ck=ok| obj=inf completion=0.00% finite_obj=0.0% no_solution=100.0% collision=0.0% spectrum=27.5% action_range=[0.003,0.999] solver_status=optimal:0.0%,infeasible:87.5%,unknown:12.5%,error:0.0%,other:0.0% norm_count=98640
2026-09-29 14:12:30 | [QUEUE] | iter=1233 | 队列 | sample_queue=1/4 | weight_queues_pending=4/4
2026-09-29 14:12:32 | [UPDATE] | [learner] iter=1234 transitions=40 completion=0.00% reward=-1.475 | cost=2.068s | lr_actor=2.630e-04 lr_critic=2.630e-04 | wv=1227 stale=7 ck=ok| obj=inf completion=0.00% finite_obj=0.0% no_solution=100.0% collision=0.0% spectrum=45.0% action_range=[0.001,1.000] solver_status=optimal:0.0%,infeasible:95.0%,unknown:5.0%,error:0.0%,other:0.0% norm_count=98720
2026-09-29 14:12:32 | [QUEUE] | iter=1234 | 队列 | sample_queue=0/4 | weight_queues_pending=4/4
2026-09-29 14:12:42 | [UPDATE] | [learner] iter=1235 transitions=40 completion=0.00% reward=-1.475 | cost=6.624s | lr_actor=2.630e-04 lr_critic=2.630e-04 | wv=1228 stale=7 ck=ok| obj=inf completion=0.00% finite_obj=0.0% no_solution=100.0% collision=0.0% spectrum=47.5% action_range=[0.001,1.000] solver_status=optimal:0.0%,infeasible:92.5%,unknown:7.5%,error:0.0%,other:0.0% norm_count=98800
2026-09-29 14:12:42 | [QUEUE] | iter=1235 | 队列 | sample_queue=0/4 | weight_queues_pending=4/4
2026-09-29 14:12:54 | [UPDATE] | [learner] iter=1236 transitions=40 completion=2.50% reward=-1.228 | cost=5.042s | lr_actor=2.629e-04 lr_critic=2.629e-04 | wv=1231 stale=5 ck=ok| obj=inf completion=2.50% finite_obj=2.5% no_solution=97.5% collision=0.0% spectrum=27.5% action_range=[0.000,0.999] solver_status=optimal:2.5%,infeasible:92.5%,unknown:5.0%,error:0.0%,other:0.0% norm_count=98880
2026-09-29 14:12:54 | [QUEUE] | iter=1236 | 队列 | sample_queue=0/4 | weight_queues_pending=4/4
2026-09-29 14:12:59 | [UPDATE] | [learner] iter=1237 transitions=40 completion=0.00% reward=-1.325 | cost=2.938s | lr_actor=2.629e-04 lr_critic=2.629e-04 | wv=1232 stale=5 ck=ok| obj=inf completion=0.00% finite_obj=0.0% no_solution=100.0% collision=0.0% spectrum=30.0% action_range=[0.001,1.000] solver_status=optimal:0.0%,infeasible:90.0%,unknown:10.0%,error:0.0%,other:0.0% norm_count=98960
2026-09-29 14:12:59 | [QUEUE] | iter=1237 | 队列 | sample_queue=0/4 | weight_queues_pending=4/4
2026-09-29 14:13:04 | [UPDATE] | [learner] iter=1238 transitions=40 completion=0.00% reward=-1.350 | cost=3.422s | lr_actor=2.629e-04 lr_critic=2.629e-04 | wv=1232 stale=6 ck=ok| obj=inf completion=0.00% finite_obj=0.0% no_solution=100.0% collision=0.0% spectrum=30.0% action_range=[0.000,1.000] solver_status=optimal:0.0%,infeasible:95.0%,unknown:5.0%,error:0.0%,other:0.0% norm_count=99040
2026-09-29 14:13:04 | [QUEUE] | iter=1238 | 队列 | sample_queue=0/4 | weight_queues_pending=4/4
2026-09-29 14:13:10 | [UPDATE] | [learner] iter=1239 transitions=40 completion=0.00% reward=-1.528 | cost=4.211s | lr_actor=2.629e-04 lr_critic=2.629e-04 | wv=1234 stale=5 ck=ok| obj=inf completion=0.00% finite_obj=2.5% no_solution=97.5% collision=0.0% spectrum=55.0% action_range=[0.000,0.998] solver_status=optimal:2.5%,infeasible:95.0%,unknown:2.5%,error:0.0%,other:0.0% norm_count=99120
2026-09-29 14:13:10 | [QUEUE] | iter=1239 | 队列 | sample_queue=0/4 | weight_queues_pending=4/4
2026-09-29 14:13:27 | [UPDATE] | [learner] iter=1240 transitions=40 completion=2.50% reward=-1.378 | cost=6.810s | lr_actor=2.628e-04 lr_critic=2.628e-04 | wv=1235 stale=5 ck=ok| obj=inf completion=2.50% finite_obj=2.5% no_solution=97.5% collision=0.0% spectrum=40.0% action_range=[0.001,0.999] solver_status=optimal:2.5%,infeasible:95.0%,unknown:2.5%,error:0.0%,other:0.0% norm_count=99200
2026-09-29 14:13:27 | [QUEUE] | iter=1240 | 队列 | sample_queue=1/4 | weight_queues_pending=4/4
2026-09-29 14:13:33 | [UPDATE] | [learner] iter=1241 transitions=40 completion=0.00% reward=-1.225 | cost=6.326s | lr_actor=2.628e-04 lr_critic=2.628e-04 | wv=1236 stale=5 ck=ok| obj=inf completion=0.00% finite_obj=0.0% no_solution=100.0% collision=0.0% spectrum=22.5% action_range=[0.000,1.000] solver_status=optimal:0.0%,infeasible:92.5%,unknown:7.5%,error:0.0%,other:0.0% norm_count=99280
2026-09-29 14:13:33 | [QUEUE] | iter=1241 | 队列 | sample_queue=0/4 | weight_queues_pending=4/4
2026-09-29 14:13:37 | [UPDATE] | [learner] iter=1242 transitions=40 completion=0.00% reward=-1.425 | cost=3.895s | lr_actor=2.628e-04 lr_critic=2.628e-04 | wv=1237 stale=5 ck=ok| obj=inf completion=0.00% finite_obj=0.0% no_solution=100.0% collision=0.0% spectrum=37.5% action_range=[0.000,1.000] solver_status=optimal:0.0%,infeasible:90.0%,unknown:10.0%,error:0.0%,other:0.0% norm_count=99360
2026-09-29 14:13:37 | [QUEUE] | iter=1242 | 队列 | sample_queue=1/4 | weight_queues_pending=4/4
2026-09-29 14:13:42 | [UPDATE] | [learner] iter=1243 transitions=40 completion=0.00% reward=-1.350 | cost=4.952s | lr_actor=2.627e-04 lr_critic=2.627e-04 | wv=1238 stale=5 ck=ok| obj=inf completion=0.00% finite_obj=0.0% no_solution=100.0% collision=0.0% spectrum=35.0% action_range=[0.000,1.000] solver_status=optimal:0.0%,infeasible:90.0%,unknown:10.0%,error:0.0%,other:0.0% norm_count=99440
2026-09-29 14:13:42 | [QUEUE] | iter=1243 | 队列 | sample_queue=0/4 | weight_queues_pending=4/4
2026-09-29 14:13:53 | [UPDATE] | [learner] iter=1244 transitions=40 completion=0.00% reward=-1.300 | cost=3.491s | lr_actor=2.627e-04 lr_critic=2.627e-04 | wv=1239 stale=5 ck=ok| obj=inf completion=0.00% finite_obj=0.0% no_solution=100.0% collision=0.0% spectrum=27.5% action_range=[0.001,0.999] solver_status=optimal:0.0%,infeasible:87.5%,unknown:12.5%,error:0.0%,other:0.0% norm_count=99520
2026-09-29 14:13:53 | [QUEUE] | iter=1244 | 队列 | sample_queue=0/4 | weight_queues_pending=4/4
2026-09-29 14:14:01 | [UPDATE] | [learner] iter=1245 transitions=40 completion=0.00% reward=-1.575 | cost=2.423s | lr_actor=2.627e-04 lr_critic=2.627e-04 | wv=1239 stale=6 ck=ok| obj=inf completion=0.00% finite_obj=0.0% no_solution=100.0% collision=0.0% spectrum=57.5% action_range=[0.002,1.000] solver_status=optimal:0.0%,infeasible:90.0%,unknown:10.0%,error:0.0%,other:0.0% norm_count=99600
2026-09-29 14:14:01 | [QUEUE] | iter=1245 | 队列 | sample_queue=0/4 | weight_queues_pending=4/4
2026-09-29 14:14:05 | [UPDATE] | [learner] iter=1246 transitions=40 completion=0.00% reward=-1.450 | cost=2.328s | lr_actor=2.626e-04 lr_critic=2.626e-04 | wv=1241 stale=5 ck=ok| obj=inf completion=0.00% finite_obj=0.0% no_solution=100.0% collision=0.0% spectrum=42.5% action_range=[0.000,0.999] solver_status=optimal:0.0%,infeasible:92.5%,unknown:7.5%,error:0.0%,other:0.0% norm_count=99680
2026-09-29 14:14:05 | [QUEUE] | iter=1246 | 队列 | sample_queue=1/4 | weight_queues_pending=4/4
2026-09-29 14:14:07 | [UPDATE] | [learner] iter=1247 transitions=40 completion=0.00% reward=-1.425 | cost=2.270s | lr_actor=2.626e-04 lr_critic=2.626e-04 | wv=1241 stale=6 ck=ok| obj=inf completion=0.00% finite_obj=0.0% no_solution=100.0% collision=0.0% spectrum=40.0% action_range=[0.000,1.000] solver_status=optimal:0.0%,infeasible:90.0%,unknown:10.0%,error:0.0%,other:0.0% norm_count=99760
2026-09-29 14:14:07 | [QUEUE] | iter=1247 | 队列 | sample_queue=0/4 | weight_queues_pending=4/4
2026-09-29 14:14:18 | [UPDATE] | [learner] iter=1248 transitions=40 completion=0.00% reward=-1.225 | cost=2.459s | lr_actor=2.626e-04 lr_critic=2.626e-04 | wv=1243 stale=5 ck=ok| obj=inf completion=0.00% finite_obj=0.0% no_solution=100.0% collision=0.0% spectrum=22.5% action_range=[0.000,1.000] solver_status=optimal:0.0%,infeasible:92.5%,unknown:7.5%,error:0.0%,other:0.0% norm_count=99840
2026-09-29 14:14:18 | [QUEUE] | iter=1248 | 队列 | sample_queue=0/4 | weight_queues_pending=4/4
2026-09-29 14:14:32 | [UPDATE] | [learner] iter=1249 transitions=40 completion=0.00% reward=-1.275 | cost=5.645s | lr_actor=2.626e-04 lr_critic=2.626e-04 | wv=1244 stale=5 ck=ok| obj=inf completion=0.00% finite_obj=0.0% no_solution=100.0% collision=0.0% spectrum=25.0% action_range=[0.000,1.000] solver_status=optimal:0.0%,infeasible:97.5%,unknown:2.5%,error:0.0%,other:0.0% norm_count=99920
2026-09-29 14:14:32 | [QUEUE] | iter=1249 | 队列 | sample_queue=0/4 | weight_queues_pending=4/4
2026-09-29 14:14:38 | [UPDATE] | [learner] iter=1250 transitions=40 completion=0.00% reward=-1.150 | cost=3.452s | lr_actor=2.625e-04 lr_critic=2.625e-04 | wv=1245 stale=5 ck=ok| obj=inf completion=0.00% finite_obj=0.0% no_solution=100.0% collision=0.0% spectrum=15.0% action_range=[0.000,1.000] solver_status=optimal:0.0%,infeasible:87.5%,unknown:12.5%,error:0.0%,other:0.0% norm_count=100000
2026-09-29 14:14:38 | [QUEUE] | iter=1250 | 队列 | sample_queue=1/4 | weight_queues_pending=4/4
2026-09-29 14:14:42 | [UPDATE] | [learner] iter=1251 transitions=40 completion=2.50% reward=-1.178 | cost=3.732s | lr_actor=2.625e-04 lr_critic=2.625e-04 | wv=1245 stale=6 ck=ok| obj=inf completion=2.50% finite_obj=2.5% no_solution=97.5% collision=0.0% spectrum=22.5% action_range=[0.000,1.000] solver_status=optimal:2.5%,infeasible:92.5%,unknown:5.0%,error:0.0%,other:0.0% norm_count=100080
2026-09-29 14:14:42 | [QUEUE] | iter=1251 | 队列 | sample_queue=0/4 | weight_queues_pending=4/4
2026-09-29 14:14:47 | [UPDATE] | [learner] iter=1252 transitions=40 completion=0.00% reward=-1.525 | cost=3.682s | lr_actor=2.625e-04 lr_critic=2.625e-04 | wv=1247 stale=5 ck=ok| obj=inf completion=0.00% finite_obj=0.0% no_solution=100.0% collision=0.0% spectrum=47.5% action_range=[0.000,1.000] solver_status=optimal:0.0%,infeasible:90.0%,unknown:10.0%,error:0.0%,other:0.0% norm_count=100160
2026-09-29 14:14:47 | [QUEUE] | iter=1252 | 队列 | sample_queue=0/4 | weight_queues_pending=4/4
2026-09-29 14:15:00 | [UPDATE] | [learner] iter=1253 transitions=40 completion=0.00% reward=-1.275 | cost=2.062s | lr_actor=2.624e-04 lr_critic=2.624e-04 | wv=1248 stale=5 ck=ok| obj=inf completion=0.00% finite_obj=0.0% no_solution=100.0% collision=0.0% spectrum=25.0% action_range=[0.001,1.000] solver_status=optimal:0.0%,infeasible:97.5%,unknown:2.5%,error:0.0%,other:0.0% norm_count=100240
2026-09-29 14:15:00 | [QUEUE] | iter=1253 | 队列 | sample_queue=0/4 | weight_queues_pending=4/4
2026-09-29 14:15:08 | [UPDATE] | [learner] iter=1254 transitions=40 completion=0.00% reward=-1.375 | cost=3.008s | lr_actor=2.624e-04 lr_critic=2.624e-04 | wv=1249 stale=5 ck=ok| obj=inf completion=0.00% finite_obj=0.0% no_solution=100.0% collision=0.0% spectrum=37.5% action_range=[0.000,1.000] solver_status=optimal:0.0%,infeasible:97.5%,unknown:2.5%,error:0.0%,other:0.0% norm_count=100320
2026-09-29 14:15:08 | [QUEUE] | iter=1254 | 队列 | sample_queue=1/4 | weight_queues_pending=4/4
2026-09-29 14:15:11 | [UPDATE] | [learner] iter=1255 transitions=40 completion=2.50% reward=-1.428 | cost=2.733s | lr_actor=2.624e-04 lr_critic=2.624e-04 | wv=1249 stale=6 ck=ok| obj=inf completion=2.50% finite_obj=2.5% no_solution=97.5% collision=0.0% spectrum=45.0% action_range=[0.000,1.000] solver_status=optimal:2.5%,infeasible:90.0%,unknown:7.5%,error:0.0%,other:0.0% norm_count=100400
2026-09-29 14:15:11 | [QUEUE] | iter=1255 | 队列 | sample_queue=0/4 | weight_queues_pending=4/4
2026-09-29 14:15:16 | [UPDATE] | [learner] iter=1256 transitions=40 completion=2.50% reward=-1.228 | cost=3.372s | lr_actor=2.624e-04 lr_critic=2.624e-04 | wv=1251 stale=5 ck=ok| obj=inf completion=2.50% finite_obj=5.0% no_solution=95.0% collision=0.0% spectrum=32.5% action_range=[0.000,0.999] solver_status=optimal:5.0%,infeasible:92.5%,unknown:2.5%,error:0.0%,other:0.0% norm_count=100480
2026-09-29 14:15:16 | [QUEUE] | iter=1256 | 队列 | sample_queue=0/4 | weight_queues_pending=4/4
2026-09-29 14:15:28 | [UPDATE] | [learner] iter=1257 transitions=40 completion=0.00% reward=-1.400 | cost=4.216s | lr_actor=2.623e-04 lr_critic=2.623e-04 | wv=1252 stale=5 ck=ok| obj=inf completion=0.00% finite_obj=0.0% no_solution=100.0% collision=0.0% spectrum=35.0% action_range=[0.001,1.000] solver_status=optimal:0.0%,infeasible:80.0%,unknown:20.0%,error:0.0%,other:0.0% norm_count=100560
2026-09-29 14:15:28 | [QUEUE] | iter=1257 | 队列 | sample_queue=0/4 | weight_queues_pending=4/4
2026-09-29 14:15:37 | [UPDATE] | [learner] iter=1258 transitions=40 completion=0.00% reward=-1.350 | cost=2.617s | lr_actor=2.623e-04 lr_critic=2.623e-04 | wv=1253 stale=5 ck=ok| obj=inf completion=0.00% finite_obj=0.0% no_solution=100.0% collision=0.0% spectrum=32.5% action_range=[0.000,1.000] solver_status=optimal:0.0%,infeasible:95.0%,unknown:5.0%,error:0.0%,other:0.0% norm_count=100640
2026-09-29 14:15:37 | [QUEUE] | iter=1258 | 队列 | sample_queue=1/4 | weight_queues_pending=4/4
2026-09-29 14:15:40 | [UPDATE] | [learner] iter=1259 transitions=40 completion=2.50% reward=-1.127 | cost=3.018s | lr_actor=2.623e-04 lr_critic=2.623e-04 | wv=1253 stale=6 ck=ok| obj=inf completion=2.50% finite_obj=2.5% no_solution=97.5% collision=0.0% spectrum=17.5% action_range=[0.000,1.000] solver_status=optimal:2.5%,infeasible:87.5%,unknown:10.0%,error:0.0%,other:0.0% norm_count=100720
2026-09-29 14:15:40 | [QUEUE] | iter=1259 | 队列 | sample_queue=0/4 | weight_queues_pending=4/4
2026-09-29 14:15:43 | [UPDATE] | [learner] iter=1260 transitions=40 completion=0.00% reward=-1.301 | cost=2.084s | lr_actor=2.622e-04 lr_critic=2.622e-04 | wv=1255 stale=5 ck=ok| obj=inf completion=0.00% finite_obj=2.5% no_solution=97.5% collision=0.0% spectrum=32.5% action_range=[0.000,1.000] solver_status=optimal:2.5%,infeasible:87.5%,unknown:10.0%,error:0.0%,other:0.0% norm_count=100800
2026-09-29 14:15:43 | [QUEUE] | iter=1260 | 队列 | sample_queue=0/4 | weight_queues_pending=4/4
2026-09-29 14:15:53 | [UPDATE] | [learner] iter=1261 transitions=40 completion=0.00% reward=-1.375 | cost=2.685s | lr_actor=2.622e-04 lr_critic=2.622e-04 | wv=1256 stale=5 ck=ok| obj=inf completion=0.00% finite_obj=0.0% no_solution=100.0% collision=0.0% spectrum=32.5% action_range=[0.000,0.997] solver_status=optimal:0.0%,infeasible:90.0%,unknown:10.0%,error:0.0%,other:0.0% norm_count=100880
2026-09-29 14:15:53 | [QUEUE] | iter=1261 | 队列 | sample_queue=0/4 | weight_queues_pending=4/4
2026-09-29 14:16:08 | [UPDATE] | [learner] iter=1262 transitions=40 completion=0.00% reward=-1.425 | cost=3.793s | lr_actor=2.622e-04 lr_critic=2.622e-04 | wv=1257 stale=5 ck=ok| obj=inf completion=0.00% finite_obj=0.0% no_solution=100.0% collision=0.0% spectrum=40.0% action_range=[0.002,1.000] solver_status=optimal:0.0%,infeasible:90.0%,unknown:10.0%,error:0.0%,other:0.0% norm_count=100960
2026-09-29 14:16:08 | [QUEUE] | iter=1262 | 队列 | sample_queue=1/4 | weight_queues_pending=4/4
2026-09-29 14:16:11 | [UPDATE] | [learner] iter=1263 transitions=40 completion=0.00% reward=-1.325 | cost=2.934s | lr_actor=2.621e-04 lr_critic=2.621e-04 | wv=1257 stale=6 ck=ok| obj=inf completion=0.00% finite_obj=0.0% no_solution=100.0% collision=0.0% spectrum=32.5% action_range=[0.000,1.000] solver_status=optimal:0.0%,infeasible:97.5%,unknown:2.5%,error:0.0%,other:0.0% norm_count=101040
2026-09-29 14:16:11 | [QUEUE] | iter=1263 | 队列 | sample_queue=1/4 | weight_queues_pending=4/4
2026-09-29 14:16:14 | [UPDATE] | [learner] iter=1264 transitions=40 completion=0.00% reward=-1.200 | cost=3.174s | lr_actor=2.621e-04 lr_critic=2.621e-04 | wv=1259 stale=5 ck=ok| obj=inf completion=0.00% finite_obj=0.0% no_solution=100.0% collision=0.0% spectrum=20.0% action_range=[0.000,1.000] solver_status=optimal:0.0%,infeasible:97.5%,unknown:2.5%,error:0.0%,other:0.0% norm_count=101120
2026-09-29 14:16:14 | [QUEUE] | iter=1264 | 队列 | sample_queue=0/4 | weight_queues_pending=4/4
2026-09-29 14:16:24 | [UPDATE] | [learner] iter=1265 transitions=40 completion=0.00% reward=-1.400 | cost=2.718s | lr_actor=2.621e-04 lr_critic=2.621e-04 | wv=1260 stale=5 ck=ok| obj=inf completion=0.00% finite_obj=0.0% no_solution=100.0% collision=0.0% spectrum=40.0% action_range=[0.001,1.000] solver_status=optimal:0.0%,infeasible:90.0%,unknown:10.0%,error:0.0%,other:0.0% norm_count=101200
2026-09-29 14:16:24 | [QUEUE] | iter=1265 | 队列 | sample_queue=0/4 | weight_queues_pending=4/4
2026-09-29 14:16:35 | [UPDATE] | [learner] iter=1266 transitions=40 completion=0.00% reward=-1.400 | cost=2.111s | lr_actor=2.620e-04 lr_critic=2.620e-04 | wv=1261 stale=5 ck=ok| obj=inf completion=0.00% finite_obj=0.0% no_solution=100.0% collision=0.0% spectrum=40.0% action_range=[0.000,0.999] solver_status=optimal:0.0%,infeasible:95.0%,unknown:5.0%,error:0.0%,other:0.0% norm_count=101280
2026-09-29 14:16:35 | [QUEUE] | iter=1266 | 队列 | sample_queue=0/4 | weight_queues_pending=4/4
2026-09-29 14:16:40 | [UPDATE] | [learner] iter=1267 transitions=40 completion=0.00% reward=-1.300 | cost=2.714s | lr_actor=2.620e-04 lr_critic=2.620e-04 | wv=1261 stale=6 ck=ok| obj=inf completion=0.00% finite_obj=0.0% no_solution=100.0% collision=0.0% spectrum=27.5% action_range=[0.000,0.999] solver_status=optimal:0.0%,infeasible:95.0%,unknown:5.0%,error:0.0%,other:0.0% norm_count=101360
2026-09-29 14:16:40 | [QUEUE] | iter=1267 | 队列 | sample_queue=1/4 | weight_queues_pending=4/4
2026-09-29 14:16:42 | [UPDATE] | [learner] iter=1268 transitions=40 completion=0.00% reward=-1.450 | cost=2.453s | lr_actor=2.620e-04 lr_critic=2.620e-04 | wv=1262 stale=6 ck=ok| obj=inf completion=0.00% finite_obj=0.0% no_solution=100.0% collision=0.0% spectrum=42.5% action_range=[0.001,1.000] solver_status=optimal:0.0%,infeasible:92.5%,unknown:7.5%,error:0.0%,other:0.0% norm_count=101440
2026-09-29 14:16:42 | [QUEUE] | iter=1268 | 队列 | sample_queue=0/4 | weight_queues_pending=4/4
2026-09-29 14:16:52 | [UPDATE] | [learner] iter=1269 transitions=40 completion=0.00% reward=-1.425 | cost=2.377s | lr_actor=2.620e-04 lr_critic=2.620e-04 | wv=1264 stale=5 ck=ok| obj=inf completion=0.00% finite_obj=0.0% no_solution=100.0% collision=0.0% spectrum=42.5% action_range=[0.001,1.000] solver_status=optimal:0.0%,infeasible:90.0%,unknown:10.0%,error:0.0%,other:0.0% norm_count=101520
2026-09-29 14:16:52 | [QUEUE] | iter=1269 | 队列 | sample_queue=0/4 | weight_queues_pending=4/4
2026-09-29 14:17:00 | [UPDATE] | [learner] iter=1270 transitions=40 completion=2.50% reward=-1.253 | cost=2.940s | lr_actor=2.619e-04 lr_critic=2.619e-04 | wv=1265 stale=5 ck=ok| obj=inf completion=2.50% finite_obj=2.5% no_solution=97.5% collision=0.0% spectrum=30.0% action_range=[0.000,0.999] solver_status=optimal:2.5%,infeasible:95.0%,unknown:2.5%,error:0.0%,other:0.0% norm_count=101600
2026-09-29 14:17:00 | [QUEUE] | iter=1270 | 队列 | sample_queue=0/4 | weight_queues_pending=4/4
2026-09-29 14:17:10 | [UPDATE] | [learner] iter=1271 transitions=40 completion=0.00% reward=-1.325 | cost=3.883s | lr_actor=2.619e-04 lr_critic=2.619e-04 | wv=1266 stale=5 ck=ok| obj=inf completion=0.00% finite_obj=0.0% no_solution=100.0% collision=0.0% spectrum=32.5% action_range=[0.001,1.000] solver_status=optimal:0.0%,infeasible:92.5%,unknown:7.5%,error:0.0%,other:0.0% norm_count=101680
2026-09-29 14:17:10 | [QUEUE] | iter=1271 | 队列 | sample_queue=0/4 | weight_queues_pending=4/4
2026-09-29 14:17:14 | [UPDATE] | [learner] iter=1272 transitions=40 completion=0.00% reward=-1.550 | cost=3.646s | lr_actor=2.619e-04 lr_critic=2.619e-04 | wv=1266 stale=6 ck=ok| obj=inf completion=0.00% finite_obj=0.0% no_solution=100.0% collision=0.0% spectrum=50.0% action_range=[0.000,1.000] solver_status=optimal:0.0%,infeasible:92.5%,unknown:7.5%,error:0.0%,other:0.0% norm_count=101760
2026-09-29 14:17:14 | [QUEUE] | iter=1272 | 队列 | sample_queue=0/4 | weight_queues_pending=4/4
2026-09-29 14:17:19 | [UPDATE] | [learner] iter=1273 transitions=40 completion=0.00% reward=-1.375 | cost=3.724s | lr_actor=2.618e-04 lr_critic=2.618e-04 | wv=1268 stale=5 ck=ok| obj=inf completion=0.00% finite_obj=0.0% no_solution=100.0% collision=0.0% spectrum=30.0% action_range=[0.001,1.000] solver_status=optimal:0.0%,infeasible:87.5%,unknown:12.5%,error:0.0%,other:0.0% norm_count=101840
2026-09-29 14:17:19 | [QUEUE] | iter=1273 | 队列 | sample_queue=0/4 | weight_queues_pending=4/4
2026-09-29 14:17:34 | [UPDATE] | [learner] iter=1274 transitions=40 completion=0.00% reward=-1.500 | cost=3.353s | lr_actor=2.618e-04 lr_critic=2.618e-04 | wv=1270 stale=4 ck=ok| obj=inf completion=0.00% finite_obj=0.0% no_solution=100.0% collision=0.0% spectrum=45.0% action_range=[0.002,1.000] solver_status=optimal:0.0%,infeasible:92.5%,unknown:7.5%,error:0.0%,other:0.0% norm_count=101920
2026-09-29 14:17:34 | [QUEUE] | iter=1274 | 队列 | sample_queue=1/4 | weight_queues_pending=4/4
2026-09-29 14:17:37 | [UPDATE] | [learner] iter=1275 transitions=40 completion=0.00% reward=-1.275 | cost=3.260s | lr_actor=2.618e-04 lr_critic=2.618e-04 | wv=1269 stale=6 ck=ok| obj=inf completion=0.00% finite_obj=0.0% no_solution=100.0% collision=0.0% spectrum=25.0% action_range=[0.000,1.000] solver_status=optimal:0.0%,infeasible:90.0%,unknown:10.0%,error:0.0%,other:0.0% norm_count=102000
2026-09-29 14:17:37 | [QUEUE] | iter=1275 | 队列 | sample_queue=0/4 | weight_queues_pending=4/4
2026-09-29 14:18:09 | [UPDATE] | [learner] iter=1276 transitions=40 completion=2.50% reward=-1.227 | cost=22.326s | lr_actor=2.617e-04 lr_critic=2.617e-04 | wv=1271 stale=5 ck=ok| obj=inf completion=2.50% finite_obj=2.5% no_solution=97.5% collision=0.0% spectrum=27.5% action_range=[0.001,1.000] solver_status=optimal:2.5%,infeasible:85.0%,unknown:12.5%,error:0.0%,other:0.0% norm_count=102080
2026-09-29 14:18:09 | [QUEUE] | iter=1276 | 队列 | sample_queue=2/4 | weight_queues_pending=4/4
2026-09-29 14:18:20 | [UPDATE] | [learner] iter=1277 transitions=40 completion=0.00% reward=-1.250 | cost=10.918s | lr_actor=2.617e-04 lr_critic=2.617e-04 | wv=1272 stale=5 ck=ok| obj=inf completion=0.00% finite_obj=0.0% no_solution=100.0% collision=0.0% spectrum=22.5% action_range=[0.001,1.000] solver_status=optimal:0.0%,infeasible:95.0%,unknown:5.0%,error:0.0%,other:0.0% norm_count=102160
2026-09-29 14:18:20 | [QUEUE] | iter=1277 | 队列 | sample_queue=2/4 | weight_queues_pending=4/4
2026-09-29 14:18:30 | [UPDATE] | [learner] iter=1278 transitions=40 completion=0.00% reward=-1.250 | cost=9.967s | lr_actor=2.617e-04 lr_critic=2.617e-04 | wv=1273 stale=5 ck=ok| obj=inf completion=0.00% finite_obj=0.0% no_solution=100.0% collision=0.0% spectrum=22.5% action_range=[0.000,0.999] solver_status=optimal:0.0%,infeasible:97.5%,unknown:2.5%,error:0.0%,other:0.0% norm_count=102240
2026-09-29 14:18:30 | [QUEUE] | iter=1278 | 队列 | sample_queue=3/4 | weight_queues_pending=4/4
2026-09-29 14:18:40 | [UPDATE] | [learner] iter=1279 transitions=40 completion=0.00% reward=-1.350 | cost=8.686s | lr_actor=2.617e-04 lr_critic=2.617e-04 | wv=1273 stale=6 ck=ok| obj=inf completion=0.00% finite_obj=0.0% no_solution=100.0% collision=0.0% spectrum=32.5% action_range=[0.000,1.000] solver_status=optimal:0.0%,infeasible:87.5%,unknown:12.5%,error:0.0%,other:0.0% norm_count=102320
2026-09-29 14:18:40 | [QUEUE] | iter=1279 | 队列 | sample_queue=2/4 | weight_queues_pending=4/4
2026-09-29 14:18:45 | [UPDATE] | [learner] iter=1280 transitions=40 completion=0.00% reward=-1.450 | cost=5.538s | lr_actor=2.616e-04 lr_critic=2.616e-04 | wv=1275 stale=5 ck=ok| obj=inf completion=0.00% finite_obj=0.0% no_solution=100.0% collision=0.0% spectrum=37.5% action_range=[0.001,1.000] solver_status=optimal:0.0%,infeasible:92.5%,unknown:7.5%,error:0.0%,other:0.0% norm_count=102400
2026-09-29 14:18:45 | [QUEUE] | iter=1280 | 队列 | sample_queue=1/4 | weight_queues_pending=4/4
2026-09-29 14:18:50 | [UPDATE] | [learner] iter=1281 transitions=40 completion=0.00% reward=-1.375 | cost=5.105s | lr_actor=2.616e-04 lr_critic=2.616e-04 | wv=1275 stale=6 ck=ok| obj=inf completion=0.00% finite_obj=0.0% no_solution=100.0% collision=0.0% spectrum=32.5% action_range=[0.001,0.999] solver_status=optimal:0.0%,infeasible:95.0%,unknown:5.0%,error:0.0%,other:0.0% norm_count=102480
2026-09-29 14:18:50 | [QUEUE] | iter=1281 | 队列 | sample_queue=2/4 | weight_queues_pending=4/4
2026-09-29 14:18:56 | [UPDATE] | [learner] iter=1282 transitions=40 completion=0.00% reward=-1.375 | cost=5.641s | lr_actor=2.616e-04 lr_critic=2.616e-04 | wv=1276 stale=6 ck=ok| obj=inf completion=0.00% finite_obj=0.0% no_solution=100.0% collision=0.0% spectrum=35.0% action_range=[0.000,1.000] solver_status=optimal:0.0%,infeasible:97.5%,unknown:2.5%,error:0.0%,other:0.0% norm_count=102560
2026-09-29 14:18:56 | [QUEUE] | iter=1282 | 队列 | sample_queue=1/4 | weight_queues_pending=4/4
2026-09-29 14:19:03 | [UPDATE] | [learner] iter=1283 transitions=40 completion=0.00% reward=-1.425 | cost=6.769s | lr_actor=2.615e-04 lr_critic=2.615e-04 | wv=1275 stale=8 ck=ok| obj=inf completion=0.00% finite_obj=0.0% no_solution=100.0% collision=0.0% spectrum=37.5% action_range=[0.000,1.000] solver_status=optimal:0.0%,infeasible:87.5%,unknown:12.5%,error:0.0%,other:0.0% norm_count=102640
2026-09-29 14:19:03 | [QUEUE] | iter=1283 | 队列 | sample_queue=1/4 | weight_queues_pending=4/4
2026-09-29 14:19:10 | [UPDATE] | [learner] iter=1284 transitions=40 completion=2.50% reward=-1.328 | cost=6.709s | lr_actor=2.615e-04 lr_critic=2.615e-04 | wv=1277 stale=7 ck=ok| obj=inf completion=2.50% finite_obj=2.5% no_solution=97.5% collision=0.0% spectrum=35.0% action_range=[0.000,1.000] solver_status=optimal:2.5%,infeasible:90.0%,unknown:7.5%,error:0.0%,other:0.0% norm_count=102720
2026-09-29 14:19:10 | [QUEUE] | iter=1284 | 队列 | sample_queue=1/4 | weight_queues_pending=4/4
2026-09-29 14:19:17 | [UPDATE] | [learner] iter=1285 transitions=40 completion=0.00% reward=-1.375 | cost=6.754s | lr_actor=2.615e-04 lr_critic=2.615e-04 | wv=1277 stale=8 ck=ok| obj=inf completion=0.00% finite_obj=0.0% no_solution=100.0% collision=0.0% spectrum=35.0% action_range=[0.001,1.000] solver_status=optimal:0.0%,infeasible:90.0%,unknown:10.0%,error:0.0%,other:0.0% norm_count=102800
2026-09-29 14:19:17 | [QUEUE] | iter=1285 | 队列 | sample_queue=0/4 | weight_queues_pending=4/4
2026-09-29 14:19:27 | [UPDATE] | [learner] iter=1286 transitions=40 completion=0.00% reward=-1.450 | cost=6.358s | lr_actor=2.614e-04 lr_critic=2.614e-04 | wv=1280 stale=6 ck=ok| obj=inf completion=0.00% finite_obj=0.0% no_solution=100.0% collision=0.0% spectrum=37.5% action_range=[0.001,0.999] solver_status=optimal:0.0%,infeasible:90.0%,unknown:10.0%,error:0.0%,other:0.0% norm_count=102880
2026-09-29 14:19:27 | [QUEUE] | iter=1286 | 队列 | sample_queue=1/4 | weight_queues_pending=4/4
2026-09-29 14:19:32 | [UPDATE] | [learner] iter=1287 transitions=40 completion=0.00% reward=-1.425 | cost=5.226s | lr_actor=2.614e-04 lr_critic=2.614e-04 | wv=1280 stale=7 ck=ok| obj=inf completion=0.00% finite_obj=0.0% no_solution=100.0% collision=0.0% spectrum=42.5% action_range=[0.001,1.000] solver_status=optimal:0.0%,infeasible:90.0%,unknown:10.0%,error:0.0%,other:0.0% norm_count=102960
2026-09-29 14:19:32 | [QUEUE] | iter=1287 | 队列 | sample_queue=0/4 | weight_queues_pending=4/4
2026-09-29 14:19:36 | [UPDATE] | [learner] iter=1288 transitions=40 completion=0.00% reward=-1.350 | cost=2.323s | lr_actor=2.614e-04 lr_critic=2.614e-04 | wv=1282 stale=6 ck=ok| obj=inf completion=0.00% finite_obj=0.0% no_solution=100.0% collision=0.0% spectrum=35.0% action_range=[0.000,1.000] solver_status=optimal:0.0%,infeasible:92.5%,unknown:7.5%,error:0.0%,other:0.0% norm_count=103040
2026-09-29 14:19:36 | [QUEUE] | iter=1288 | 队列 | sample_queue=0/4 | weight_queues_pending=4/4
2026-09-29 14:19:42 | [UPDATE] | [learner] iter=1289 transitions=40 completion=0.00% reward=-1.350 | cost=2.509s | lr_actor=2.614e-04 lr_critic=2.614e-04 | wv=1283 stale=6 ck=ok| obj=inf completion=0.00% finite_obj=0.0% no_solution=100.0% collision=0.0% spectrum=32.5% action_range=[0.001,1.000] solver_status=optimal:0.0%,infeasible:90.0%,unknown:10.0%,error:0.0%,other:0.0% norm_count=103120
2026-09-29 14:19:42 | [QUEUE] | iter=1289 | 队列 | sample_queue=0/4 | weight_queues_pending=4/4
2026-09-29 14:19:54 | [UPDATE] | [learner] iter=1290 transitions=40 completion=0.00% reward=-1.400 | cost=2.376s | lr_actor=2.613e-04 lr_critic=2.613e-04 | wv=1285 stale=5 ck=ok| obj=inf completion=0.00% finite_obj=0.0% no_solution=100.0% collision=0.0% spectrum=35.0% action_range=[0.000,1.000] solver_status=optimal:0.0%,infeasible:92.5%,unknown:7.5%,error:0.0%,other:0.0% norm_count=103200
2026-09-29 14:19:54 | [QUEUE] | iter=1290 | 队列 | sample_queue=1/4 | weight_queues_pending=4/4
2026-09-29 14:19:57 | [UPDATE] | [learner] iter=1291 transitions=40 completion=0.00% reward=-1.325 | cost=2.658s | lr_actor=2.613e-04 lr_critic=2.613e-04 | wv=1285 stale=6 ck=ok| obj=inf completion=0.00% finite_obj=0.0% no_solution=100.0% collision=0.0% spectrum=32.5% action_range=[0.001,0.999] solver_status=optimal:0.0%,infeasible:100.0%,unknown:0.0%,error:0.0%,other:0.0% norm_count=103280
2026-09-29 14:19:57 | [QUEUE] | iter=1291 | 队列 | sample_queue=0/4 | weight_queues_pending=4/4
2026-09-29 14:20:00 | [UPDATE] | [learner] iter=1292 transitions=40 completion=0.00% reward=-1.350 | cost=2.837s | lr_actor=2.613e-04 lr_critic=2.613e-04 | wv=1287 stale=5 ck=ok| obj=inf completion=0.00% finite_obj=0.0% no_solution=100.0% collision=0.0% spectrum=35.0% action_range=[0.000,1.000] solver_status=optimal:0.0%,infeasible:97.5%,unknown:2.5%,error:0.0%,other:0.0% norm_count=103360
2026-09-29 14:20:00 | [QUEUE] | iter=1292 | 队列 | sample_queue=0/4 | weight_queues_pending=4/4
2026-09-29 14:20:13 | [UPDATE] | [learner] iter=1293 transitions=40 completion=0.00% reward=-1.275 | cost=2.929s | lr_actor=2.612e-04 lr_critic=2.612e-04 | wv=1288 stale=5 ck=ok| obj=inf completion=0.00% finite_obj=0.0% no_solution=100.0% collision=0.0% spectrum=27.5% action_range=[0.000,0.999] solver_status=optimal:0.0%,infeasible:97.5%,unknown:2.5%,error:0.0%,other:0.0% norm_count=103440
2026-09-29 14:20:13 | [QUEUE] | iter=1293 | 队列 | sample_queue=0/4 | weight_queues_pending=4/4
2026-09-29 14:20:19 | [UPDATE] | [learner] iter=1294 transitions=40 completion=0.00% reward=-1.425 | cost=2.635s | lr_actor=2.612e-04 lr_critic=2.612e-04 | wv=1289 stale=5 ck=ok| obj=inf completion=0.00% finite_obj=0.0% no_solution=100.0% collision=0.0% spectrum=40.0% action_range=[0.001,0.999] solver_status=optimal:0.0%,infeasible:90.0%,unknown:10.0%,error:0.0%,other:0.0% norm_count=103520
2026-09-29 14:20:19 | [QUEUE] | iter=1294 | 队列 | sample_queue=0/4 | weight_queues_pending=4/4
2026-09-29 14:20:28 | [UPDATE] | [learner] iter=1295 transitions=40 completion=2.50% reward=-1.329 | cost=5.527s | lr_actor=2.612e-04 lr_critic=2.612e-04 | wv=1289 stale=6 ck=ok| obj=inf completion=2.50% finite_obj=2.5% no_solution=97.5% collision=0.0% spectrum=35.0% action_range=[0.000,1.000] solver_status=optimal:2.5%,infeasible:95.0%,unknown:2.5%,error:0.0%,other:0.0% norm_count=103600
2026-09-29 14:20:28 | [QUEUE] | iter=1295 | 队列 | sample_queue=1/4 | weight_queues_pending=4/4
2026-09-29 14:20:31 | [UPDATE] | [learner] iter=1296 transitions=40 completion=0.00% reward=-1.325 | cost=2.929s | lr_actor=2.611e-04 lr_critic=2.611e-04 | wv=1291 stale=5 ck=ok| obj=inf completion=0.00% finite_obj=0.0% no_solution=100.0% collision=0.0% spectrum=30.0% action_range=[0.000,0.999] solver_status=optimal:0.0%,infeasible:97.5%,unknown:2.5%,error:0.0%,other:0.0% norm_count=103680
2026-09-29 14:20:31 | [QUEUE] | iter=1296 | 队列 | sample_queue=0/4 | weight_queues_pending=4/4
2026-09-29 14:20:45 | [UPDATE] | [learner] iter=1297 transitions=40 completion=0.00% reward=-1.350 | cost=2.901s | lr_actor=2.611e-04 lr_critic=2.611e-04 | wv=1292 stale=5 ck=ok| obj=inf completion=0.00% finite_obj=0.0% no_solution=100.0% collision=0.0% spectrum=30.0% action_range=[0.000,1.000] solver_status=optimal:0.0%,infeasible:95.0%,unknown:5.0%,error:0.0%,other:0.0% norm_count=103760
2026-09-29 14:20:45 | [QUEUE] | iter=1297 | 队列 | sample_queue=1/4 | weight_queues_pending=4/4
2026-09-29 14:20:48 | [UPDATE] | [learner] iter=1298 transitions=40 completion=0.00% reward=-1.425 | cost=2.274s | lr_actor=2.611e-04 lr_critic=2.611e-04 | wv=1293 stale=5 ck=ok| obj=inf completion=0.00% finite_obj=0.0% no_solution=100.0% collision=0.0% spectrum=40.0% action_range=[0.000,1.000] solver_status=optimal:0.0%,infeasible:90.0%,unknown:10.0%,error:0.0%,other:0.0% norm_count=103840
2026-09-29 14:20:48 | [QUEUE] | iter=1298 | 队列 | sample_queue=0/4 | weight_queues_pending=4/4
2026-09-29 14:20:54 | [UPDATE] | [learner] iter=1299 transitions=40 completion=5.00% reward=-1.428 | cost=2.480s | lr_actor=2.611e-04 lr_critic=2.611e-04 | wv=1294 stale=5 ck=ok| obj=inf completion=5.00% finite_obj=5.0% no_solution=95.0% collision=0.0% spectrum=47.5% action_range=[0.000,0.999] solver_status=optimal:5.0%,infeasible:92.5%,unknown:2.5%,error:0.0%,other:0.0% norm_count=103920
2026-09-29 14:20:54 | [QUEUE] | iter=1299 | 队列 | sample_queue=1/4 | weight_queues_pending=4/4
2026-09-29 14:20:57 | [UPDATE] | [learner] iter=1300 transitions=40 completion=2.50% reward=-1.352 | cost=3.065s | lr_actor=2.610e-04 lr_critic=2.610e-04 | wv=1294 stale=6 ck=ok| obj=inf completion=2.50% finite_obj=2.5% no_solution=97.5% collision=0.0% spectrum=37.5% action_range=[0.001,1.000] solver_status=optimal:2.5%,infeasible:90.0%,unknown:7.5%,error:0.0%,other:0.0% norm_count=104000
2026-09-29 14:20:57 | [QUEUE] | iter=1300 | 队列 | sample_queue=0/4 | weight_queues_pending=4/4
2026-09-29 14:21:15 | [UPDATE] | [learner] iter=1301 transitions=40 completion=0.00% reward=-1.525 | cost=3.316s | lr_actor=2.610e-04 lr_critic=2.610e-04 | wv=1296 stale=5 ck=ok| obj=inf completion=0.00% finite_obj=0.0% no_solution=100.0% collision=0.0% spectrum=45.0% action_range=[0.001,0.999] solver_status=optimal:0.0%,infeasible:85.0%,unknown:15.0%,error:0.0%,other:0.0% norm_count=104080
2026-09-29 14:21:15 | [QUEUE] | iter=1301 | 队列 | sample_queue=1/4 | weight_queues_pending=4/4
2026-09-29 14:21:19 | [UPDATE] | [learner] iter=1302 transitions=40 completion=0.00% reward=-1.325 | cost=3.210s | lr_actor=2.610e-04 lr_critic=2.610e-04 | wv=1296 stale=6 ck=ok| obj=inf completion=0.00% finite_obj=0.0% no_solution=100.0% collision=0.0% spectrum=30.0% action_range=[0.001,1.000] solver_status=optimal:0.0%,infeasible:97.5%,unknown:2.5%,error:0.0%,other:0.0% norm_count=104160
2026-09-29 14:21:19 | [QUEUE] | iter=1302 | 队列 | sample_queue=1/4 | weight_queues_pending=4/4
2026-09-29 14:21:21 | [UPDATE] | [learner] iter=1303 transitions=40 completion=0.00% reward=-1.300 | cost=2.747s | lr_actor=2.609e-04 lr_critic=2.609e-04 | wv=1298 stale=5 ck=ok| obj=inf completion=0.00% finite_obj=0.0% no_solution=100.0% collision=0.0% spectrum=30.0% action_range=[0.000,1.000] solver_status=optimal:0.0%,infeasible:87.5%,unknown:12.5%,error:0.0%,other:0.0% norm_count=104240
2026-09-29 14:21:21 | [QUEUE] | iter=1303 | 队列 | sample_queue=0/4 | weight_queues_pending=4/4
2026-09-29 14:21:25 | [UPDATE] | [learner] iter=1304 transitions=40 completion=0.00% reward=-1.350 | cost=2.377s | lr_actor=2.609e-04 lr_critic=2.609e-04 | wv=1298 stale=6 ck=ok| obj=inf completion=0.00% finite_obj=0.0% no_solution=100.0% collision=0.0% spectrum=27.5% action_range=[0.001,1.000] solver_status=optimal:0.0%,infeasible:92.5%,unknown:7.5%,error:0.0%,other:0.0% norm_count=104320
2026-09-29 14:21:25 | [QUEUE] | iter=1304 | 队列 | sample_queue=0/4 | weight_queues_pending=4/4
2026-09-29 14:21:42 | [UPDATE] | [learner] iter=1305 transitions=40 completion=0.00% reward=-1.300 | cost=2.266s | lr_actor=2.609e-04 lr_critic=2.609e-04 | wv=1300 stale=5 ck=ok| obj=inf completion=0.00% finite_obj=0.0% no_solution=100.0% collision=0.0% spectrum=27.5% action_range=[0.001,1.000] solver_status=optimal:0.0%,infeasible:92.5%,unknown:7.5%,error:0.0%,other:0.0% norm_count=104400
2026-09-29 14:21:42 | [QUEUE] | iter=1305 | 队列 | sample_queue=0/4 | weight_queues_pending=4/4
2026-09-29 14:21:46 | [UPDATE] | [learner] iter=1306 transitions=40 completion=2.50% reward=-1.204 | cost=2.604s | lr_actor=2.608e-04 lr_critic=2.608e-04 | wv=1301 stale=5 ck=ok| obj=inf completion=2.50% finite_obj=2.5% no_solution=97.5% collision=0.0% spectrum=20.0% action_range=[0.000,1.000] solver_status=optimal:2.5%,infeasible:95.0%,unknown:2.5%,error:0.0%,other:0.0% norm_count=104480
2026-09-29 14:21:46 | [QUEUE] | iter=1306 | 队列 | sample_queue=0/4 | weight_queues_pending=4/4
2026-09-29 14:21:49 | [UPDATE] | [learner] iter=1307 transitions=40 completion=2.50% reward=-1.378 | cost=2.587s | lr_actor=2.608e-04 lr_critic=2.608e-04 | wv=1300 stale=7 ck=ok| obj=inf completion=2.50% finite_obj=2.5% no_solution=97.5% collision=0.0% spectrum=42.5% action_range=[0.000,0.999] solver_status=optimal:2.5%,infeasible:95.0%,unknown:2.5%,error:0.0%,other:0.0% norm_count=104560
2026-09-29 14:21:49 | [QUEUE] | iter=1307 | 队列 | sample_queue=0/4 | weight_queues_pending=4/4
2026-09-29 14:21:52 | [UPDATE] | [learner] iter=1308 transitions=40 completion=2.50% reward=-1.152 | cost=2.608s | lr_actor=2.608e-04 lr_critic=2.608e-04 | wv=1303 stale=5 ck=ok| obj=inf completion=2.50% finite_obj=2.5% no_solution=97.5% collision=0.0% spectrum=20.0% action_range=[0.000,0.999] solver_status=optimal:2.5%,infeasible:92.5%,unknown:5.0%,error:0.0%,other:0.0% norm_count=104640
2026-09-29 14:21:52 | [QUEUE] | iter=1308 | 队列 | sample_queue=0/4 | weight_queues_pending=4/4
2026-09-29 14:22:09 | [UPDATE] | [learner] iter=1309 transitions=40 completion=0.00% reward=-1.450 | cost=2.964s | lr_actor=2.608e-04 lr_critic=2.608e-04 | wv=1304 stale=5 ck=ok| obj=inf completion=0.00% finite_obj=0.0% no_solution=100.0% collision=0.0% spectrum=40.0% action_range=[0.000,1.000] solver_status=optimal:0.0%,infeasible:92.5%,unknown:7.5%,error:0.0%,other:0.0% norm_count=104720
2026-09-29 14:22:09 | [QUEUE] | iter=1309 | 队列 | sample_queue=0/4 | weight_queues_pending=4/4
2026-09-29 14:22:15 | [UPDATE] | [learner] iter=1310 transitions=40 completion=0.00% reward=-1.275 | cost=3.452s | lr_actor=2.607e-04 lr_critic=2.607e-04 | wv=1305 stale=5 ck=ok| obj=inf completion=0.00% finite_obj=0.0% no_solution=100.0% collision=0.0% spectrum=27.5% action_range=[0.001,1.000] solver_status=optimal:0.0%,infeasible:92.5%,unknown:7.5%,error:0.0%,other:0.0% norm_count=104800
2026-09-29 14:22:15 | [QUEUE] | iter=1310 | 队列 | sample_queue=1/4 | weight_queues_pending=4/4
2026-09-29 14:22:19 | [UPDATE] | [learner] iter=1311 transitions=40 completion=5.00% reward=-1.305 | cost=3.032s | lr_actor=2.607e-04 lr_critic=2.607e-04 | wv=1307 stale=4 ck=ok| obj=inf completion=5.00% finite_obj=5.0% no_solution=95.0% collision=0.0% spectrum=37.5% action_range=[0.000,1.000] solver_status=optimal:5.0%,infeasible:85.0%,unknown:10.0%,error:0.0%,other:0.0% norm_count=104880
2026-09-29 14:22:19 | [QUEUE] | iter=1311 | 队列 | sample_queue=1/4 | weight_queues_pending=4/4
2026-09-29 14:22:23 | [UPDATE] | [learner] iter=1312 transitions=40 completion=0.00% reward=-1.525 | cost=3.957s | lr_actor=2.607e-04 lr_critic=2.607e-04 | wv=1306 stale=6 ck=ok| obj=inf completion=0.00% finite_obj=0.0% no_solution=100.0% collision=0.0% spectrum=42.5% action_range=[0.001,1.000] solver_status=optimal:0.0%,infeasible:87.5%,unknown:12.5%,error:0.0%,other:0.0% norm_count=104960
2026-09-29 14:22:23 | [QUEUE] | iter=1312 | 队列 | sample_queue=0/4 | weight_queues_pending=4/4
2026-09-29 14:22:40 | [UPDATE] | [learner] iter=1313 transitions=40 completion=0.00% reward=-1.375 | cost=2.686s | lr_actor=2.606e-04 lr_critic=2.606e-04 | wv=1308 stale=5 ck=ok| obj=inf completion=0.00% finite_obj=0.0% no_solution=100.0% collision=0.0% spectrum=37.5% action_range=[0.000,1.000] solver_status=optimal:0.0%,infeasible:97.5%,unknown:2.5%,error:0.0%,other:0.0% norm_count=105040
2026-09-29 14:22:40 | [QUEUE] | iter=1313 | 队列 | sample_queue=1/4 | weight_queues_pending=4/4
2026-09-29 14:22:43 | [UPDATE] | [learner] iter=1314 transitions=40 completion=0.00% reward=-1.300 | cost=2.943s | lr_actor=2.606e-04 lr_critic=2.606e-04 | wv=1309 stale=5 ck=ok| obj=inf completion=0.00% finite_obj=0.0% no_solution=100.0% collision=0.0% spectrum=27.5% action_range=[0.001,1.000] solver_status=optimal:0.0%,infeasible:90.0%,unknown:10.0%,error:0.0%,other:0.0% norm_count=105120
2026-09-29 14:22:43 | [QUEUE] | iter=1314 | 队列 | sample_queue=1/4 | weight_queues_pending=4/4
2026-09-29 14:22:48 | [UPDATE] | [learner] iter=1315 transitions=40 completion=0.00% reward=-1.325 | cost=4.390s | lr_actor=2.606e-04 lr_critic=2.606e-04 | wv=1309 stale=6 ck=ok| obj=inf completion=0.00% finite_obj=0.0% no_solution=100.0% collision=0.0% spectrum=30.0% action_range=[0.001,1.000] solver_status=optimal:0.0%,infeasible:92.5%,unknown:7.5%,error:0.0%,other:0.0% norm_count=105200
2026-09-29 14:22:48 | [QUEUE] | iter=1315 | 队列 | sample_queue=0/4 | weight_queues_pending=4/4
2026-09-29 14:22:51 | [UPDATE] | [learner] iter=1316 transitions=40 completion=0.00% reward=-1.400 | cost=3.443s | lr_actor=2.606e-04 lr_critic=2.606e-04 | wv=1310 stale=6 ck=ok| obj=inf completion=0.00% finite_obj=0.0% no_solution=100.0% collision=0.0% spectrum=37.5% action_range=[0.001,1.000] solver_status=optimal:0.0%,infeasible:95.0%,unknown:5.0%,error:0.0%,other:0.0% norm_count=105280
2026-09-29 14:22:51 | [QUEUE] | iter=1316 | 队列 | sample_queue=0/4 | weight_queues_pending=4/4
2026-09-29 14:23:09 | [UPDATE] | [learner] iter=1317 transitions=40 completion=0.00% reward=-1.500 | cost=2.915s | lr_actor=2.605e-04 lr_critic=2.605e-04 | wv=1312 stale=5 ck=ok| obj=inf completion=0.00% finite_obj=0.0% no_solution=100.0% collision=0.0% spectrum=45.0% action_range=[0.000,1.000] solver_status=optimal:0.0%,infeasible:95.0%,unknown:5.0%,error:0.0%,other:0.0% norm_count=105360
2026-09-29 14:23:09 | [QUEUE] | iter=1317 | 队列 | sample_queue=0/4 | weight_queues_pending=4/4
2026-09-29 14:23:14 | [UPDATE] | [learner] iter=1318 transitions=40 completion=0.00% reward=-1.300 | cost=4.523s | lr_actor=2.605e-04 lr_critic=2.605e-04 | wv=1312 stale=6 ck=ok| obj=inf completion=0.00% finite_obj=0.0% no_solution=100.0% collision=0.0% spectrum=30.0% action_range=[0.000,1.000] solver_status=optimal:0.0%,infeasible:92.5%,unknown:7.5%,error:0.0%,other:0.0% norm_count=105440
2026-09-29 14:23:14 | [QUEUE] | iter=1318 | 队列 | sample_queue=1/4 | weight_queues_pending=4/4
2026-09-29 14:23:19 | [UPDATE] | [learner] iter=1319 transitions=40 completion=0.00% reward=-1.275 | cost=4.602s | lr_actor=2.605e-04 lr_critic=2.605e-04 | wv=1313 stale=6 ck=ok| obj=inf completion=0.00% finite_obj=0.0% no_solution=100.0% collision=0.0% spectrum=27.5% action_range=[0.000,0.999] solver_status=optimal:0.0%,infeasible:92.5%,unknown:7.5%,error:0.0%,other:0.0% norm_count=105520
2026-09-29 14:23:19 | [QUEUE] | iter=1319 | 队列 | sample_queue=0/4 | weight_queues_pending=4/4
2026-09-29 14:23:29 | [UPDATE] | [learner] iter=1320 transitions=40 completion=0.00% reward=-1.328 | cost=5.283s | lr_actor=2.604e-04 lr_critic=2.604e-04 | wv=1315 stale=5 ck=ok| obj=inf completion=0.00% finite_obj=2.5% no_solution=97.5% collision=0.0% spectrum=35.0% action_range=[0.000,1.000] solver_status=optimal:2.5%,infeasible:92.5%,unknown:5.0%,error:0.0%,other:0.0% norm_count=105600
2026-09-29 14:23:29 | [QUEUE] | iter=1320 | 队列 | sample_queue=0/4 | weight_queues_pending=4/4
2026-09-29 14:23:42 | [UPDATE] | [learner] iter=1321 transitions=40 completion=0.00% reward=-1.275 | cost=2.837s | lr_actor=2.604e-04 lr_critic=2.604e-04 | wv=1317 stale=4 ck=ok| obj=inf completion=0.00% finite_obj=0.0% no_solution=100.0% collision=0.0% spectrum=25.0% action_range=[0.000,0.999] solver_status=optimal:0.0%,infeasible:90.0%,unknown:10.0%,error:0.0%,other:0.0% norm_count=105680
2026-09-29 14:23:42 | [QUEUE] | iter=1321 | 队列 | sample_queue=1/4 | weight_queues_pending=4/4
2026-09-29 14:23:45 | [UPDATE] | [learner] iter=1322 transitions=40 completion=0.00% reward=-1.450 | cost=3.477s | lr_actor=2.604e-04 lr_critic=2.604e-04 | wv=1316 stale=6 ck=ok| obj=inf completion=0.00% finite_obj=0.0% no_solution=100.0% collision=0.0% spectrum=42.5% action_range=[0.001,0.999] solver_status=optimal:0.0%,infeasible:92.5%,unknown:7.5%,error:0.0%,other:0.0% norm_count=105760
2026-09-29 14:23:45 | [QUEUE] | iter=1322 | 队列 | sample_queue=0/4 | weight_queues_pending=4/4
2026-09-29 14:23:51 | [UPDATE] | [learner] iter=1323 transitions=40 completion=0.00% reward=-1.325 | cost=3.369s | lr_actor=2.603e-04 lr_critic=2.603e-04 | wv=1317 stale=6 ck=ok| obj=inf completion=0.00% finite_obj=0.0% no_solution=100.0% collision=0.0% spectrum=32.5% action_range=[0.000,1.000] solver_status=optimal:0.0%,infeasible:92.5%,unknown:7.5%,error:0.0%,other:0.0% norm_count=105840
2026-09-29 14:23:51 | [QUEUE] | iter=1323 | 队列 | sample_queue=0/4 | weight_queues_pending=4/4
2026-09-29 14:24:07 | [UPDATE] | [learner] iter=1324 transitions=40 completion=0.00% reward=-1.225 | cost=7.182s | lr_actor=2.603e-04 lr_critic=2.603e-04 | wv=1319 stale=5 ck=ok| obj=inf completion=0.00% finite_obj=0.0% no_solution=100.0% collision=0.0% spectrum=22.5% action_range=[0.001,1.000] solver_status=optimal:0.0%,infeasible:90.0%,unknown:10.0%,error:0.0%,other:0.0% norm_count=105920
2026-09-29 14:24:07 | [QUEUE] | iter=1324 | 队列 | sample_queue=0/4 | weight_queues_pending=4/4
2026-09-29 14:24:15 | [UPDATE] | [learner] iter=1325 transitions=40 completion=0.00% reward=-1.425 | cost=4.040s | lr_actor=2.603e-04 lr_critic=2.603e-04 | wv=1320 stale=5 ck=ok| obj=inf completion=0.00% finite_obj=0.0% no_solution=100.0% collision=0.0% spectrum=37.5% action_range=[0.000,1.000] solver_status=optimal:0.0%,infeasible:92.5%,unknown:7.5%,error:0.0%,other:0.0% norm_count=106000
2026-09-29 14:24:15 | [QUEUE] | iter=1325 | 队列 | sample_queue=1/4 | weight_queues_pending=4/4
2026-09-29 14:24:19 | [UPDATE] | [learner] iter=1326 transitions=40 completion=0.00% reward=-1.500 | cost=3.736s | lr_actor=2.602e-04 lr_critic=2.602e-04 | wv=1320 stale=6 ck=ok| obj=inf completion=0.00% finite_obj=0.0% no_solution=100.0% collision=0.0% spectrum=47.5% action_range=[0.000,1.000] solver_status=optimal:0.0%,infeasible:100.0%,unknown:0.0%,error:0.0%,other:0.0% norm_count=106080
2026-09-29 14:24:19 | [QUEUE] | iter=1326 | 队列 | sample_queue=0/4 | weight_queues_pending=4/4
2026-09-29 14:24:26 | [UPDATE] | [learner] iter=1327 transitions=40 completion=0.00% reward=-1.300 | cost=4.311s | lr_actor=2.602e-04 lr_critic=2.602e-04 | wv=1322 stale=5 ck=ok| obj=inf completion=0.00% finite_obj=0.0% no_solution=100.0% collision=0.0% spectrum=27.5% action_range=[0.000,1.000] solver_status=optimal:0.0%,infeasible:97.5%,unknown:2.5%,error:0.0%,other:0.0% norm_count=106160
2026-09-29 14:24:26 | [QUEUE] | iter=1327 | 队列 | sample_queue=0/4 | weight_queues_pending=4/4
2026-09-29 14:24:42 | [UPDATE] | [learner] iter=1328 transitions=40 completion=0.00% reward=-1.325 | cost=3.698s | lr_actor=2.602e-04 lr_critic=2.602e-04 | wv=1323 stale=5 ck=ok| obj=inf completion=0.00% finite_obj=0.0% no_solution=100.0% collision=0.0% spectrum=30.0% action_range=[0.000,0.999] solver_status=optimal:0.0%,infeasible:92.5%,unknown:7.5%,error:0.0%,other:0.0% norm_count=106240
2026-09-29 14:24:42 | [QUEUE] | iter=1328 | 队列 | sample_queue=0/4 | weight_queues_pending=4/4
2026-09-29 14:24:49 | [UPDATE] | [learner] iter=1329 transitions=40 completion=0.00% reward=-1.328 | cost=3.787s | lr_actor=2.602e-04 lr_critic=2.602e-04 | wv=1324 stale=5 ck=ok| obj=inf completion=0.00% finite_obj=2.5% no_solution=97.5% collision=0.0% spectrum=35.0% action_range=[0.000,0.999] solver_status=optimal:2.5%,infeasible:85.0%,unknown:12.5%,error:0.0%,other:0.0% norm_count=106320
2026-09-29 14:24:49 | [QUEUE] | iter=1329 | 队列 | sample_queue=1/4 | weight_queues_pending=4/4
2026-09-29 14:24:53 | [UPDATE] | [learner] iter=1330 transitions=40 completion=0.00% reward=-1.325 | cost=3.732s | lr_actor=2.601e-04 lr_critic=2.601e-04 | wv=1324 stale=6 ck=ok| obj=inf completion=0.00% finite_obj=0.0% no_solution=100.0% collision=0.0% spectrum=30.0% action_range=[0.000,0.999] solver_status=optimal:0.0%,infeasible:92.5%,unknown:7.5%,error:0.0%,other:0.0% norm_count=106400
2026-09-29 14:24:53 | [QUEUE] | iter=1330 | 队列 | sample_queue=0/4 | weight_queues_pending=4/4
2026-09-29 14:24:59 | [UPDATE] | [learner] iter=1331 transitions=40 completion=0.00% reward=-1.200 | cost=5.750s | lr_actor=2.601e-04 lr_critic=2.601e-04 | wv=1326 stale=5 ck=ok| obj=inf completion=0.00% finite_obj=0.0% no_solution=100.0% collision=0.0% spectrum=20.0% action_range=[0.000,1.000] solver_status=optimal:0.0%,infeasible:95.0%,unknown:5.0%,error:0.0%,other:0.0% norm_count=106480
2026-09-29 14:24:59 | [QUEUE] | iter=1331 | 队列 | sample_queue=0/4 | weight_queues_pending=4/4
2026-09-29 14:25:07 | [UPDATE] | [learner] 收到中断信号，正在保存最终结果并停止采样进程...
04 | wv=1327 stale=5 ck=ok| obj=inf completion=0.00% finite_obj=0.0% no_solution=100.0% collision=0.0% spectrum=15.0% action_range=[0.001,1.000] solver_status=optimal:0.0%,infeasible:92.5%,unknown:7.5%,error:0.0%,other:0.0% norm_count=106560
2026-09-29 14:20:02 | [QUEUE] | iter=1332 | 队列 | sample_queue=0/4 | weight_queues_pending=4/4
2026-09-29 14:20:12 | [UPDATE] | [learner] iter=1333 transitions=40 completion=0.00% reward=-1.550 | cost=2.855s | lr_actor=2.600e-04 lr_critic=2.600e-04 | wv=1328 stale=5 ck=ok| obj=inf completion=0.00% finite_obj=0.0% no_solution=100.0% collision=0.0% spectrum=45.0% action_range=[0.000,1.000] solver_status=optimal:0.0%,infeasible:90.0%,unknown:10.0%,error:0.0%,other:0.0% norm_count=106640
2026-09-29 14:20:12 | [QUEUE] | iter=1333 | 队列 | sample_queue=1/4 | weight_queues_pending=4/4
2026-09-29 14:20:15 | [UPDATE] | [learner] iter=1334 transitions=40 completion=0.00% reward=-1.250 | cost=2.824s | lr_actor=2.600e-04 lr_critic=2.600e-04 | wv=1328 stale=6 ck=ok| obj=inf completion=0.00% finite_obj=0.0% no_solution=100.0% collision=0.0% spectrum=25.0% action_range=[0.000,1.000] solver_status=optimal:0.0%,infeasible:97.5%,unknown:2.5%,error:0.0%,other:0.0% norm_count=106720
2026-09-29 14:20:15 | [QUEUE] | iter=1334 | 队列 | sample_queue=0/4 | weight_queues_pending=4/4
2026-09-29 14:20:21 | [UPDATE] | [learner] iter=1335 transitions=40 completion=0.00% reward=-1.300 | cost=2.741s | lr_actor=2.600e-04 lr_critic=2.600e-04 | wv=1330 stale=5 ck=ok| obj=inf completion=0.00% finite_obj=0.0% no_solution=100.0% collision=0.0% spectrum=27.5% action_range=[0.001,1.000] solver_status=optimal:0.0%,infeasible:90.0%,unknown:10.0%,error:0.0%,other:0.0% norm_count=106800
2026-09-29 14:20:21 | [QUEUE] | iter=1335 | 队列 | sample_queue=0/4 | weight_queues_pending=4/4
2026-09-29 14:20:29 | [UPDATE] | [learner] iter=1336 transitions=40 completion=0.00% reward=-1.425 | cost=4.814s | lr_actor=2.600e-04 lr_critic=2.600e-04 | wv=1331 stale=5 ck=ok| obj=inf completion=0.00% finite_obj=2.5% no_solution=97.5% collision=0.0% spectrum=45.0% action_range=[0.001,1.000] solver_status=optimal:2.5%,infeasible:87.5%,unknown:10.0%,error:0.0%,other:0.0% norm_count=106880
2026-09-29 14:20:29 | [QUEUE] | iter=1336 | 队列 | sample_queue=0/4 | weight_queues_pending=4/4
2026-09-29 14:20:43 | [UPDATE] | [learner] iter=1337 transitions=40 completion=0.00% reward=-1.325 | cost=2.355s | lr_actor=2.599e-04 lr_critic=2.599e-04 | wv=1332 stale=5 ck=ok| obj=inf completion=0.00% finite_obj=0.0% no_solution=100.0% collision=0.0% spectrum=30.0% action_range=[0.001,1.000] solver_status=optimal:0.0%,infeasible:97.5%,unknown:2.5%,error:0.0%,other:0.0% norm_count=106960
2026-09-29 14:20:43 | [QUEUE] | iter=1337 | 队列 | sample_queue=0/4 | weight_queues_pending=4/4
2026-09-29 14:20:47 | [UPDATE] | [learner] iter=1338 transitions=40 completion=2.50% reward=-1.253 | cost=2.975s | lr_actor=2.599e-04 lr_critic=2.599e-04 | wv=1332 stale=6 ck=ok| obj=inf completion=2.50% finite_obj=2.5% no_solution=97.5% collision=0.0% spectrum=27.5% action_range=[0.000,0.999] solver_status=optimal:2.5%,infeasible:90.0%,unknown:7.5%,error:0.0%,other:0.0% norm_count=107040
2026-09-29 14:20:47 | [QUEUE] | iter=1338 | 队列 | sample_queue=0/4 | weight_queues_pending=4/4
2026-09-29 14:20:51 | [UPDATE] | [learner] iter=1339 transitions=40 completion=0.00% reward=-1.575 | cost=2.250s | lr_actor=2.599e-04 lr_critic=2.599e-04 | wv=1334 stale=5 ck=ok| obj=inf completion=0.00% finite_obj=0.0% no_solution=100.0% collision=0.0% spectrum=45.0% action_range=[0.001,1.000] solver_status=optimal:0.0%,infeasible:97.5%,unknown:2.5%,error:0.0%,other:0.0% norm_count=107120
2026-09-29 14:20:51 | [QUEUE] | iter=1339 | 队列 | sample_queue=0/4 | weight_queues_pending=4/4
2026-09-29 14:20:53 | [UPDATE] | [learner] iter=1340 transitions=40 completion=0.00% reward=-1.175 | cost=2.153s | lr_actor=2.598e-04 lr_critic=2.598e-04 | wv=1335 stale=5 ck=ok| obj=inf completion=0.00% finite_obj=0.0% no_solution=100.0% collision=0.0% spectrum=17.5% action_range=[0.000,0.999] solver_status=optimal:0.0%,infeasible:95.0%,unknown:5.0%,error:0.0%,other:0.0% norm_count=107200
2026-09-29 14:20:53 | [QUEUE] | iter=1340 | 队列 | sample_queue=0/4 | weight_queues_pending=4/4
2026-09-29 14:21:15 | [UPDATE] | [learner] iter=1341 transitions=40 completion=0.00% reward=-1.300 | cost=3.416s | lr_actor=2.598e-04 lr_critic=2.598e-04 | wv=1337 stale=4 ck=ok| obj=inf completion=0.00% finite_obj=0.0% no_solution=100.0% collision=0.0% spectrum=27.5% action_range=[0.000,1.000] solver_status=optimal:0.0%,infeasible:100.0%,unknown:0.0%,error:0.0%,other:0.0% norm_count=107280
2026-09-29 14:21:15 | [QUEUE] | iter=1341 | 队列 | sample_queue=1/4 | weight_queues_pending=4/4
2026-09-29 14:21:18 | [UPDATE] | [learner] iter=1342 transitions=40 completion=0.00% reward=-1.450 | cost=3.241s | lr_actor=2.598e-04 lr_critic=2.598e-04 | wv=1336 stale=6 ck=ok| obj=inf completion=0.00% finite_obj=0.0% no_solution=100.0% collision=0.0% spectrum=37.5% action_range=[0.000,1.000] solver_status=optimal:0.0%,infeasible:92.5%,unknown:7.5%,error:0.0%,other:0.0% norm_count=107360
2026-09-29 14:21:18 | [QUEUE] | iter=1342 | 队列 | sample_queue=1/4 | weight_queues_pending=4/4
2026-09-29 14:21:21 | [UPDATE] | [learner] iter=1343 transitions=40 completion=0.00% reward=-1.275 | cost=2.854s | lr_actor=2.597e-04 lr_critic=2.597e-04 | wv=1339 stale=4 ck=ok| obj=inf completion=0.00% finite_obj=0.0% no_solution=100.0% collision=0.0% spectrum=25.0% action_range=[0.000,0.999] solver_status=optimal:0.0%,infeasible:95.0%,unknown:5.0%,error:0.0%,other:0.0% norm_count=107440
2026-09-29 14:21:21 | [QUEUE] | iter=1343 | 队列 | sample_queue=1/4 | weight_queues_pending=4/4
2026-09-29 14:21:24 | [UPDATE] | [learner] iter=1344 transitions=40 completion=0.00% reward=-1.350 | cost=2.696s | lr_actor=2.597e-04 lr_critic=2.597e-04 | wv=1338 stale=6 ck=ok| obj=inf completion=0.00% finite_obj=0.0% no_solution=100.0% collision=0.0% spectrum=32.5% action_range=[0.000,1.000] solver_status=optimal:0.0%,infeasible:92.5%,unknown:7.5%,error:0.0%,other:0.0% norm_count=107520
2026-09-29 14:21:24 | [QUEUE] | iter=1344 | 队列 | sample_queue=0/4 | weight_queues_pending=4/4
2026-09-29 14:21:44 | [UPDATE] | [learner] iter=1345 transitions=40 completion=0.00% reward=-1.250 | cost=2.410s | lr_actor=2.597e-04 lr_critic=2.597e-04 | wv=1340 stale=5 ck=ok| obj=inf completion=0.00% finite_obj=0.0% no_solution=100.0% collision=0.0% spectrum=22.5% action_range=[0.000,1.000] solver_status=optimal:0.0%,infeasible:90.0%,unknown:10.0%,error:0.0%,other:0.0% norm_count=107600
2026-09-29 14:21:44 | [QUEUE] | iter=1345 | 队列 | sample_queue=1/4 | weight_queues_pending=4/4
2026-09-29 14:21:46 | [UPDATE] | [learner] iter=1346 transitions=40 completion=0.00% reward=-1.275 | cost=2.431s | lr_actor=2.596e-04 lr_critic=2.596e-04 | wv=1341 stale=5 ck=ok| obj=inf completion=0.00% finite_obj=0.0% no_solution=100.0% collision=0.0% spectrum=27.5% action_range=[0.001,1.000] solver_status=optimal:0.0%,infeasible:90.0%,unknown:10.0%,error:0.0%,other:0.0% norm_count=107680
2026-09-29 14:21:46 | [QUEUE] | iter=1346 | 队列 | sample_queue=0/4 | weight_queues_pending=4/4
2026-09-29 14:21:49 | [UPDATE] | [learner] iter=1347 transitions=40 completion=0.00% reward=-1.300 | cost=2.611s | lr_actor=2.596e-04 lr_critic=2.596e-04 | wv=1340 stale=7 ck=ok| obj=inf completion=0.00% finite_obj=0.0% no_solution=100.0% collision=0.0% spectrum=27.5% action_range=[0.001,1.000] solver_status=optimal:0.0%,infeasible:95.0%,unknown:5.0%,error:0.0%,other:0.0% norm_count=107760
2026-09-29 14:21:49 | [QUEUE] | iter=1347 | 队列 | sample_queue=1/4 | weight_queues_pending=4/4
2026-09-29 14:21:52 | [UPDATE] | [learner] iter=1348 transitions=40 completion=0.00% reward=-1.300 | cost=2.814s | lr_actor=2.596e-04 lr_critic=2.596e-04 | wv=1342 stale=6 ck=ok| obj=inf completion=0.00% finite_obj=0.0% no_solution=100.0% collision=0.0% spectrum=27.5% action_range=[0.000,1.000] solver_status=optimal:0.0%,infeasible:90.0%,unknown:10.0%,error:0.0%,other:0.0% norm_count=107840
2026-09-29 14:21:52 | [QUEUE] | iter=1348 | 队列 | sample_queue=0/4 | weight_queues_pending=4/4
2026-09-29 14:22:13 | [UPDATE] | [learner] iter=1349 transitions=40 completion=0.00% reward=-1.425 | cost=4.389s | lr_actor=2.596e-04 lr_critic=2.596e-04 | wv=1344 stale=5 ck=ok| obj=inf completion=0.00% finite_obj=0.0% no_solution=100.0% collision=0.0% spectrum=40.0% action_range=[0.001,1.000] solver_status=optimal:0.0%,infeasible:90.0%,unknown:10.0%,error:0.0%,other:0.0% norm_count=107920
2026-09-29 14:22:13 | [QUEUE] | iter=1349 | 队列 | sample_queue=0/4 | weight_queues_pending=4/4
2026-09-29 14:22:16 | [UPDATE] | [learner] iter=1350 transitions=40 completion=0.00% reward=-1.375 | cost=2.806s | lr_actor=2.595e-04 lr_critic=2.595e-04 | wv=1344 stale=6 ck=ok| obj=inf completion=0.00% finite_obj=0.0% no_solution=100.0% collision=0.0% spectrum=32.5% action_range=[0.000,1.000] solver_status=optimal:0.0%,infeasible:97.5%,unknown:2.5%,error:0.0%,other:0.0% norm_count=108000
2026-09-29 14:22:16 | [QUEUE] | iter=1350 | 队列 | sample_queue=1/4 | weight_queues_pending=4/4
2026-09-29 14:22:19 | [UPDATE] | [learner] iter=1351 transitions=40 completion=0.00% reward=-1.350 | cost=3.046s | lr_actor=2.595e-04 lr_critic=2.595e-04 | wv=1346 stale=5 ck=ok| obj=inf completion=0.00% finite_obj=0.0% no_solution=100.0% collision=0.0% spectrum=35.0% action_range=[0.000,1.000] solver_status=optimal:0.0%,infeasible:92.5%,unknown:7.5%,error:0.0%,other:0.0% norm_count=108080
2026-09-29 14:22:19 | [QUEUE] | iter=1351 | 队列 | sample_queue=1/4 | weight_queues_pending=4/4
2026-09-29 14:22:23 | [UPDATE] | [learner] iter=1352 transitions=40 completion=0.00% reward=-1.325 | cost=3.816s | lr_actor=2.595e-04 lr_critic=2.595e-04 | wv=1346 stale=6 ck=ok| obj=inf completion=0.00% finite_obj=0.0% no_solution=100.0% collision=0.0% spectrum=30.0% action_range=[0.001,1.000] solver_status=optimal:0.0%,infeasible:97.5%,unknown:2.5%,error:0.0%,other:0.0% norm_count=108160
2026-09-29 14:22:23 | [QUEUE] | iter=1352 | 队列 | sample_queue=0/4 | weight_queues_pending=4/4
2026-09-29 14:22:40 | [UPDATE] | [learner] iter=1353 transitions=40 completion=0.00% reward=-1.400 | cost=2.698s | lr_actor=2.594e-04 lr_critic=2.594e-04 | wv=1348 stale=5 ck=ok| obj=inf completion=0.00% finite_obj=0.0% no_solution=100.0% collision=0.0% spectrum=40.0% action_range=[0.000,1.000] solver_status=optimal:0.0%,infeasible:95.0%,unknown:5.0%,error:0.0%,other:0.0% norm_count=108240
2026-09-29 14:22:40 | [QUEUE] | iter=1353 | 队列 | sample_queue=0/4 | weight_queues_pending=4/4
2026-09-29 14:22:48 | [UPDATE] | [learner] iter=1354 transitions=40 completion=0.00% reward=-1.350 | cost=3.995s | lr_actor=2.594e-04 lr_critic=2.594e-04 | wv=1349 stale=5 ck=ok| obj=inf completion=0.00% finite_obj=0.0% no_solution=100.0% collision=0.0% spectrum=35.0% action_range=[0.001,1.000] solver_status=optimal:0.0%,infeasible:97.5%,unknown:2.5%,error:0.0%,other:0.0% norm_count=108320
2026-09-29 14:22:48 | [QUEUE] | iter=1354 | 队列 | sample_queue=1/4 | weight_queues_pending=4/4
2026-09-29 14:22:52 | [UPDATE] | [learner] iter=1355 transitions=40 completion=0.00% reward=-1.375 | cost=3.301s | lr_actor=2.594e-04 lr_critic=2.594e-04 | wv=1349 stale=6 ck=ok| obj=inf completion=0.00% finite_obj=0.0% no_solution=100.0% collision=0.0% spectrum=37.5% action_range=[0.000,0.999] solver_status=optimal:0.0%,infeasible:92.5%,unknown:7.5%,error:0.0%,other:0.0% norm_count=108400
2026-09-29 14:22:52 | [QUEUE] | iter=1355 | 队列 | sample_queue=0/4 | weight_queues_pending=4/4
2026-09-29 14:22:58 | [UPDATE] | [learner] iter=1356 transitions=40 completion=0.00% reward=-1.275 | cost=4.131s | lr_actor=2.593e-04 lr_critic=2.593e-04 | wv=1350 stale=6 ck=ok| obj=inf completion=0.00% finite_obj=0.0% no_solution=100.0% collision=0.0% spectrum=27.5% action_range=[0.001,1.000] solver_status=optimal:0.0%,infeasible:100.0%,unknown:0.0%,error:0.0%,other:0.0% norm_count=108480
2026-09-29 14:22:58 | [QUEUE] | iter=1356 | 队列 | sample_queue=0/4 | weight_queues_pending=4/4
2026-09-29 14:23:16 | [UPDATE] | [learner] iter=1357 transitions=40 completion=0.00% reward=-1.350 | cost=4.687s | lr_actor=2.593e-04 lr_critic=2.593e-04 | wv=1352 stale=5 ck=ok| obj=inf completion=0.00% finite_obj=0.0% no_solution=100.0% collision=0.0% spectrum=35.0% action_range=[0.000,1.000] solver_status=optimal:0.0%,infeasible:82.5%,unknown:17.5%,error:0.0%,other:0.0% norm_count=108560
2026-09-29 14:23:16 | [QUEUE] | iter=1357 | 队列 | sample_queue=1/4 | weight_queues_pending=4/4
2026-09-29 14:23:21 | [UPDATE] | [learner] iter=1358 transitions=40 completion=0.00% reward=-1.225 | cost=4.448s | lr_actor=2.593e-04 lr_critic=2.593e-04 | wv=1353 stale=5 ck=ok| obj=inf completion=0.00% finite_obj=0.0% no_solution=100.0% collision=0.0% spectrum=22.5% action_range=[0.000,1.000] solver_status=optimal:0.0%,infeasible:92.5%,unknown:7.5%,error:0.0%,other:0.0% norm_count=108640
2026-09-29 14:23:21 | [QUEUE] | iter=1358 | 队列 | sample_queue=0/4 | weight_queues_pending=4/4
2026-09-29 14:23:31 | [UPDATE] | [learner] iter=1359 transitions=40 completion=2.50% reward=-1.153 | cost=4.110s | lr_actor=2.593e-04 lr_critic=2.593e-04 | wv=1353 stale=6 ck=ok| obj=inf completion=2.50% finite_obj=2.5% no_solution=97.5% collision=0.0% spectrum=20.0% action_range=[0.000,1.000] solver_status=optimal:2.5%,infeasible:90.0%,unknown:7.5%,error:0.0%,other:0.0% norm_count=108720
2026-09-29 14:23:31 | [QUEUE] | iter=1359 | 队列 | sample_queue=0/4 | weight_queues_pending=4/4
2026-09-29 14:23:36 | [UPDATE] | [learner] iter=1360 transitions=40 completion=0.00% reward=-1.375 | cost=3.578s | lr_actor=2.592e-04 lr_critic=2.592e-04 | wv=1355 stale=5 ck=ok| obj=inf completion=0.00% finite_obj=0.0% no_solution=100.0% collision=0.0% spectrum=35.0% action_range=[0.000,0.999] solver_status=optimal:0.0%,infeasible:90.0%,unknown:10.0%,error:0.0%,other:0.0% norm_count=108800
2026-09-29 14:23:36 | [QUEUE] | iter=1360 | 队列 | sample_queue=0/4 | weight_queues_pending=4/4
2026-09-29 14:23:51 | [UPDATE] | [learner] iter=1361 transitions=40 completion=0.00% reward=-1.526 | cost=3.539s | lr_actor=2.592e-04 lr_critic=2.592e-04 | wv=1356 stale=5 ck=ok| obj=inf completion=0.00% finite_obj=2.5% no_solution=97.5% collision=0.0% spectrum=47.5% action_range=[0.001,1.000] solver_status=optimal:2.5%,infeasible:85.0%,unknown:12.5%,error:0.0%,other:0.0% norm_count=108880
2026-09-29 14:23:51 | [QUEUE] | iter=1361 | 队列 | sample_queue=0/4 | weight_queues_pending=4/4
2026-09-29 14:23:58 | [UPDATE] | [learner] iter=1362 transitions=40 completion=0.00% reward=-1.525 | cost=3.656s | lr_actor=2.592e-04 lr_critic=2.592e-04 | wv=1356 stale=6 ck=ok| obj=inf completion=0.00% finite_obj=0.0% no_solution=100.0% collision=0.0% spectrum=52.5% action_range=[0.000,0.999] solver_status=optimal:0.0%,infeasible:95.0%,unknown:5.0%,error:0.0%,other:0.0% norm_count=108960
2026-09-29 14:23:58 | [QUEUE] | iter=1362 | 队列 | sample_queue=0/4 | weight_queues_pending=4/4
2026-09-29 14:24:07 | [UPDATE] | [learner] iter=1363 transitions=40 completion=0.00% reward=-1.325 | cost=7.168s | lr_actor=2.591e-04 lr_critic=2.591e-04 | wv=1358 stale=5 ck=ok| obj=inf completion=0.00% finite_obj=0.0% no_solution=100.0% collision=0.0% spectrum=27.5% action_range=[0.000,1.000] solver_status=optimal:0.0%,infeasible:87.5%,unknown:12.5%,error:0.0%,other:0.0% norm_count=109040
2026-09-29 14:24:07 | [QUEUE] | iter=1363 | 队列 | sample_queue=1/4 | weight_queues_pending=4/4
2026-09-29 14:24:12 | [UPDATE] | [learner] iter=1364 transitions=40 completion=0.00% reward=-1.350 | cost=4.771s | lr_actor=2.591e-04 lr_critic=2.591e-04 | wv=1359 stale=5 ck=ok| obj=inf completion=0.00% finite_obj=0.0% no_solution=100.0% collision=0.0% spectrum=35.0% action_range=[0.000,0.999] solver_status=optimal:0.0%,infeasible:95.0%,unknown:5.0%,error:0.0%,other:0.0% norm_count=109120
2026-09-29 14:24:12 | [QUEUE] | iter=1364 | 队列 | sample_queue=0/4 | weight_queues_pending=4/4
2026-09-29 14:24:23 | [UPDATE] | [learner] iter=1365 transitions=40 completion=0.00% reward=-1.300 | cost=3.059s | lr_actor=2.591e-04 lr_critic=2.591e-04 | wv=1360 stale=5 ck=ok| obj=inf completion=0.00% finite_obj=0.0% no_solution=100.0% collision=0.0% spectrum=30.0% action_range=[0.000,1.000] solver_status=optimal:0.0%,infeasible:87.5%,unknown:12.5%,error:0.0%,other:0.0% norm_count=109200
2026-09-29 14:24:23 | [QUEUE] | iter=1365 | 队列 | sample_queue=0/4 | weight_queues_pending=4/4
2026-09-29 14:24:34 | [UPDATE] | [learner] iter=1366 transitions=40 completion=0.00% reward=-1.100 | cost=4.121s | lr_actor=2.590e-04 lr_critic=2.590e-04 | wv=1361 stale=5 ck=ok| obj=inf completion=0.00% finite_obj=0.0% no_solution=100.0% collision=0.0% spectrum=7.5% action_range=[0.001,0.999] solver_status=optimal:0.0%,infeasible:87.5%,unknown:12.5%,error:0.0%,other:0.0% norm_count=109280
2026-09-29 14:24:34 | [QUEUE] | iter=1366 | 队列 | sample_queue=0/4 | weight_queues_pending=4/4
2026-09-29 14:24:42 | [UPDATE] | [learner] iter=1367 transitions=40 completion=0.00% reward=-1.200 | cost=3.656s | lr_actor=2.590e-04 lr_critic=2.590e-04 | wv=1362 stale=5 ck=ok| obj=inf completion=0.00% finite_obj=0.0% no_solution=100.0% collision=0.0% spectrum=20.0% action_range=[0.000,1.000] solver_status=optimal:0.0%,infeasible:92.5%,unknown:7.5%,error:0.0%,other:0.0% norm_count=109360
2026-09-29 14:24:42 | [QUEUE] | iter=1367 | 队列 | sample_queue=0/4 | weight_queues_pending=4/4
2026-09-29 14:24:47 | [UPDATE] | [learner] iter=1368 transitions=40 completion=0.00% reward=-1.425 | cost=4.170s | lr_actor=2.590e-04 lr_critic=2.590e-04 | wv=1362 stale=6 ck=ok| obj=inf completion=0.00% finite_obj=0.0% no_solution=100.0% collision=0.0% spectrum=42.5% action_range=[0.000,1.000] solver_status=optimal:0.0%,infeasible:92.5%,unknown:7.5%,error:0.0%,other:0.0% norm_count=109440
2026-09-29 14:24:47 | [QUEUE] | iter=1368 | 队列 | sample_queue=0/4 | weight_queues_pending=4/4
2026-09-29 14:24:52 | [UPDATE] | [learner] iter=1369 transitions=40 completion=0.00% reward=-1.300 | cost=3.839s | lr_actor=2.590e-04 lr_critic=2.590e-04 | wv=1364 stale=5 ck=ok| obj=inf completion=0.00% finite_obj=0.0% no_solution=100.0% collision=0.0% spectrum=30.0% action_range=[0.000,1.000] solver_status=optimal:0.0%,infeasible:90.0%,unknown:10.0%,error:0.0%,other:0.0% norm_count=109520
2026-09-29 14:24:52 | [QUEUE] | iter=1369 | 队列 | sample_queue=0/4 | weight_queues_pending=4/4
2026-09-29 14:25:17 | [UPDATE] | [learner] iter=1370 transitions=40 completion=0.00% reward=-1.275 | cost=10.344s | lr_actor=2.589e-04 lr_critic=2.589e-04 | wv=1365 stale=5 ck=ok| obj=inf completion=0.00% finite_obj=0.0% no_solution=100.0% collision=0.0% spectrum=27.5% action_range=[0.000,1.000] solver_status=optimal:0.0%,infeasible:90.0%,unknown:10.0%,error:0.0%,other:0.0% norm_count=109600
2026-09-29 14:25:17 | [QUEUE] | iter=1370 | 队列 | sample_queue=2/4 | weight_queues_pending=4/4
2026-09-29 14:25:18 | [UPDATE] | [learner] iter=1371 transitions=40 completion=2.50% reward=-1.378 | cost=0.928s | lr_actor=2.589e-04 lr_critic=2.589e-04 | wv=1366 stale=5 ck=ok| obj=inf completion=2.50% finite_obj=2.5% no_solution=97.5% collision=0.0% spectrum=40.0% action_range=[0.000,1.000] solver_status=optimal:2.5%,infeasible:90.0%,unknown:7.5%,error:0.0%,other:0.0% norm_count=109680
2026-09-29 14:25:18 | [QUEUE] | iter=1371 | 队列 | sample_queue=1/4 | weight_queues_pending=4/4
2026-09-29 14:25:19 | [UPDATE] | [learner] iter=1372 transitions=40 completion=0.00% reward=-1.350 | cost=1.212s | lr_actor=2.589e-04 lr_critic=2.589e-04 | wv=1367 stale=5 ck=ok| obj=inf completion=0.00% finite_obj=0.0% no_solution=100.0% collision=0.0% spectrum=30.0% action_range=[0.000,1.000] solver_status=optimal:0.0%,infeasible:92.5%,unknown:7.5%,error:0.0%,other:0.0% norm_count=109760
2026-09-29 14:25:19 | [QUEUE] | iter=1372 | 队列 | sample_queue=1/4 | weight_queues_pending=4/4
2026-09-29 14:25:20 | [UPDATE] | [learner] iter=1373 transitions=40 completion=0.00% reward=-1.225 | cost=1.068s | lr_actor=2.588e-04 lr_critic=2.588e-04 | wv=1368 stale=5 ck=ok| obj=inf completion=0.00% finite_obj=0.0% no_solution=100.0% collision=0.0% spectrum=22.5% action_range=[0.000,1.000] solver_status=optimal:0.0%,infeasible:87.5%,unknown:12.5%,error:0.0%,other:0.0% norm_count=109840
2026-09-29 14:25:20 | [QUEUE] | iter=1373 | 队列 | sample_queue=0/4 | weight_queues_pending=4/4
2026-09-29 14:25:31 | [UPDATE] | [learner] iter=1374 transitions=40 completion=0.00% reward=-1.327 | cost=1.536s | lr_actor=2.588e-04 lr_critic=2.588e-04 | wv=1369 stale=5 ck=ok| obj=inf completion=0.00% finite_obj=2.5% no_solution=97.5% collision=0.0% spectrum=32.5% action_range=[0.000,1.000] solver_status=optimal:2.5%,infeasible:85.0%,unknown:12.5%,error:0.0%,other:0.0% norm_count=109920
2026-09-29 14:25:31 | [QUEUE] | iter=1374 | 队列 | sample_queue=0/4 | weight_queues_pending=4/4
2026-09-29 14:25:36 | [UPDATE] | [learner] iter=1375 transitions=40 completion=0.00% reward=-1.250 | cost=2.248s | lr_actor=2.588e-04 lr_critic=2.588e-04 | wv=1369 stale=6 ck=ok| obj=inf completion=0.00% finite_obj=0.0% no_solution=100.0% collision=0.0% spectrum=25.0% action_range=[0.001,1.000] solver_status=optimal:0.0%,infeasible:97.5%,unknown:2.5%,error:0.0%,other:0.0% norm_count=110000
2026-09-29 14:25:36 | [QUEUE] | iter=1375 | 队列 | sample_queue=1/4 | weight_queues_pending=4/4
2026-09-29 14:25:37 | [UPDATE] | [learner] iter=1376 transitions=40 completion=0.00% reward=-1.225 | cost=1.051s | lr_actor=2.587e-04 lr_critic=2.587e-04 | wv=1369 stale=7 ck=ok| obj=inf completion=0.00% finite_obj=0.0% no_solution=100.0% collision=0.0% spectrum=20.0% action_range=[0.000,1.000] solver_status=optimal:0.0%,infeasible:87.5%,unknown:12.5%,error:0.0%,other:0.0% norm_count=110080
2026-09-29 14:25:37 | [QUEUE] | iter=1376 | 队列 | sample_queue=1/4 | weight_queues_pending=4/4
2026-09-29 14:25:38 | [UPDATE] | [learner] iter=1377 transitions=40 completion=0.00% reward=-1.225 | cost=1.623s | lr_actor=2.587e-04 lr_critic=2.587e-04 | wv=1371 stale=6 ck=ok| obj=inf completion=0.00% finite_obj=0.0% no_solution=100.0% collision=0.0% spectrum=22.5% action_range=[0.000,0.999] solver_status=optimal:0.0%,infeasible:95.0%,unknown:5.0%,error:0.0%,other:0.0% norm_count=110160
2026-09-29 14:25:38 | [QUEUE] | iter=1377 | 队列 | sample_queue=0/4 | weight_queues_pending=4/4
2026-09-29 14:25:44 | [UPDATE] | [learner] iter=1378 transitions=40 completion=0.00% reward=-1.325 | cost=1.011s | lr_actor=2.587e-04 lr_critic=2.587e-04 | wv=1373 stale=5 ck=ok| obj=inf completion=0.00% finite_obj=0.0% no_solution=100.0% collision=0.0% spectrum=27.5% action_range=[0.000,1.000] solver_status=optimal:0.0%,infeasible:87.5%,unknown:12.5%,error:0.0%,other:0.0% norm_count=110240
2026-09-29 14:25:44 | [QUEUE] | iter=1378 | 队列 | sample_queue=0/4 | weight_queues_pending=4/4
2026-09-29 14:25:49 | [UPDATE] | [learner] iter=1379 transitions=40 completion=0.00% reward=-1.400 | cost=0.977s | lr_actor=2.587e-04 lr_critic=2.587e-04 | wv=1374 stale=5 ck=ok| obj=inf completion=0.00% finite_obj=0.0% no_solution=100.0% collision=0.0% spectrum=40.0% action_range=[0.000,1.000] solver_status=optimal:0.0%,infeasible:90.0%,unknown:10.0%,error:0.0%,other:0.0% norm_count=110320
2026-09-29 14:25:49 | [QUEUE] | iter=1379 | 队列 | sample_queue=1/4 | weight_queues_pending=4/4
2026-09-29 14:25:50 | [UPDATE] | [learner] iter=1380 transitions=40 completion=0.00% reward=-1.375 | cost=0.904s | lr_actor=2.586e-04 lr_critic=2.586e-04 | wv=1374 stale=6 ck=ok| obj=inf completion=0.00% finite_obj=0.0% no_solution=100.0% collision=0.0% spectrum=37.5% action_range=[0.001,0.999] solver_status=optimal:0.0%,infeasible:92.5%,unknown:7.5%,error:0.0%,other:0.0% norm_count=110400
2026-09-29 14:25:50 | [QUEUE] | iter=1380 | 队列 | sample_queue=1/4 | weight_queues_pending=4/4
2026-09-29 14:25:51 | [UPDATE] | [learner] iter=1381 transitions=40 completion=0.00% reward=-1.475 | cost=1.007s | lr_actor=2.586e-04 lr_critic=2.586e-04 | wv=1375 stale=6 ck=ok| obj=inf completion=0.00% finite_obj=0.0% no_solution=100.0% collision=0.0% spectrum=42.5% action_range=[0.000,1.000] solver_status=optimal:0.0%,infeasible:100.0%,unknown:0.0%,error:0.0%,other:0.0% norm_count=110480
2026-09-29 14:25:51 | [QUEUE] | iter=1381 | 队列 | sample_queue=0/4 | weight_queues_pending=4/4
2026-09-29 14:25:58 | [UPDATE] | [learner] iter=1382 transitions=40 completion=0.00% reward=-1.325 | cost=0.925s | lr_actor=2.586e-04 lr_critic=2.586e-04 | wv=1377 stale=5 ck=ok| obj=inf completion=0.00% finite_obj=0.0% no_solution=100.0% collision=0.0% spectrum=30.0% action_range=[0.000,1.000] solver_status=optimal:0.0%,infeasible:97.5%,unknown:2.5%,error:0.0%,other:0.0% norm_count=110560
2026-09-29 14:25:58 | [QUEUE] | iter=1382 | 队列 | sample_queue=0/4 | weight_queues_pending=4/4
2026-09-29 14:26:02 | [UPDATE] | [learner] iter=1383 transitions=40 completion=0.00% reward=-1.379 | cost=1.296s | lr_actor=2.585e-04 lr_critic=2.585e-04 | wv=1378 stale=5 ck=ok| obj=inf completion=0.00% finite_obj=2.5% no_solution=97.5% collision=0.0% spectrum=40.0% action_range=[0.000,0.999] solver_status=optimal:2.5%,infeasible:87.5%,unknown:10.0%,error:0.0%,other:0.0% norm_count=110640
2026-09-29 14:26:02 | [QUEUE] | iter=1383 | 队列 | sample_queue=0/4 | weight_queues_pending=4/4
2026-09-29 14:26:04 | [UPDATE] | [learner] iter=1384 transitions=40 completion=0.00% reward=-1.300 | cost=1.524s | lr_actor=2.585e-04 lr_critic=2.585e-04 | wv=1379 stale=5 ck=ok| obj=inf completion=0.00% finite_obj=0.0% no_solution=100.0% collision=0.0% spectrum=30.0% action_range=[0.000,1.000] solver_status=optimal:0.0%,infeasible:97.5%,unknown:2.5%,error:0.0%,other:0.0% norm_count=110720
2026-09-29 14:26:04 | [QUEUE] | iter=1384 | 队列 | sample_queue=1/4 | weight_queues_pending=4/4
2026-09-29 14:26:06 | [UPDATE] | [learner] iter=1385 transitions=40 completion=0.00% reward=-1.425 | cost=1.224s | lr_actor=2.585e-04 lr_critic=2.585e-04 | wv=1378 stale=7 ck=ok| obj=inf completion=0.00% finite_obj=0.0% no_solution=100.0% collision=0.0% spectrum=40.0% action_range=[0.000,1.000] solver_status=optimal:0.0%,infeasible:92.5%,unknown:7.5%,error:0.0%,other:0.0% norm_count=110800
2026-09-29 14:26:06 | [QUEUE] | iter=1385 | 队列 | sample_queue=0/4 | weight_queues_pending=4/4
2026-09-29 14:26:11 | [UPDATE] | [learner] iter=1386 transitions=40 completion=0.00% reward=-1.476 | cost=0.944s | lr_actor=2.584e-04 lr_critic=2.584e-04 | wv=1381 stale=5 ck=ok| obj=inf completion=0.00% finite_obj=2.5% no_solution=97.5% collision=0.0% spectrum=47.5% action_range=[0.001,0.999] solver_status=optimal:2.5%,infeasible:92.5%,unknown:5.0%,error:0.0%,other:0.0% norm_count=110880
2026-09-29 14:26:11 | [QUEUE] | iter=1386 | 队列 | sample_queue=0/4 | weight_queues_pending=4/4
2026-09-29 14:26:16 | [UPDATE] | [learner] iter=1387 transitions=40 completion=0.00% reward=-1.300 | cost=0.998s | lr_actor=2.584e-04 lr_critic=2.584e-04 | wv=1382 stale=5 ck=ok| obj=inf completion=0.00% finite_obj=0.0% no_solution=100.0% collision=0.0% spectrum=27.5% action_range=[0.001,1.000] solver_status=optimal:0.0%,infeasible:95.0%,unknown:5.0%,error:0.0%,other:0.0% norm_count=110960
2026-09-29 14:26:16 | [QUEUE] | iter=1387 | 队列 | sample_queue=1/4 | weight_queues_pending=4/4
2026-09-29 14:26:18 | [UPDATE] | [learner] iter=1388 transitions=40 completion=0.00% reward=-1.375 | cost=1.083s | lr_actor=2.584e-04 lr_critic=2.584e-04 | wv=1383 stale=5 ck=ok| obj=inf completion=0.00% finite_obj=0.0% no_solution=100.0% collision=0.0% spectrum=37.5% action_range=[0.000,1.000] solver_status=optimal:0.0%,infeasible:82.5%,unknown:17.5%,error:0.0%,other:0.0% norm_count=111040
2026-09-29 14:26:18 | [QUEUE] | iter=1388 | 队列 | sample_queue=0/4 | weight_queues_pending=4/4
2026-09-29 14:26:19 | [UPDATE] | [learner] iter=1389 transitions=40 completion=0.00% reward=-1.175 | cost=0.880s | lr_actor=2.584e-04 lr_critic=2.584e-04 | wv=1383 stale=6 ck=ok| obj=inf completion=0.00% finite_obj=0.0% no_solution=100.0% collision=0.0% spectrum=17.5% action_range=[0.000,1.000] solver_status=optimal:0.0%,infeasible:95.0%,unknown:5.0%,error:0.0%,other:0.0% norm_count=111120
2026-09-29 14:26:19 | [QUEUE] | iter=1389 | 队列 | sample_queue=0/4 | weight_queues_pending=4/4
2026-09-29 14:26:24 | [UPDATE] | [learner] iter=1390 transitions=40 completion=0.00% reward=-1.225 | cost=0.813s | lr_actor=2.583e-04 lr_critic=2.583e-04 | wv=1385 stale=5 ck=ok| obj=inf completion=0.00% finite_obj=0.0% no_solution=100.0% collision=0.0% spectrum=22.5% action_range=[0.000,1.000] solver_status=optimal:0.0%,infeasible:87.5%,unknown:12.5%,error:0.0%,other:0.0% norm_count=111200
2026-09-29 14:26:24 | [QUEUE] | iter=1390 | 队列 | sample_queue=0/4 | weight_queues_pending=4/4
2026-09-29 14:26:31 | [UPDATE] | [learner] iter=1391 transitions=40 completion=0.00% reward=-1.200 | cost=1.837s | lr_actor=2.583e-04 lr_critic=2.583e-04 | wv=1386 stale=5 ck=ok| obj=inf completion=0.00% finite_obj=0.0% no_solution=100.0% collision=0.0% spectrum=20.0% action_range=[0.000,1.000] solver_status=optimal:0.0%,infeasible:90.0%,unknown:10.0%,error:0.0%,other:0.0% norm_count=111280
2026-09-29 14:26:31 | [QUEUE] | iter=1391 | 队列 | sample_queue=1/4 | weight_queues_pending=4/4
2026-09-29 14:26:32 | [UPDATE] | [learner] iter=1392 transitions=40 completion=0.00% reward=-1.350 | cost=1.314s | lr_actor=2.583e-04 lr_critic=2.583e-04 | wv=1386 stale=6 ck=ok| obj=inf completion=0.00% finite_obj=0.0% no_solution=100.0% collision=0.0% spectrum=35.0% action_range=[0.000,0.999] solver_status=optimal:0.0%,infeasible:92.5%,unknown:7.5%,error:0.0%,other:0.0% norm_count=111360
2026-09-29 14:26:32 | [QUEUE] | iter=1392 | 队列 | sample_queue=0/4 | weight_queues_pending=4/4
2026-09-29 14:26:36 | [UPDATE] | [learner] iter=1393 transitions=40 completion=0.00% reward=-1.200 | cost=1.883s | lr_actor=2.582e-04 lr_critic=2.582e-04 | wv=1388 stale=5 ck=ok| obj=inf completion=0.00% finite_obj=0.0% no_solution=100.0% collision=0.0% spectrum=20.0% action_range=[0.001,1.000] solver_status=optimal:0.0%,infeasible:97.5%,unknown:2.5%,error:0.0%,other:0.0% norm_count=111440
2026-09-29 14:26:36 | [QUEUE] | iter=1393 | 队列 | sample_queue=0/4 | weight_queues_pending=4/4
2026-09-29 14:26:41 | [UPDATE] | [learner] iter=1394 transitions=40 completion=0.00% reward=-1.525 | cost=1.067s | lr_actor=2.582e-04 lr_critic=2.582e-04 | wv=1389 stale=5 ck=ok| obj=inf completion=0.00% finite_obj=0.0% no_solution=100.0% collision=0.0% spectrum=47.5% action_range=[0.001,1.000] solver_status=optimal:0.0%,infeasible:92.5%,unknown:7.5%,error:0.0%,other:0.0% norm_count=111520
2026-09-29 14:26:41 | [QUEUE] | iter=1394 | 队列 | sample_queue=0/4 | weight_queues_pending=4/4
2026-09-29 14:26:46 | [UPDATE] | [learner] iter=1395 transitions=40 completion=0.00% reward=-1.350 | cost=1.217s | lr_actor=2.582e-04 lr_critic=2.582e-04 | wv=1390 stale=5 ck=ok| obj=inf completion=0.00% finite_obj=0.0% no_solution=100.0% collision=0.0% spectrum=35.0% action_range=[0.000,1.000] solver_status=optimal:0.0%,infeasible:85.0%,unknown:15.0%,error:0.0%,other:0.0% norm_count=111600
2026-09-29 14:26:46 | [QUEUE] | iter=1395 | 队列 | sample_queue=1/4 | weight_queues_pending=4/4
2026-09-29 14:26:47 | [UPDATE] | [learner] iter=1396 transitions=40 completion=0.00% reward=-1.325 | cost=1.577s | lr_actor=2.582e-04 lr_critic=2.582e-04 | wv=1390 stale=6 ck=ok| obj=inf completion=0.00% finite_obj=0.0% no_solution=100.0% collision=0.0% spectrum=32.5% action_range=[0.000,1.000] solver_status=optimal:0.0%,infeasible:90.0%,unknown:10.0%,error:0.0%,other:0.0% norm_count=111680
2026-09-29 14:26:47 | [QUEUE] | iter=1396 | 队列 | sample_queue=0/4 | weight_queues_pending=4/4
2026-09-29 14:26:51 | [UPDATE] | [learner] iter=1397 transitions=40 completion=0.00% reward=-1.300 | cost=1.626s | lr_actor=2.581e-04 lr_critic=2.581e-04 | wv=1392 stale=5 ck=ok| obj=inf completion=0.00% finite_obj=0.0% no_solution=100.0% collision=0.0% spectrum=30.0% action_range=[0.000,1.000] solver_status=optimal:0.0%,infeasible:90.0%,unknown:10.0%,error:0.0%,other:0.0% norm_count=111760
2026-09-29 14:26:51 | [QUEUE] | iter=1397 | 队列 | sample_queue=0/4 | weight_queues_pending=4/4
2026-09-29 14:27:01 | [UPDATE] | [learner] iter=1398 transitions=40 completion=0.00% reward=-1.450 | cost=1.709s | lr_actor=2.581e-04 lr_critic=2.581e-04 | wv=1393 stale=5 ck=ok| obj=inf completion=0.00% finite_obj=0.0% no_solution=100.0% collision=0.0% spectrum=42.5% action_range=[0.001,0.999] solver_status=optimal:0.0%,infeasible:100.0%,unknown:0.0%,error:0.0%,other:0.0% norm_count=111840
2026-09-29 14:27:01 | [QUEUE] | iter=1398 | 队列 | sample_queue=0/4 | weight_queues_pending=4/4
2026-09-29 14:27:03 | [UPDATE] | [learner] iter=1399 transitions=40 completion=0.00% reward=-1.475 | cost=1.815s | lr_actor=2.581e-04 lr_critic=2.581e-04 | wv=1394 stale=5 ck=ok| obj=inf completion=0.00% finite_obj=0.0% no_solution=100.0% collision=0.0% spectrum=45.0% action_range=[0.000,1.000] solver_status=optimal:0.0%,infeasible:95.0%,unknown:5.0%,error:0.0%,other:0.0% norm_count=111920
2026-09-29 14:27:03 | [QUEUE] | iter=1399 | 队列 | sample_queue=1/4 | weight_queues_pending=4/4
2026-09-29 14:27:05 | [UPDATE] | [learner] iter=1400 transitions=40 completion=0.00% reward=-1.550 | cost=1.602s | lr_actor=2.580e-04 lr_critic=2.580e-04 | wv=1394 stale=6 ck=ok| obj=inf completion=0.00% finite_obj=0.0% no_solution=100.0% collision=0.0% spectrum=50.0% action_range=[0.001,0.999] solver_status=optimal:0.0%,infeasible:92.5%,unknown:7.5%,error:0.0%,other:0.0% norm_count=112000
2026-09-29 14:27:05 | [QUEUE] | iter=1400 | 队列 | sample_queue=0/4 | weight_queues_pending=4/4
2026-09-29 14:27:08 | [UPDATE] | [learner] iter=1401 transitions=40 completion=2.50% reward=-1.078 | cost=1.748s | lr_actor=2.580e-04 lr_critic=2.580e-04 | wv=1396 stale=5 ck=ok| obj=inf completion=2.50% finite_obj=2.5% no_solution=97.5% collision=0.0% spectrum=12.5% action_range=[0.000,1.000] solver_status=optimal:2.5%,infeasible:85.0%,unknown:12.5%,error:0.0%,other:0.0% norm_count=112080
2026-09-29 14:27:08 | [QUEUE] | iter=1401 | 队列 | sample_queue=0/4 | weight_queues_pending=4/4
2026-09-29 14:27:18 | [UPDATE] | [learner] iter=1402 transitions=40 completion=0.00% reward=-1.400 | cost=2.370s | lr_actor=2.580e-04 lr_critic=2.580e-04 | wv=1397 stale=5 ck=ok| obj=inf completion=0.00% finite_obj=0.0% no_solution=100.0% collision=0.0% spectrum=37.5% action_range=[0.001,0.999] solver_status=optimal:0.0%,infeasible:90.0%,unknown:10.0%,error:0.0%,other:0.0% norm_count=112160
2026-09-29 14:27:18 | [QUEUE] | iter=1402 | 队列 | sample_queue=2/4 | weight_queues_pending=4/4
2026-09-29 14:27:19 | [UPDATE] | [learner] iter=1403 transitions=40 completion=0.00% reward=-1.300 | cost=1.320s | lr_actor=2.579e-04 lr_critic=2.579e-04 | wv=1398 stale=5 ck=ok| obj=inf completion=0.00% finite_obj=0.0% no_solution=100.0% collision=0.0% spectrum=25.0% action_range=[0.000,0.999] solver_status=optimal:0.0%,infeasible:95.0%,unknown:5.0%,error:0.0%,other:0.0% norm_count=112240
2026-09-29 14:27:19 | [QUEUE] | iter=1403 | 队列 | sample_queue=1/4 | weight_queues_pending=4/4
2026-09-29 14:27:21 | [UPDATE] | [learner] iter=1404 transitions=40 completion=2.50% reward=-1.303 | cost=1.855s | lr_actor=2.579e-04 lr_critic=2.579e-04 | wv=1398 stale=6 ck=ok| obj=inf completion=2.50% finite_obj=2.5% no_solution=97.5% collision=0.0% spectrum=35.0% action_range=[0.002,1.000] solver_status=optimal:2.5%,infeasible:87.5%,unknown:10.0%,error:0.0%,other:0.0% norm_count=112320
2026-09-29 14:27:21 | [QUEUE] | iter=1404 | 队列 | sample_queue=1/4 | weight_queues_pending=4/4
2026-09-29 14:27:22 | [UPDATE] | [learner] iter=1405 transitions=40 completion=0.00% reward=-1.375 | cost=1.161s | lr_actor=2.579e-04 lr_critic=2.579e-04 | wv=1400 stale=5 ck=ok| obj=inf completion=0.00% finite_obj=0.0% no_solution=100.0% collision=0.0% spectrum=35.0% action_range=[0.000,1.000] solver_status=optimal:0.0%,infeasible:90.0%,unknown:10.0%,error:0.0%,other:0.0% norm_count=112400
2026-09-29 14:27:22 | [QUEUE] | iter=1405 | 队列 | sample_queue=0/4 | weight_queues_pending=4/4
2026-09-29 14:27:39 | [UPDATE] | [learner] iter=1406 transitions=40 completion=0.00% reward=-1.350 | cost=0.997s | lr_actor=2.578e-04 lr_critic=2.578e-04 | wv=1401 stale=5 ck=ok| obj=inf completion=0.00% finite_obj=0.0% no_solution=100.0% collision=0.0% spectrum=35.0% action_range=[0.000,0.999] solver_status=optimal:0.0%,infeasible:95.0%,unknown:5.0%,error:0.0%,other:0.0% norm_count=112480
2026-09-29 14:27:39 | [QUEUE] | iter=1406 | 队列 | sample_queue=2/4 | weight_queues_pending=4/4
2026-09-29 14:27:40 | [UPDATE] | [learner] iter=1407 transitions=40 completion=0.00% reward=-1.475 | cost=0.850s | lr_actor=2.578e-04 lr_critic=2.578e-04 | wv=1401 stale=6 ck=ok| obj=inf completion=0.00% finite_obj=0.0% no_solution=100.0% collision=0.0% spectrum=42.5% action_range=[0.001,0.999] solver_status=optimal:0.0%,infeasible:90.0%,unknown:10.0%,error:0.0%,other:0.0% norm_count=112560
2026-09-29 14:27:40 | [QUEUE] | iter=1407 | 队列 | sample_queue=1/4 | weight_queues_pending=4/4
2026-09-29 14:27:41 | [UPDATE] | [learner] iter=1408 transitions=40 completion=0.00% reward=-1.275 | cost=1.192s | lr_actor=2.578e-04 lr_critic=2.578e-04 | wv=1401 stale=7 ck=ok| obj=inf completion=0.00% finite_obj=0.0% no_solution=100.0% collision=0.0% spectrum=27.5% action_range=[0.001,1.000] solver_status=optimal:0.0%,infeasible:92.5%,unknown:7.5%,error:0.0%,other:0.0% norm_count=112640
2026-09-29 14:27:41 | [QUEUE] | iter=1408 | 队列 | sample_queue=1/4 | weight_queues_pending=4/4
2026-09-29 14:27:43 | [UPDATE] | [learner] iter=1409 transitions=40 completion=0.00% reward=-1.527 | cost=1.252s | lr_actor=2.578e-04 lr_critic=2.578e-04 | wv=1403 stale=6 ck=ok| obj=inf completion=0.00% finite_obj=2.5% no_solution=97.5% collision=0.0% spectrum=52.5% action_range=[0.000,0.999] solver_status=optimal:2.5%,infeasible:92.5%,unknown:5.0%,error:0.0%,other:0.0% norm_count=112720
2026-09-29 14:27:43 | [QUEUE] | iter=1409 | 队列 | sample_queue=0/4 | weight_queues_pending=4/4
2026-09-29 14:27:54 | [UPDATE] | [learner] iter=1410 transitions=40 completion=0.00% reward=-1.350 | cost=1.364s | lr_actor=2.577e-04 lr_critic=2.577e-04 | wv=1405 stale=5 ck=ok| obj=inf completion=0.00% finite_obj=0.0% no_solution=100.0% collision=0.0% spectrum=32.5% action_range=[0.000,1.000] solver_status=optimal:0.0%,infeasible:90.0%,unknown:10.0%,error:0.0%,other:0.0% norm_count=112800
2026-09-29 14:27:54 | [QUEUE] | iter=1410 | 队列 | sample_queue=1/4 | weight_queues_pending=4/4
2026-09-29 14:27:55 | [UPDATE] | [learner] iter=1411 transitions=40 completion=0.00% reward=-1.401 | cost=1.118s | lr_actor=2.577e-04 lr_critic=2.577e-04 | wv=1405 stale=6 ck=ok| obj=inf completion=0.00% finite_obj=2.5% no_solution=97.5% collision=0.0% spectrum=42.5% action_range=[0.000,1.000] solver_status=optimal:2.5%,infeasible:85.0%,unknown:12.5%,error:0.0%,other:0.0% norm_count=112880
2026-09-29 14:27:55 | [QUEUE] | iter=1411 | 队列 | sample_queue=1/4 | weight_queues_pending=4/4
2026-09-29 14:27:56 | [UPDATE] | [learner] iter=1412 transitions=40 completion=0.00% reward=-1.350 | cost=1.023s | lr_actor=2.577e-04 lr_critic=2.577e-04 | wv=1405 stale=7 ck=ok| obj=inf completion=0.00% finite_obj=0.0% no_solution=100.0% collision=0.0% spectrum=30.0% action_range=[0.000,1.000] solver_status=optimal:0.0%,infeasible:85.0%,unknown:15.0%,error:0.0%,other:0.0% norm_count=112960
2026-09-29 14:27:56 | [QUEUE] | iter=1412 | 队列 | sample_queue=0/4 | weight_queues_pending=4/4
2026-09-29 14:27:58 | [UPDATE] | [learner] iter=1413 transitions=40 completion=0.00% reward=-1.425 | cost=1.299s | lr_actor=2.576e-04 lr_critic=2.576e-04 | wv=1407 stale=6 ck=ok| obj=inf completion=0.00% finite_obj=0.0% no_solution=100.0% collision=0.0% spectrum=42.5% action_range=[0.000,0.999] solver_status=optimal:0.0%,infeasible:90.0%,unknown:10.0%,error:0.0%,other:0.0% norm_count=113040
2026-09-29 14:27:58 | [QUEUE] | iter=1413 | 队列 | sample_queue=0/4 | weight_queues_pending=4/4
2026-09-29 14:28:09 | [UPDATE] | [learner] iter=1414 transitions=40 completion=0.00% reward=-1.350 | cost=0.840s | lr_actor=2.576e-04 lr_critic=2.576e-04 | wv=1409 stale=5 ck=ok| obj=inf completion=0.00% finite_obj=0.0% no_solution=100.0% collision=0.0% spectrum=35.0% action_range=[0.000,0.999] solver_status=optimal:0.0%,infeasible:95.0%,unknown:5.0%,error:0.0%,other:0.0% norm_count=113120
2026-09-29 14:28:09 | [QUEUE] | iter=1414 | 队列 | sample_queue=0/4 | weight_queues_pending=4/4
2026-09-29 14:28:11 | [UPDATE] | [learner] iter=1415 transitions=40 completion=0.00% reward=-1.425 | cost=0.949s | lr_actor=2.576e-04 lr_critic=2.576e-04 | wv=1409 stale=6 ck=ok| obj=inf completion=0.00% finite_obj=0.0% no_solution=100.0% collision=0.0% spectrum=37.5% action_range=[0.000,0.999] solver_status=optimal:0.0%,infeasible:82.5%,unknown:17.5%,error:0.0%,other:0.0% norm_count=113200
2026-09-29 14:28:11 | [QUEUE] | iter=1415 | 队列 | sample_queue=0/4 | weight_queues_pending=4/4
2026-09-29 14:28:12 | [UPDATE] | [learner] iter=1416 transitions=40 completion=2.50% reward=-1.228 | cost=1.069s | lr_actor=2.575e-04 lr_critic=2.575e-04 | wv=1410 stale=6 ck=ok| obj=inf completion=2.50% finite_obj=2.5% no_solution=97.5% collision=0.0% spectrum=27.5% action_range=[0.000,1.000] solver_status=optimal:2.5%,infeasible:87.5%,unknown:10.0%,error:0.0%,other:0.0% norm_count=113280
2026-09-29 14:28:12 | [QUEUE] | iter=1416 | 队列 | sample_queue=1/4 | weight_queues_pending=4/4
2026-09-29 14:28:14 | [UPDATE] | [learner] iter=1417 transitions=40 completion=2.50% reward=-1.303 | cost=1.220s | lr_actor=2.575e-04 lr_critic=2.575e-04 | wv=1412 stale=5 ck=ok| obj=inf completion=2.50% finite_obj=2.5% no_solution=97.5% collision=0.0% spectrum=32.5% action_range=[0.000,1.000] solver_status=optimal:2.5%,infeasible:92.5%,unknown:5.0%,error:0.0%,other:0.0% norm_count=113360
2026-09-29 14:28:14 | [QUEUE] | iter=1417 | 队列 | sample_queue=0/4 | weight_queues_pending=4/4
2026-09-29 14:28:27 | [UPDATE] | [learner] iter=1418 transitions=40 completion=0.00% reward=-1.450 | cost=1.498s | lr_actor=2.575e-04 lr_critic=2.575e-04 | wv=1413 stale=5 ck=ok| obj=inf completion=0.00% finite_obj=0.0% no_solution=100.0% collision=0.0% spectrum=42.5% action_range=[0.001,1.000] solver_status=optimal:0.0%,infeasible:90.0%,unknown:10.0%,error:0.0%,other:0.0% norm_count=113440
2026-09-29 14:28:27 | [QUEUE] | iter=1418 | 队列 | sample_queue=1/4 | weight_queues_pending=4/4
2026-09-29 14:28:28 | [UPDATE] | [learner] iter=1419 transitions=40 completion=0.00% reward=-1.475 | cost=0.937s | lr_actor=2.575e-04 lr_critic=2.575e-04 | wv=1414 stale=5 ck=ok| obj=inf completion=0.00% finite_obj=0.0% no_solution=100.0% collision=0.0% spectrum=42.5% action_range=[0.000,0.999] solver_status=optimal:0.0%,infeasible:95.0%,unknown:5.0%,error:0.0%,other:0.0% norm_count=113520
2026-09-29 14:28:28 | [QUEUE] | iter=1419 | 队列 | sample_queue=2/4 | weight_queues_pending=4/4
2026-09-29 14:28:29 | [UPDATE] | [learner] iter=1420 transitions=40 completion=2.50% reward=-1.252 | cost=0.846s | lr_actor=2.574e-04 lr_critic=2.574e-04 | wv=1415 stale=5 ck=ok| obj=inf completion=2.50% finite_obj=2.5% no_solution=97.5% collision=0.0% spectrum=27.5% action_range=[0.000,0.999] solver_status=optimal:2.5%,infeasible:95.0%,unknown:2.5%,error:0.0%,other:0.0% norm_count=113600
2026-09-29 14:28:29 | [QUEUE] | iter=1420 | 队列 | sample_queue=1/4 | weight_queues_pending=4/4
2026-09-29 14:28:30 | [UPDATE] | [learner] iter=1421 transitions=40 completion=0.00% reward=-1.375 | cost=1.063s | lr_actor=2.574e-04 lr_critic=2.574e-04 | wv=1415 stale=6 ck=ok| obj=inf completion=0.00% finite_obj=0.0% no_solution=100.0% collision=0.0% spectrum=35.0% action_range=[0.000,0.999] solver_status=optimal:0.0%,infeasible:97.5%,unknown:2.5%,error:0.0%,other:0.0% norm_count=113680
2026-09-29 14:28:30 | [QUEUE] | iter=1421 | 队列 | sample_queue=0/4 | weight_queues_pending=4/4
2026-09-29 14:28:41 | [UPDATE] | [learner] iter=1422 transitions=40 completion=0.00% reward=-1.475 | cost=1.204s | lr_actor=2.574e-04 lr_critic=2.574e-04 | wv=1418 stale=4 ck=ok| obj=inf completion=0.00% finite_obj=0.0% no_solution=100.0% collision=0.0% spectrum=42.5% action_range=[0.000,1.000] solver_status=optimal:0.0%,infeasible:85.0%,unknown:15.0%,error:0.0%,other:0.0% norm_count=113760
2026-09-29 14:28:41 | [QUEUE] | iter=1422 | 队列 | sample_queue=2/4 | weight_queues_pending=4/4
2026-09-29 14:28:42 | [UPDATE] | [learner] iter=1423 transitions=40 completion=0.00% reward=-1.425 | cost=1.197s | lr_actor=2.573e-04 lr_critic=2.573e-04 | wv=1417 stale=6 ck=ok| obj=inf completion=0.00% finite_obj=0.0% no_solution=100.0% collision=0.0% spectrum=42.5% action_range=[0.000,1.000] solver_status=optimal:0.0%,infeasible:92.5%,unknown:7.5%,error:0.0%,other:0.0% norm_count=113840
2026-09-29 14:28:42 | [QUEUE] | iter=1423 | 队列 | sample_queue=2/4 | weight_queues_pending=4/4
2026-09-29 14:28:44 | [UPDATE] | [learner] iter=1424 transitions=40 completion=2.50% reward=-1.203 | cost=1.502s | lr_actor=2.573e-04 lr_critic=2.573e-04 | wv=1417 stale=7 ck=ok| obj=inf completion=2.50% finite_obj=2.5% no_solution=97.5% collision=0.0% spectrum=25.0% action_range=[0.000,1.000] solver_status=optimal:2.5%,infeasible:85.0%,unknown:12.5%,error:0.0%,other:0.0% norm_count=113920
2026-09-29 14:28:44 | [QUEUE] | iter=1424 | 队列 | sample_queue=1/4 | weight_queues_pending=4/4
2026-09-29 14:28:45 | [UPDATE] | [learner] iter=1425 transitions=40 completion=0.00% reward=-1.375 | cost=1.374s | lr_actor=2.573e-04 lr_critic=2.573e-04 | wv=1418 stale=7 ck=ok| obj=inf completion=0.00% finite_obj=0.0% no_solution=100.0% collision=0.0% spectrum=35.0% action_range=[0.000,0.999] solver_status=optimal:0.0%,infeasible:90.0%,unknown:10.0%,error:0.0%,other:0.0% norm_count=114000
2026-09-29 14:28:45 | [QUEUE] | iter=1425 | 队列 | sample_queue=0/4 | weight_queues_pending=4/4
2026-09-29 14:28:53 | [UPDATE] | [learner] iter=1426 transitions=40 completion=0.00% reward=-1.425 | cost=0.862s | lr_actor=2.572e-04 lr_critic=2.572e-04 | wv=1421 stale=5 ck=ok| obj=inf completion=0.00% finite_obj=0.0% no_solution=100.0% collision=0.0% spectrum=42.5% action_range=[0.000,1.000] solver_status=optimal:0.0%,infeasible:92.5%,unknown:7.5%,error:0.0%,other:0.0% norm_count=114080
2026-09-29 14:28:53 | [QUEUE] | iter=1426 | 队列 | sample_queue=0/4 | weight_queues_pending=4/4
2026-09-29 14:28:57 | [UPDATE] | [learner] iter=1427 transitions=40 completion=2.50% reward=-1.151 | cost=1.486s | lr_actor=2.572e-04 lr_critic=2.572e-04 | wv=1421 stale=6 ck=ok| obj=inf completion=2.50% finite_obj=2.5% no_solution=97.5% collision=0.0% spectrum=17.5% action_range=[0.000,0.999] solver_status=optimal:2.5%,infeasible:90.0%,unknown:7.5%,error:0.0%,other:0.0% norm_count=114160
2026-09-29 14:28:57 | [QUEUE] | iter=1427 | 队列 | sample_queue=1/4 | weight_queues_pending=4/4
2026-09-29 14:28:58 | [UPDATE] | [learner] iter=1428 transitions=40 completion=2.50% reward=-1.402 | cost=0.932s | lr_actor=2.572e-04 lr_critic=2.572e-04 | wv=1421 stale=7 ck=ok| obj=inf completion=2.50% finite_obj=2.5% no_solution=97.5% collision=0.0% spectrum=42.5% action_range=[0.000,1.000] solver_status=optimal:2.5%,infeasible:92.5%,unknown:5.0%,error:0.0%,other:0.0% norm_count=114240
2026-09-29 14:28:58 | [QUEUE] | iter=1428 | 队列 | sample_queue=1/4 | weight_queues_pending=4/4
2026-09-29 14:28:59 | [UPDATE] | [learner] iter=1429 transitions=40 completion=0.00% reward=-1.250 | cost=0.961s | lr_actor=2.572e-04 lr_critic=2.572e-04 | wv=1422 stale=7 ck=ok| obj=inf completion=0.00% finite_obj=0.0% no_solution=100.0% collision=0.0% spectrum=25.0% action_range=[0.001,1.000] solver_status=optimal:0.0%,infeasible:97.5%,unknown:2.5%,error:0.0%,other:0.0% norm_count=114320
2026-09-29 14:28:59 | [QUEUE] | iter=1429 | 队列 | sample_queue=0/4 | weight_queues_pending=4/4
2026-09-29 14:29:06 | [UPDATE] | [learner] iter=1430 transitions=40 completion=2.50% reward=-1.303 | cost=0.843s | lr_actor=2.571e-04 lr_critic=2.571e-04 | wv=1425 stale=5 ck=ok| obj=inf completion=2.50% finite_obj=2.5% no_solution=97.5% collision=0.0% spectrum=35.0% action_range=[0.000,1.000] solver_status=optimal:2.5%,infeasible:87.5%,unknown:10.0%,error:0.0%,other:0.0% norm_count=114400
2026-09-29 14:29:06 | [QUEUE] | iter=1430 | 队列 | sample_queue=0/4 | weight_queues_pending=4/4
2026-09-29 14:29:07 | [UPDATE] | [learner] iter=1431 transitions=40 completion=0.00% reward=-1.325 | cost=0.912s | lr_actor=2.571e-04 lr_critic=2.571e-04 | wv=1426 stale=5 ck=ok| obj=inf completion=0.00% finite_obj=0.0% no_solution=100.0% collision=0.0% spectrum=32.5% action_range=[0.000,1.000] solver_status=optimal:0.0%,infeasible:77.5%,unknown:22.5%,error:0.0%,other:0.0% norm_count=114480
2026-09-29 14:29:07 | [QUEUE] | iter=1431 | 队列 | sample_queue=0/4 | weight_queues_pending=4/4
2026-09-29 14:29:11 | [UPDATE] | [learner] iter=1432 transitions=40 completion=0.00% reward=-1.450 | cost=0.981s | lr_actor=2.571e-04 lr_critic=2.571e-04 | wv=1427 stale=5 ck=ok| obj=inf completion=0.00% finite_obj=0.0% no_solution=100.0% collision=0.0% spectrum=37.5% action_range=[0.003,0.999] solver_status=optimal:0.0%,infeasible:87.5%,unknown:12.5%,error:0.0%,other:0.0% norm_count=114560
2026-09-29 14:29:11 | [QUEUE] | iter=1432 | 队列 | sample_queue=1/4 | weight_queues_pending=4/4
2026-09-29 14:29:11 | [UPDATE] | [learner] iter=1433 transitions=40 completion=0.00% reward=-1.400 | cost=0.843s | lr_actor=2.570e-04 lr_critic=2.570e-04 | wv=1426 stale=7 ck=ok| obj=inf completion=0.00% finite_obj=0.0% no_solution=100.0% collision=0.0% spectrum=37.5% action_range=[0.001,1.000] solver_status=optimal:0.0%,infeasible:97.5%,unknown:2.5%,error:0.0%,other:0.0% norm_count=114640
2026-09-29 14:29:11 | [QUEUE] | iter=1433 | 队列 | sample_queue=0/4 | weight_queues_pending=4/4
2026-09-29 14:29:21 | [UPDATE] | [learner] iter=1434 transitions=40 completion=2.50% reward=-1.230 | cost=1.041s | lr_actor=2.570e-04 lr_critic=2.570e-04 | wv=1430 stale=4 ck=ok| obj=inf completion=2.50% finite_obj=2.5% no_solution=97.5% collision=0.0% spectrum=27.5% action_range=[0.000,1.000] solver_status=optimal:2.5%,infeasible:95.0%,unknown:2.5%,error:0.0%,other:0.0% norm_count=114720
2026-09-29 14:29:21 | [QUEUE] | iter=1434 | 队列 | sample_queue=1/4 | weight_queues_pending=4/4
2026-09-29 14:29:22 | [UPDATE] | [learner] iter=1435 transitions=40 completion=0.00% reward=-1.280 | cost=0.966s | lr_actor=2.570e-04 lr_critic=2.570e-04 | wv=1429 stale=6 ck=ok| obj=inf completion=0.00% finite_obj=2.5% no_solution=97.5% collision=0.0% spectrum=27.5% action_range=[0.000,1.000] solver_status=optimal:2.5%,infeasible:92.5%,unknown:5.0%,error:0.0%,other:0.0% norm_count=114800
2026-09-29 14:29:22 | [QUEUE] | iter=1435 | 队列 | sample_queue=1/4 | weight_queues_pending=4/4
2026-09-29 14:29:23 | [UPDATE] | [learner] iter=1436 transitions=40 completion=0.00% reward=-1.250 | cost=0.982s | lr_actor=2.569e-04 lr_critic=2.569e-04 | wv=1431 stale=5 ck=ok| obj=inf completion=0.00% finite_obj=0.0% no_solution=100.0% collision=0.0% spectrum=22.5% action_range=[0.000,1.000] solver_status=optimal:0.0%,infeasible:90.0%,unknown:10.0%,error:0.0%,other:0.0% norm_count=114880
2026-09-29 14:29:23 | [QUEUE] | iter=1436 | 队列 | sample_queue=0/4 | weight_queues_pending=4/4
2026-09-29 14:29:24 | [UPDATE] | [learner] iter=1437 transitions=40 completion=0.00% reward=-1.475 | cost=0.883s | lr_actor=2.569e-04 lr_critic=2.569e-04 | wv=1431 stale=6 ck=ok| obj=inf completion=0.00% finite_obj=0.0% no_solution=100.0% collision=0.0% spectrum=37.5% action_range=[0.001,1.000] solver_status=optimal:0.0%,infeasible:90.0%,unknown:10.0%,error:0.0%,other:0.0% norm_count=114960
2026-09-29 14:29:24 | [QUEUE] | iter=1437 | 队列 | sample_queue=0/4 | weight_queues_pending=4/4
2026-09-29 14:29:34 | [UPDATE] | [learner] iter=1438 transitions=40 completion=0.00% reward=-1.325 | cost=0.982s | lr_actor=2.569e-04 lr_critic=2.569e-04 | wv=1433 stale=5 ck=ok| obj=inf completion=0.00% finite_obj=0.0% no_solution=100.0% collision=0.0% spectrum=32.5% action_range=[0.001,1.000] solver_status=optimal:0.0%,infeasible:97.5%,unknown:2.5%,error:0.0%,other:0.0% norm_count=115040
2026-09-29 14:29:34 | [QUEUE] | iter=1438 | 队列 | sample_queue=1/4 | weight_queues_pending=4/4
2026-09-29 14:29:35 | [UPDATE] | [learner] iter=1439 transitions=40 completion=2.50% reward=-1.304 | cost=0.904s | lr_actor=2.569e-04 lr_critic=2.569e-04 | wv=1433 stale=6 ck=ok| obj=inf completion=2.50% finite_obj=2.5% no_solution=97.5% collision=0.0% spectrum=35.0% action_range=[0.001,1.000] solver_status=optimal:2.5%,infeasible:97.5%,unknown:0.0%,error:0.0%,other:0.0% norm_count=115120
2026-09-29 14:29:35 | [QUEUE] | iter=1439 | 队列 | sample_queue=1/4 | weight_queues_pending=4/4
2026-09-29 14:29:36 | [UPDATE] | [learner] iter=1440 transitions=40 completion=0.00% reward=-1.200 | cost=0.916s | lr_actor=2.568e-04 lr_critic=2.568e-04 | wv=1434 stale=6 ck=ok| obj=inf completion=0.00% finite_obj=0.0% no_solution=100.0% collision=0.0% spectrum=20.0% action_range=[0.000,0.999] solver_status=optimal:0.0%,infeasible:82.5%,unknown:17.5%,error:0.0%,other:0.0% norm_count=115200
2026-09-29 14:29:36 | [QUEUE] | iter=1440 | 队列 | sample_queue=1/4 | weight_queues_pending=4/4
2026-09-29 14:29:37 | [UPDATE] | [learner] iter=1441 transitions=40 completion=0.00% reward=-1.400 | cost=0.750s | lr_actor=2.568e-04 lr_critic=2.568e-04 | wv=1436 stale=5 ck=ok| obj=inf completion=0.00% finite_obj=0.0% no_solution=100.0% collision=0.0% spectrum=37.5% action_range=[0.000,1.000] solver_status=optimal:0.0%,infeasible:95.0%,unknown:5.0%,error:0.0%,other:0.0% norm_count=115280
2026-09-29 14:29:37 | [QUEUE] | iter=1441 | 队列 | sample_queue=0/4 | weight_queues_pending=4/4
2026-09-29 14:29:48 | [UPDATE] | [learner] iter=1442 transitions=40 completion=0.00% reward=-1.225 | cost=1.726s | lr_actor=2.568e-04 lr_critic=2.568e-04 | wv=1437 stale=5 ck=ok| obj=inf completion=0.00% finite_obj=0.0% no_solution=100.0% collision=0.0% spectrum=22.5% action_range=[0.000,1.000] solver_status=optimal:0.0%,infeasible:95.0%,unknown:5.0%,error:0.0%,other:0.0% norm_count=115360
2026-09-29 14:29:48 | [QUEUE] | iter=1442 | 队列 | sample_queue=0/4 | weight_queues_pending=4/4
2026-09-29 14:29:50 | [UPDATE] | [learner] iter=1443 transitions=40 completion=0.00% reward=-1.325 | cost=1.565s | lr_actor=2.567e-04 lr_critic=2.567e-04 | wv=1437 stale=6 ck=ok| obj=inf completion=0.00% finite_obj=0.0% no_solution=100.0% collision=0.0% spectrum=30.0% action_range=[0.000,1.000] solver_status=optimal:0.0%,infeasible:95.0%,unknown:5.0%,error:0.0%,other:0.0% norm_count=115440
2026-09-29 14:29:50 | [QUEUE] | iter=1443 | 队列 | sample_queue=2/4 | weight_queues_pending=4/4
2026-09-29 14:29:52 | [UPDATE] | [learner] iter=1444 transitions=40 completion=0.00% reward=-1.275 | cost=1.672s | lr_actor=2.567e-04 lr_critic=2.567e-04 | wv=1439 stale=5 ck=ok| obj=inf completion=0.00% finite_obj=0.0% no_solution=100.0% collision=0.0% spectrum=25.0% action_range=[0.001,1.000] solver_status=optimal:0.0%,infeasible:92.5%,unknown:7.5%,error:0.0%,other:0.0% norm_count=115520
2026-09-29 14:29:52 | [QUEUE] | iter=1444 | 队列 | sample_queue=1/4 | weight_queues_pending=4/4
2026-09-29 14:29:53 | [UPDATE] | [learner] iter=1445 transitions=40 completion=0.00% reward=-1.350 | cost=1.613s | lr_actor=2.567e-04 lr_critic=2.567e-04 | wv=1438 stale=7 ck=ok| obj=inf completion=0.00% finite_obj=0.0% no_solution=100.0% collision=0.0% spectrum=35.0% action_range=[0.000,1.000] solver_status=optimal:0.0%,infeasible:92.5%,unknown:7.5%,error:0.0%,other:0.0% norm_count=115600
2026-09-29 14:29:53 | [QUEUE] | iter=1445 | 队列 | sample_queue=0/4 | weight_queues_pending=4/4
2026-09-29 14:30:02 | [UPDATE] | [learner] iter=1446 transitions=40 completion=0.00% reward=-1.300 | cost=1.902s | lr_actor=2.566e-04 lr_critic=2.566e-04 | wv=1441 stale=5 ck=ok| obj=inf completion=0.00% finite_obj=0.0% no_solution=100.0% collision=0.0% spectrum=30.0% action_range=[0.000,1.000] solver_status=optimal:0.0%,infeasible:90.0%,unknown:10.0%,error:0.0%,other:0.0% norm_count=115680
2026-09-29 14:30:02 | [QUEUE] | iter=1446 | 队列 | sample_queue=0/4 | weight_queues_pending=4/4
2026-09-29 14:30:05 | [UPDATE] | [learner] iter=1447 transitions=40 completion=0.00% reward=-1.300 | cost=1.353s | lr_actor=2.566e-04 lr_critic=2.566e-04 | wv=1442 stale=5 ck=ok| obj=inf completion=0.00% finite_obj=0.0% no_solution=100.0% collision=0.0% spectrum=30.0% action_range=[0.002,1.000] solver_status=optimal:0.0%,infeasible:90.0%,unknown:10.0%,error:0.0%,other:0.0% norm_count=115760
2026-09-29 14:30:05 | [QUEUE] | iter=1447 | 队列 | sample_queue=1/4 | weight_queues_pending=4/4
2026-09-29 14:30:08 | [UPDATE] | [learner] iter=1448 transitions=40 completion=0.00% reward=-1.300 | cost=3.120s | lr_actor=2.566e-04 lr_critic=2.566e-04 | wv=1442 stale=6 ck=ok| obj=inf completion=0.00% finite_obj=0.0% no_solution=100.0% collision=0.0% spectrum=25.0% action_range=[0.000,1.000] solver_status=optimal:0.0%,infeasible:95.0%,unknown:5.0%,error:0.0%,other:0.0% norm_count=115840
2026-09-29 14:30:08 | [QUEUE] | iter=1448 | 队列 | sample_queue=1/4 | weight_queues_pending=4/4
2026-09-29 14:30:10 | [UPDATE] | [learner] iter=1449 transitions=40 completion=0.00% reward=-1.325 | cost=1.570s | lr_actor=2.566e-04 lr_critic=2.566e-04 | wv=1442 stale=7 ck=ok| obj=inf completion=0.00% finite_obj=0.0% no_solution=100.0% collision=0.0% spectrum=32.5% action_range=[0.000,1.000] solver_status=optimal:0.0%,infeasible:90.0%,unknown:10.0%,error:0.0%,other:0.0% norm_count=115920
2026-09-29 14:30:10 | [QUEUE] | iter=1449 | 队列 | sample_queue=0/4 | weight_queues_pending=4/4
2026-09-29 14:30:15 | [UPDATE] | [learner] iter=1450 transitions=40 completion=0.00% reward=-1.275 | cost=1.238s | lr_actor=2.565e-04 lr_critic=2.565e-04 | wv=1445 stale=5 ck=ok| obj=inf completion=0.00% finite_obj=0.0% no_solution=100.0% collision=0.0% spectrum=27.5% action_range=[0.001,1.000] solver_status=optimal:0.0%,infeasible:95.0%,unknown:5.0%,error:0.0%,other:0.0% norm_count=116000
2026-09-29 14:30:15 | [QUEUE] | iter=1450 | 队列 | sample_queue=0/4 | weight_queues_pending=4/4
2026-09-29 14:30:18 | [UPDATE] | [learner] iter=1451 transitions=40 completion=0.00% reward=-1.475 | cost=0.945s | lr_actor=2.565e-04 lr_critic=2.565e-04 | wv=1446 stale=5 ck=ok| obj=inf completion=0.00% finite_obj=0.0% no_solution=100.0% collision=0.0% spectrum=45.0% action_range=[0.000,0.999] solver_status=optimal:0.0%,infeasible:87.5%,unknown:12.5%,error:0.0%,other:0.0% norm_count=116080
2026-09-29 14:30:18 | [QUEUE] | iter=1451 | 队列 | sample_queue=0/4 | weight_queues_pending=4/4
2026-09-29 14:30:20 | [UPDATE] | [learner] iter=1452 transitions=40 completion=0.00% reward=-1.475 | cost=1.231s | lr_actor=2.565e-04 lr_critic=2.565e-04 | wv=1446 stale=6 ck=ok| obj=inf completion=0.00% finite_obj=0.0% no_solution=100.0% collision=0.0% spectrum=45.0% action_range=[0.000,1.000] solver_status=optimal:0.0%,infeasible:92.5%,unknown:7.5%,error:0.0%,other:0.0% norm_count=116160
2026-09-29 14:30:20 | [QUEUE] | iter=1452 | 队列 | sample_queue=0/4 | weight_queues_pending=4/4
2026-09-29 14:30:21 | [UPDATE] | [learner] iter=1453 transitions=40 completion=2.50% reward=-1.077 | cost=0.953s | lr_actor=2.564e-04 lr_critic=2.564e-04 | wv=1447 stale=6 ck=ok| obj=inf completion=2.50% finite_obj=2.5% no_solution=97.5% collision=0.0% spectrum=12.5% action_range=[0.000,1.000] solver_status=optimal:2.5%,infeasible:97.5%,unknown:0.0%,error:0.0%,other:0.0% norm_count=116240
2026-09-29 14:30:21 | [QUEUE] | iter=1453 | 队列 | sample_queue=0/4 | weight_queues_pending=4/4
2026-09-29 14:30:27 | [UPDATE] | [learner] iter=1454 transitions=40 completion=0.00% reward=-1.375 | cost=0.889s | lr_actor=2.564e-04 lr_critic=2.564e-04 | wv=1449 stale=5 ck=ok| obj=inf completion=0.00% finite_obj=0.0% no_solution=100.0% collision=0.0% spectrum=35.0% action_range=[0.000,1.000] solver_status=optimal:0.0%,infeasible:87.5%,unknown:12.5%,error:0.0%,other:0.0% norm_count=116320
2026-09-29 14:30:27 | [QUEUE] | iter=1454 | 队列 | sample_queue=0/4 | weight_queues_pending=4/4
2026-09-29 14:30:31 | [UPDATE] | [learner] iter=1455 transitions=40 completion=0.00% reward=-1.375 | cost=0.905s | lr_actor=2.564e-04 lr_critic=2.564e-04 | wv=1450 stale=5 ck=ok| obj=inf completion=0.00% finite_obj=0.0% no_solution=100.0% collision=0.0% spectrum=32.5% action_range=[0.000,1.000] solver_status=optimal:0.0%,infeasible:87.5%,unknown:12.5%,error:0.0%,other:0.0% norm_count=116400
2026-09-29 14:30:31 | [QUEUE] | iter=1455 | 队列 | sample_queue=1/4 | weight_queues_pending=4/4
2026-09-29 14:30:32 | [UPDATE] | [learner] iter=1456 transitions=40 completion=0.00% reward=-1.275 | cost=0.865s | lr_actor=2.563e-04 lr_critic=2.563e-04 | wv=1451 stale=5 ck=ok| obj=inf completion=0.00% finite_obj=0.0% no_solution=100.0% collision=0.0% spectrum=27.5% action_range=[0.000,1.000] solver_status=optimal:0.0%,infeasible:92.5%,unknown:7.5%,error:0.0%,other:0.0% norm_count=116480
2026-09-29 14:30:32 | [QUEUE] | iter=1456 | 队列 | sample_queue=0/4 | weight_queues_pending=4/4
2026-09-29 14:30:34 | [UPDATE] | [learner] iter=1457 transitions=40 completion=0.00% reward=-1.450 | cost=0.986s | lr_actor=2.563e-04 lr_critic=2.563e-04 | wv=1452 stale=5 ck=ok| obj=inf completion=0.00% finite_obj=0.0% no_solution=100.0% collision=0.0% spectrum=42.5% action_range=[0.001,1.000] solver_status=optimal:0.0%,infeasible:95.0%,unknown:5.0%,error:0.0%,other:0.0% norm_count=116560
2026-09-29 14:30:34 | [QUEUE] | iter=1457 | 队列 | sample_queue=0/4 | weight_queues_pending=4/4
2026-09-29 14:30:39 | [UPDATE] | [learner] iter=1458 transitions=40 completion=0.00% reward=-1.275 | cost=0.863s | lr_actor=2.563e-04 lr_critic=2.563e-04 | wv=1453 stale=5 ck=ok| obj=inf completion=0.00% finite_obj=0.0% no_solution=100.0% collision=0.0% spectrum=27.5% action_range=[0.001,1.000] solver_status=optimal:0.0%,infeasible:95.0%,unknown:5.0%,error:0.0%,other:0.0% norm_count=116640
2026-09-29 14:30:39 | [QUEUE] | iter=1458 | 队列 | sample_queue=0/4 | weight_queues_pending=4/4
2026-09-29 14:30:45 | [UPDATE] | [learner] iter=1459 transitions=40 completion=0.00% reward=-1.225 | cost=0.951s | lr_actor=2.563e-04 lr_critic=2.563e-04 | wv=1454 stale=5 ck=ok| obj=inf completion=0.00% finite_obj=0.0% no_solution=100.0% collision=0.0% spectrum=22.5% action_range=[0.000,1.000] solver_status=optimal:0.0%,infeasible:95.0%,unknown:5.0%,error:0.0%,other:0.0% norm_count=116720
2026-09-29 14:30:45 | [QUEUE] | iter=1459 | 队列 | sample_queue=1/4 | weight_queues_pending=4/4
2026-09-29 14:30:45 | [UPDATE] | [learner] iter=1460 transitions=40 completion=0.00% reward=-1.450 | cost=0.860s | lr_actor=2.562e-04 lr_critic=2.562e-04 | wv=1454 stale=6 ck=ok| obj=inf completion=0.00% finite_obj=0.0% no_solution=100.0% collision=0.0% spectrum=40.0% action_range=[0.000,0.999] solver_status=optimal:0.0%,infeasible:97.5%,unknown:2.5%,error:0.0%,other:0.0% norm_count=116800
2026-09-29 14:30:45 | [QUEUE] | iter=1460 | 队列 | sample_queue=1/4 | weight_queues_pending=4/4
2026-09-29 14:30:46 | [UPDATE] | [learner] iter=1461 transitions=40 completion=0.00% reward=-1.275 | cost=0.809s | lr_actor=2.562e-04 lr_critic=2.562e-04 | wv=1456 stale=5 ck=ok| obj=inf completion=0.00% finite_obj=0.0% no_solution=100.0% collision=0.0% spectrum=22.5% action_range=[0.000,1.000] solver_status=optimal:0.0%,infeasible:92.5%,unknown:7.5%,error:0.0%,other:0.0% norm_count=116880
2026-09-29 14:30:46 | [QUEUE] | iter=1461 | 队列 | sample_queue=0/4 | weight_queues_pending=4/4
2026-09-29 14:30:50 | [UPDATE] | [learner] iter=1462 transitions=40 completion=0.00% reward=-1.475 | cost=0.896s | lr_actor=2.562e-04 lr_critic=2.562e-04 | wv=1457 stale=5 ck=ok| obj=inf completion=0.00% finite_obj=0.0% no_solution=100.0% collision=0.0% spectrum=45.0% action_range=[0.000,1.000] solver_status=optimal:0.0%,infeasible:92.5%,unknown:7.5%,error:0.0%,other:0.0% norm_count=116960
2026-09-29 14:30:50 | [QUEUE] | iter=1462 | 队列 | sample_queue=0/4 | weight_queues_pending=4/4
2026-09-29 14:30:57 | [UPDATE] | [learner] iter=1463 transitions=40 completion=0.00% reward=-1.450 | cost=0.879s | lr_actor=2.561e-04 lr_critic=2.561e-04 | wv=1458 stale=5 ck=ok| obj=inf completion=0.00% finite_obj=0.0% no_solution=100.0% collision=0.0% spectrum=42.5% action_range=[0.002,0.999] solver_status=optimal:0.0%,infeasible:82.5%,unknown:17.5%,error:0.0%,other:0.0% norm_count=117040
2026-09-29 14:30:57 | [QUEUE] | iter=1463 | 队列 | sample_queue=1/4 | weight_queues_pending=4/4
2026-09-29 14:30:58 | [UPDATE] | [learner] iter=1464 transitions=40 completion=2.50% reward=-1.277 | cost=0.857s | lr_actor=2.561e-04 lr_critic=2.561e-04 | wv=1458 stale=6 ck=ok| obj=inf completion=2.50% finite_obj=2.5% no_solution=97.5% collision=0.0% spectrum=32.5% action_range=[0.000,1.000] solver_status=optimal:2.5%,infeasible:90.0%,unknown:7.5%,error:0.0%,other:0.0% norm_count=117120
2026-09-29 14:30:58 | [QUEUE] | iter=1464 | 队列 | sample_queue=1/4 | weight_queues_pending=4/4
2026-09-29 14:30:59 | [UPDATE] | [learner] iter=1465 transitions=40 completion=2.50% reward=-1.178 | cost=0.840s | lr_actor=2.561e-04 lr_critic=2.561e-04 | wv=1459 stale=6 ck=ok| obj=inf completion=2.50% finite_obj=2.5% no_solution=97.5% collision=0.0% spectrum=22.5% action_range=[0.000,1.000] solver_status=optimal:2.5%,infeasible:82.5%,unknown:15.0%,error:0.0%,other:0.0% norm_count=117200
2026-09-29 14:30:59 | [QUEUE] | iter=1465 | 队列 | sample_queue=0/4 | weight_queues_pending=4/4
2026-09-29 14:31:05 | [UPDATE] | [learner] iter=1466 transitions=40 completion=0.00% reward=-1.325 | cost=0.978s | lr_actor=2.560e-04 lr_critic=2.560e-04 | wv=1461 stale=5 ck=ok| obj=inf completion=0.00% finite_obj=0.0% no_solution=100.0% collision=0.0% spectrum=30.0% action_range=[0.001,1.000] solver_status=optimal:0.0%,infeasible:90.0%,unknown:10.0%,error:0.0%,other:0.0% norm_count=117280
2026-09-29 14:31:05 | [QUEUE] | iter=1466 | 队列 | sample_queue=0/4 | weight_queues_pending=4/4
2026-09-29 14:31:11 | [UPDATE] | [learner] iter=1467 transitions=40 completion=0.00% reward=-1.275 | cost=1.342s | lr_actor=2.560e-04 lr_critic=2.560e-04 | wv=1462 stale=5 ck=ok| obj=inf completion=0.00% finite_obj=0.0% no_solution=100.0% collision=0.0% spectrum=27.5% action_range=[0.000,1.000] solver_status=optimal:0.0%,infeasible:92.5%,unknown:7.5%,error:0.0%,other:0.0% norm_count=117360
2026-09-29 14:31:11 | [QUEUE] | iter=1467 | 队列 | sample_queue=1/4 | weight_queues_pending=4/4
2026-09-29 14:31:13 | [UPDATE] | [learner] iter=1468 transitions=40 completion=2.50% reward=-1.354 | cost=1.495s | lr_actor=2.560e-04 lr_critic=2.560e-04 | wv=1462 stale=6 ck=ok| obj=inf completion=2.50% finite_obj=2.5% no_solution=97.5% collision=0.0% spectrum=40.0% action_range=[0.000,1.000] solver_status=optimal:2.5%,infeasible:92.5%,unknown:5.0%,error:0.0%,other:0.0% norm_count=117440
2026-09-29 14:31:13 | [QUEUE] | iter=1468 | 队列 | sample_queue=1/4 | weight_queues_pending=4/4
2026-09-29 14:31:14 | [UPDATE] | [learner] iter=1469 transitions=40 completion=0.00% reward=-1.425 | cost=0.879s | lr_actor=2.560e-04 lr_critic=2.560e-04 | wv=1463 stale=6 ck=ok| obj=inf completion=0.00% finite_obj=0.0% no_solution=100.0% collision=0.0% spectrum=35.0% action_range=[0.000,1.000] solver_status=optimal:0.0%,infeasible:80.0%,unknown:20.0%,error:0.0%,other:0.0% norm_count=117520
2026-09-29 14:31:14 | [QUEUE] | iter=1469 | 队列 | sample_queue=0/4 | weight_queues_pending=4/4
2026-09-29 14:31:19 | [UPDATE] | [learner] iter=1470 transitions=40 completion=0.00% reward=-1.150 | cost=1.047s | lr_actor=2.559e-04 lr_critic=2.559e-04 | wv=1465 stale=5 ck=ok| obj=inf completion=0.00% finite_obj=0.0% no_solution=100.0% collision=0.0% spectrum=15.0% action_range=[0.000,1.000] solver_status=optimal:0.0%,infeasible:90.0%,unknown:10.0%,error:0.0%,other:0.0% norm_count=117600
2026-09-29 14:31:19 | [QUEUE] | iter=1470 | 队列 | sample_queue=0/4 | weight_queues_pending=4/4
2026-09-29 14:31:25 | [UPDATE] | [learner] iter=1471 transitions=40 completion=0.00% reward=-1.225 | cost=0.888s | lr_actor=2.559e-04 lr_critic=2.559e-04 | wv=1466 stale=5 ck=ok| obj=inf completion=0.00% finite_obj=0.0% no_solution=100.0% collision=0.0% spectrum=22.5% action_range=[0.000,0.999] solver_status=optimal:0.0%,infeasible:92.5%,unknown:7.5%,error:0.0%,other:0.0% norm_count=117680
2026-09-29 14:31:25 | [QUEUE] | iter=1471 | 队列 | sample_queue=0/4 | weight_queues_pending=4/4
2026-09-29 14:31:26 | [UPDATE] | [learner] iter=1472 transitions=40 completion=0.00% reward=-1.426 | cost=0.915s | lr_actor=2.559e-04 lr_critic=2.559e-04 | wv=1467 stale=5 ck=ok| obj=inf completion=0.00% finite_obj=2.5% no_solution=97.5% collision=0.0% spectrum=37.5% action_range=[0.001,1.000] solver_status=optimal:2.5%,infeasible:90.0%,unknown:7.5%,error:0.0%,other:0.0% norm_count=117760
2026-09-29 14:31:26 | [QUEUE] | iter=1472 | 队列 | sample_queue=1/4 | weight_queues_pending=4/4
2026-09-29 14:31:27 | [UPDATE] | [learner] iter=1473 transitions=40 completion=2.50% reward=-1.329 | cost=0.850s | lr_actor=2.558e-04 lr_critic=2.558e-04 | wv=1466 stale=7 ck=ok| obj=inf completion=2.50% finite_obj=2.5% no_solution=97.5% collision=0.0% spectrum=35.0% action_range=[0.000,0.999] solver_status=optimal:2.5%,infeasible:90.0%,unknown:7.5%,error:0.0%,other:0.0% norm_count=117840
2026-09-29 14:31:27 | [QUEUE] | iter=1473 | 队列 | sample_queue=0/4 | weight_queues_pending=4/4
2026-09-29 14:31:32 | [UPDATE] | [learner] iter=1474 transitions=40 completion=0.00% reward=-1.350 | cost=0.834s | lr_actor=2.558e-04 lr_critic=2.558e-04 | wv=1469 stale=5 ck=ok| obj=inf completion=0.00% finite_obj=0.0% no_solution=100.0% collision=0.0% spectrum=35.0% action_range=[0.001,1.000] solver_status=optimal:0.0%,infeasible:90.0%,unknown:10.0%,error:0.0%,other:0.0% norm_count=117920
2026-09-29 14:31:32 | [QUEUE] | iter=1474 | 队列 | sample_queue=0/4 | weight_queues_pending=4/4
2026-09-29 14:31:39 | [UPDATE] | [learner] iter=1475 transitions=40 completion=0.00% reward=-1.250 | cost=0.892s | lr_actor=2.558e-04 lr_critic=2.558e-04 | wv=1470 stale=5 ck=ok| obj=inf completion=0.00% finite_obj=0.0% no_solution=100.0% collision=0.0% spectrum=25.0% action_range=[0.001,1.000] solver_status=optimal:0.0%,infeasible:92.5%,unknown:7.5%,error:0.0%,other:0.0% norm_count=118000
2026-09-29 14:31:39 | [QUEUE] | iter=1475 | 队列 | sample_queue=1/4 | weight_queues_pending=4/4
2026-09-29 14:31:40 | [UPDATE] | [learner] iter=1476 transitions=40 completion=0.00% reward=-1.275 | cost=1.060s | lr_actor=2.558e-04 lr_critic=2.558e-04 | wv=1471 stale=5 ck=ok| obj=inf completion=0.00% finite_obj=0.0% no_solution=100.0% collision=0.0% spectrum=27.5% action_range=[0.000,1.000] solver_status=optimal:0.0%,infeasible:95.0%,unknown:5.0%,error:0.0%,other:0.0% norm_count=118080
2026-09-29 14:31:40 | [QUEUE] | iter=1476 | 队列 | sample_queue=1/4 | weight_queues_pending=4/4
2026-09-29 14:31:41 | [UPDATE] | [learner] iter=1477 transitions=40 completion=0.00% reward=-1.275 | cost=1.125s | lr_actor=2.557e-04 lr_critic=2.557e-04 | wv=1471 stale=6 ck=ok| obj=inf completion=0.00% finite_obj=0.0% no_solution=100.0% collision=0.0% spectrum=22.5% action_range=[0.000,0.998] solver_status=optimal:0.0%,infeasible:95.0%,unknown:5.0%,error:0.0%,other:0.0% norm_count=118160
2026-09-29 14:31:41 | [QUEUE] | iter=1477 | 队列 | sample_queue=0/4 | weight_queues_pending=4/4
2026-09-29 14:31:48 | [UPDATE] | [learner] iter=1478 transitions=40 completion=0.00% reward=-1.275 | cost=2.236s | lr_actor=2.557e-04 lr_critic=2.557e-04 | wv=1473 stale=5 ck=ok| obj=inf completion=0.00% finite_obj=0.0% no_solution=100.0% collision=0.0% spectrum=25.0% action_range=[0.000,1.000] solver_status=optimal:0.0%,infeasible:87.5%,unknown:12.5%,error:0.0%,other:0.0% norm_count=118240
2026-09-29 14:31:48 | [QUEUE] | iter=1478 | 队列 | sample_queue=0/4 | weight_queues_pending=4/4
2026-09-29 14:31:54 | [UPDATE] | [learner] iter=1479 transitions=40 completion=0.00% reward=-1.275 | cost=1.028s | lr_actor=2.557e-04 lr_critic=2.557e-04 | wv=1474 stale=5 ck=ok| obj=inf completion=0.00% finite_obj=0.0% no_solution=100.0% collision=0.0% spectrum=27.5% action_range=[0.000,1.000] solver_status=optimal:0.0%,infeasible:90.0%,unknown:10.0%,error:0.0%,other:0.0% norm_count=118320
2026-09-29 14:31:54 | [QUEUE] | iter=1479 | 队列 | sample_queue=1/4 | weight_queues_pending=4/4
2026-09-29 14:31:56 | [UPDATE] | [learner] iter=1480 transitions=40 completion=2.50% reward=-1.227 | cost=1.627s | lr_actor=2.556e-04 lr_critic=2.556e-04 | wv=1474 stale=6 ck=ok| obj=inf completion=2.50% finite_obj=2.5% no_solution=97.5% collision=0.0% spectrum=25.0% action_range=[0.000,1.000] solver_status=optimal:2.5%,infeasible:90.0%,unknown:7.5%,error:0.0%,other:0.0% norm_count=118400
2026-09-29 14:31:56 | [QUEUE] | iter=1480 | 队列 | sample_queue=1/4 | weight_queues_pending=4/4
2026-09-29 14:31:57 | [UPDATE] | [learner] iter=1481 transitions=40 completion=0.00% reward=-1.400 | cost=1.157s | lr_actor=2.556e-04 lr_critic=2.556e-04 | wv=1475 stale=6 ck=ok| obj=inf completion=0.00% finite_obj=0.0% no_solution=100.0% collision=0.0% spectrum=37.5% action_range=[0.001,1.000] solver_status=optimal:0.0%,infeasible:97.5%,unknown:2.5%,error:0.0%,other:0.0% norm_count=118480
2026-09-29 14:31:57 | [QUEUE] | iter=1481 | 队列 | sample_queue=0/4 | weight_queues_pending=4/4
2026-09-29 14:32:01 | [UPDATE] | [learner] iter=1482 transitions=40 completion=2.50% reward=-1.227 | cost=1.370s | lr_actor=2.556e-04 lr_critic=2.556e-04 | wv=1477 stale=5 ck=ok| obj=inf completion=2.50% finite_obj=2.5% no_solution=97.5% collision=0.0% spectrum=25.0% action_range=[0.001,1.000] solver_status=optimal:2.5%,infeasible:92.5%,unknown:5.0%,error:0.0%,other:0.0% norm_count=118560
2026-09-29 14:32:01 | [QUEUE] | iter=1482 | 队列 | sample_queue=0/4 | weight_queues_pending=4/4
2026-09-29 14:32:09 | [UPDATE] | [learner] iter=1483 transitions=40 completion=0.00% reward=-1.225 | cost=1.115s | lr_actor=2.555e-04 lr_critic=2.555e-04 | wv=1478 stale=5 ck=ok| obj=inf completion=0.00% finite_obj=0.0% no_solution=100.0% collision=0.0% spectrum=22.5% action_range=[0.000,1.000] solver_status=optimal:0.0%,infeasible:90.0%,unknown:10.0%,error:0.0%,other:0.0% norm_count=118640
2026-09-29 14:32:09 | [QUEUE] | iter=1483 | 队列 | sample_queue=1/4 | weight_queues_pending=4/4
2026-09-29 14:32:10 | [UPDATE] | [learner] iter=1484 transitions=40 completion=0.00% reward=-1.275 | cost=0.894s | lr_actor=2.555e-04 lr_critic=2.555e-04 | wv=1478 stale=6 ck=ok| obj=inf completion=0.00% finite_obj=0.0% no_solution=100.0% collision=0.0% spectrum=25.0% action_range=[0.000,1.000] solver_status=optimal:0.0%,infeasible:92.5%,unknown:7.5%,error:0.0%,other:0.0% norm_count=118720
2026-09-29 14:32:10 | [QUEUE] | iter=1484 | 队列 | sample_queue=0/4 | weight_queues_pending=4/4
2026-09-29 14:32:12 | [UPDATE] | [learner] iter=1485 transitions=40 completion=0.00% reward=-1.375 | cost=1.408s | lr_actor=2.555e-04 lr_critic=2.555e-04 | wv=1479 stale=6 ck=ok| obj=inf completion=0.00% finite_obj=0.0% no_solution=100.0% collision=0.0% spectrum=35.0% action_range=[0.000,1.000] solver_status=optimal:0.0%,infeasible:95.0%,unknown:5.0%,error:0.0%,other:0.0% norm_count=118800
2026-09-29 14:32:12 | [QUEUE] | iter=1485 | 队列 | sample_queue=0/4 | weight_queues_pending=4/4
2026-09-29 14:32:16 | [UPDATE] | [learner] iter=1486 transitions=40 completion=0.00% reward=-1.325 | cost=1.086s | lr_actor=2.555e-04 lr_critic=2.555e-04 | wv=1481 stale=5 ck=ok| obj=inf completion=0.00% finite_obj=0.0% no_solution=100.0% collision=0.0% spectrum=30.0% action_range=[0.000,0.999] solver_status=optimal:0.0%,infeasible:95.0%,unknown:5.0%,error:0.0%,other:0.0% norm_count=118880
2026-09-29 14:32:16 | [QUEUE] | iter=1486 | 队列 | sample_queue=0/4 | weight_queues_pending=4/4
2026-09-29 14:32:24 | [UPDATE] | [learner] iter=1487 transitions=40 completion=0.00% reward=-1.300 | cost=1.295s | lr_actor=2.554e-04 lr_critic=2.554e-04 | wv=1482 stale=5 ck=ok| obj=inf completion=0.00% finite_obj=0.0% no_solution=100.0% collision=0.0% spectrum=25.0% action_range=[0.000,1.000] solver_status=optimal:0.0%,infeasible:92.5%,unknown:7.5%,error:0.0%,other:0.0% norm_count=118960
2026-09-29 14:32:24 | [QUEUE] | iter=1487 | 队列 | sample_queue=0/4 | weight_queues_pending=4/4
2026-09-29 14:32:26 | [UPDATE] | [learner] iter=1488 transitions=40 completion=0.00% reward=-1.425 | cost=0.959s | lr_actor=2.554e-04 lr_critic=2.554e-04 | wv=1482 stale=6 ck=ok| obj=inf completion=0.00% finite_obj=0.0% no_solution=100.0% collision=0.0% spectrum=40.0% action_range=[0.001,1.000] solver_status=optimal:0.0%,infeasible:90.0%,unknown:10.0%,error:0.0%,other:0.0% norm_count=119040
2026-09-29 14:32:26 | [QUEUE] | iter=1488 | 队列 | sample_queue=0/4 | weight_queues_pending=4/4
2026-09-29 14:32:27 | [UPDATE] | [learner] iter=1489 transitions=40 completion=0.00% reward=-1.175 | cost=1.153s | lr_actor=2.554e-04 lr_critic=2.554e-04 | wv=1484 stale=5 ck=ok| obj=inf completion=0.00% finite_obj=0.0% no_solution=100.0% collision=0.0% spectrum=17.5% action_range=[0.000,1.000] solver_status=optimal:0.0%,infeasible:92.5%,unknown:7.5%,error:0.0%,other:0.0% norm_count=119120
2026-09-29 14:32:27 | [QUEUE] | iter=1489 | 队列 | sample_queue=0/4 | weight_queues_pending=4/4
2026-09-29 14:32:29 | [UPDATE] | [learner] iter=1490 transitions=40 completion=0.00% reward=-1.250 | cost=1.042s | lr_actor=2.553e-04 lr_critic=2.553e-04 | wv=1485 stale=5 ck=ok| obj=inf completion=0.00% finite_obj=0.0% no_solution=100.0% collision=0.0% spectrum=25.0% action_range=[0.000,0.999] solver_status=optimal:0.0%,infeasible:95.0%,unknown:5.0%,error:0.0%,other:0.0% norm_count=119200
2026-09-29 14:32:29 | [QUEUE] | iter=1490 | 队列 | sample_queue=0/4 | weight_queues_pending=4/4
2026-09-29 14:32:37 | [UPDATE] | [learner] iter=1491 transitions=40 completion=0.00% reward=-1.251 | cost=0.902s | lr_actor=2.553e-04 lr_critic=2.553e-04 | wv=1486 stale=5 ck=ok| obj=inf completion=0.00% finite_obj=2.5% no_solution=97.5% collision=0.0% spectrum=30.0% action_range=[0.000,1.000] solver_status=optimal:2.5%,infeasible:92.5%,unknown:5.0%,error:0.0%,other:0.0% norm_count=119280
2026-09-29 14:32:37 | [QUEUE] | iter=1491 | 队列 | sample_queue=0/4 | weight_queues_pending=4/4
2026-09-29 14:32:41 | [UPDATE] | [learner] iter=1492 transitions=40 completion=0.00% reward=-1.225 | cost=1.044s | lr_actor=2.553e-04 lr_critic=2.553e-04 | wv=1488 stale=4 ck=ok| obj=inf completion=0.00% finite_obj=0.0% no_solution=100.0% collision=0.0% spectrum=22.5% action_range=[0.001,0.998] solver_status=optimal:0.0%,infeasible:90.0%,unknown:10.0%,error:0.0%,other:0.0% norm_count=119360
2026-09-29 14:32:41 | [QUEUE] | iter=1492 | 队列 | sample_queue=1/4 | weight_queues_pending=4/4
2026-09-29 14:32:42 | [UPDATE] | [learner] iter=1493 transitions=40 completion=2.50% reward=-1.204 | cost=0.980s | lr_actor=2.552e-04 lr_critic=2.552e-04 | wv=1487 stale=6 ck=ok| obj=inf completion=2.50% finite_obj=2.5% no_solution=97.5% collision=0.0% spectrum=25.0% action_range=[0.000,0.999] solver_status=optimal:2.5%,infeasible:85.0%,unknown:12.5%,error:0.0%,other:0.0% norm_count=119440
2026-09-29 14:32:42 | [QUEUE] | iter=1493 | 队列 | sample_queue=0/4 | weight_queues_pending=4/4
2026-09-29 14:32:43 | [UPDATE] | [learner] iter=1494 transitions=40 completion=0.00% reward=-1.300 | cost=1.000s | lr_actor=2.552e-04 lr_critic=2.552e-04 | wv=1489 stale=5 ck=ok| obj=inf completion=0.00% finite_obj=0.0% no_solution=100.0% collision=0.0% spectrum=30.0% action_range=[0.000,0.999] solver_status=optimal:0.0%,infeasible:90.0%,unknown:10.0%,error:0.0%,other:0.0% norm_count=119520
2026-09-29 14:32:43 | [QUEUE] | iter=1494 | 队列 | sample_queue=0/4 | weight_queues_pending=4/4
2026-09-29 14:32:52 | [UPDATE] | [learner] iter=1495 transitions=40 completion=2.50% reward=-1.153 | cost=1.188s | lr_actor=2.552e-04 lr_critic=2.552e-04 | wv=1490 stale=5 ck=ok| obj=inf completion=2.50% finite_obj=2.5% no_solution=97.5% collision=0.0% spectrum=20.0% action_range=[0.000,1.000] solver_status=optimal:2.5%,infeasible:90.0%,unknown:7.5%,error:0.0%,other:0.0% norm_count=119600
2026-09-29 14:32:52 | [QUEUE] | iter=1495 | 队列 | sample_queue=0/4 | weight_queues_pending=4/4
2026-09-29 14:32:55 | [UPDATE] | [learner] iter=1496 transitions=40 completion=2.50% reward=-1.352 | cost=1.199s | lr_actor=2.551e-04 lr_critic=2.551e-04 | wv=1491 stale=5 ck=ok| obj=inf completion=2.50% finite_obj=2.5% no_solution=97.5% collision=0.0% spectrum=35.0% action_range=[0.000,1.000] solver_status=optimal:2.5%,infeasible:90.0%,unknown:7.5%,error:0.0%,other:0.0% norm_count=119680
2026-09-29 14:32:55 | [QUEUE] | iter=1496 | 队列 | sample_queue=1/4 | weight_queues_pending=4/4
2026-09-29 14:32:56 | [UPDATE] | [learner] iter=1497 transitions=40 completion=0.00% reward=-1.325 | cost=1.135s | lr_actor=2.551e-04 lr_critic=2.551e-04 | wv=1491 stale=6 ck=ok| obj=inf completion=0.00% finite_obj=0.0% no_solution=100.0% collision=0.0% spectrum=30.0% action_range=[0.000,1.000] solver_status=optimal:0.0%,infeasible:82.5%,unknown:17.5%,error:0.0%,other:0.0% norm_count=119760
2026-09-29 14:32:56 | [QUEUE] | iter=1497 | 队列 | sample_queue=0/4 | weight_queues_pending=4/4
2026-09-29 14:32:58 | [UPDATE] | [learner] iter=1498 transitions=40 completion=2.50% reward=-1.278 | cost=1.150s | lr_actor=2.551e-04 lr_critic=2.551e-04 | wv=1493 stale=5 ck=ok| obj=inf completion=2.50% finite_obj=2.5% no_solution=97.5% collision=0.0% spectrum=30.0% action_range=[0.001,0.999] solver_status=optimal:2.5%,infeasible:87.5%,unknown:10.0%,error:0.0%,other:0.0% norm_count=119840
2026-09-29 14:32:58 | [QUEUE] | iter=1498 | 队列 | sample_queue=0/4 | weight_queues_pending=4/4
2026-09-29 14:33:06 | [UPDATE] | [learner] iter=1499 transitions=40 completion=0.00% reward=-1.425 | cost=1.057s | lr_actor=2.551e-04 lr_critic=2.551e-04 | wv=1494 stale=5 ck=ok| obj=inf completion=0.00% finite_obj=0.0% no_solution=100.0% collision=0.0% spectrum=40.0% action_range=[0.001,1.000] solver_status=optimal:0.0%,infeasible:92.5%,unknown:7.5%,error:0.0%,other:0.0% norm_count=119920
2026-09-29 14:33:06 | [QUEUE] | iter=1499 | 队列 | sample_queue=0/4 | weight_queues_pending=4/4
2026-09-29 14:33:08 | [UPDATE] | [learner] iter=1500 transitions=40 completion=2.50% reward=-1.079 | cost=0.857s | lr_actor=2.550e-04 lr_critic=2.550e-04 | wv=1495 stale=5 ck=ok| obj=inf completion=2.50% finite_obj=5.0% no_solution=95.0% collision=0.0% spectrum=17.5% action_range=[0.000,1.000] solver_status=optimal:5.0%,infeasible:95.0%,unknown:0.0%,error:0.0%,other:0.0% norm_count=120000
2026-09-29 14:33:08 | [QUEUE] | iter=1500 | 队列 | sample_queue=0/4 | weight_queues_pending=4/4
2026-09-29 14:33:11 | [UPDATE] | [learner] iter=1501 transitions=40 completion=0.00% reward=-1.300 | cost=1.521s | lr_actor=2.550e-04 lr_critic=2.550e-04 | wv=1495 stale=6 ck=ok| obj=inf completion=0.00% finite_obj=0.0% no_solution=100.0% collision=0.0% spectrum=30.0% action_range=[0.000,1.000] solver_status=optimal:0.0%,infeasible:92.5%,unknown:7.5%,error:0.0%,other:0.0% norm_count=120080
2026-09-29 14:33:11 | [QUEUE] | iter=1501 | 队列 | sample_queue=0/4 | weight_queues_pending=4/4
2026-09-29 14:33:12 | [UPDATE] | [learner] iter=1502 transitions=40 completion=0.00% reward=-1.325 | cost=1.302s | lr_actor=2.550e-04 lr_critic=2.550e-04 | wv=1497 stale=5 ck=ok| obj=inf completion=0.00% finite_obj=0.0% no_solution=100.0% collision=0.0% spectrum=32.5% action_range=[0.000,1.000] solver_status=optimal:0.0%,infeasible:97.5%,unknown:2.5%,error:0.0%,other:0.0% norm_count=120160
2026-09-29 14:33:12 | [QUEUE] | iter=1502 | 队列 | sample_queue=0/4 | weight_queues_pending=4/4
2026-09-29 14:33:20 | [UPDATE] | [learner] iter=1503 transitions=40 completion=0.00% reward=-1.326 | cost=0.912s | lr_actor=2.549e-04 lr_critic=2.549e-04 | wv=1498 stale=5 ck=ok| obj=inf completion=0.00% finite_obj=2.5% no_solution=97.5% collision=0.0% spectrum=37.5% action_range=[0.000,0.999] solver_status=optimal:2.5%,infeasible:87.5%,unknown:10.0%,error:0.0%,other:0.0% norm_count=120240
2026-09-29 14:33:20 | [QUEUE] | iter=1503 | 队列 | sample_queue=0/4 | weight_queues_pending=4/4
2026-09-29 14:33:23 | [UPDATE] | [learner] iter=1504 transitions=40 completion=0.00% reward=-1.325 | cost=1.042s | lr_actor=2.549e-04 lr_critic=2.549e-04 | wv=1499 stale=5 ck=ok| obj=inf completion=0.00% finite_obj=0.0% no_solution=100.0% collision=0.0% spectrum=27.5% action_range=[0.000,1.000] solver_status=optimal:0.0%,infeasible:90.0%,unknown:10.0%,error:0.0%,other:0.0% norm_count=120320
2026-09-29 14:33:23 | [QUEUE] | iter=1504 | 队列 | sample_queue=0/4 | weight_queues_pending=4/4
2026-09-29 14:33:25 | [UPDATE] | [learner] iter=1505 transitions=40 completion=0.00% reward=-1.250 | cost=0.939s | lr_actor=2.549e-04 lr_critic=2.549e-04 | wv=1500 stale=5 ck=ok| obj=inf completion=0.00% finite_obj=0.0% no_solution=100.0% collision=0.0% spectrum=25.0% action_range=[0.001,1.000] solver_status=optimal:0.0%,infeasible:92.5%,unknown:7.5%,error:0.0%,other:0.0% norm_count=120400
2026-09-29 14:33:25 | [QUEUE] | iter=1505 | 队列 | sample_queue=1/4 | weight_queues_pending=4/4
2026-09-29 14:33:26 | [UPDATE] | [learner] iter=1506 transitions=40 completion=0.00% reward=-1.150 | cost=0.883s | lr_actor=2.548e-04 lr_critic=2.548e-04 | wv=1501 stale=5 ck=ok| obj=inf completion=0.00% finite_obj=0.0% no_solution=100.0% collision=0.0% spectrum=15.0% action_range=[0.000,0.999] solver_status=optimal:0.0%,infeasible:92.5%,unknown:7.5%,error:0.0%,other:0.0% norm_count=120480
2026-09-29 14:33:26 | [QUEUE] | iter=1506 | 队列 | sample_queue=0/4 | weight_queues_pending=4/4
2026-09-29 14:33:35 | [UPDATE] | [learner] iter=1507 transitions=40 completion=0.00% reward=-1.275 | cost=1.135s | lr_actor=2.548e-04 lr_critic=2.548e-04 | wv=1502 stale=5 ck=ok| obj=inf completion=0.00% finite_obj=0.0% no_solution=100.0% collision=0.0% spectrum=27.5% action_range=[0.000,1.000] solver_status=optimal:0.0%,infeasible:100.0%,unknown:0.0%,error:0.0%,other:0.0% norm_count=120560
2026-09-29 14:33:35 | [QUEUE] | iter=1507 | 队列 | sample_queue=0/4 | weight_queues_pending=4/4
2026-09-29 14:33:37 | [UPDATE] | [learner] iter=1508 transitions=40 completion=2.50% reward=-1.156 | cost=0.908s | lr_actor=2.548e-04 lr_critic=2.548e-04 | wv=1503 stale=5 ck=ok| obj=inf completion=2.50% finite_obj=5.0% no_solution=95.0% collision=0.0% spectrum=25.0% action_range=[0.000,1.000] solver_status=optimal:5.0%,infeasible:85.0%,unknown:10.0%,error:0.0%,other:0.0% norm_count=120640
2026-09-29 14:33:37 | [QUEUE] | iter=1508 | 队列 | sample_queue=2/4 | weight_queues_pending=4/4
2026-09-29 14:33:38 | [UPDATE] | [learner] iter=1509 transitions=40 completion=0.00% reward=-1.300 | cost=1.032s | lr_actor=2.548e-04 lr_critic=2.548e-04 | wv=1504 stale=5 ck=ok| obj=inf completion=0.00% finite_obj=0.0% no_solution=100.0% collision=0.0% spectrum=30.0% action_range=[0.001,1.000] solver_status=optimal:0.0%,infeasible:92.5%,unknown:7.5%,error:0.0%,other:0.0% norm_count=120720
2026-09-29 14:33:38 | [QUEUE] | iter=1509 | 队列 | sample_queue=1/4 | weight_queues_pending=4/4
2026-09-29 14:33:40 | [UPDATE] | [learner] iter=1510 transitions=40 completion=0.00% reward=-1.350 | cost=1.063s | lr_actor=2.547e-04 lr_critic=2.547e-04 | wv=1504 stale=6 ck=ok| obj=inf completion=0.00% finite_obj=0.0% no_solution=100.0% collision=0.0% spectrum=32.5% action_range=[0.000,0.999] solver_status=optimal:0.0%,infeasible:90.0%,unknown:10.0%,error:0.0%,other:0.0% norm_count=120800
2026-09-29 14:33:40 | [QUEUE] | iter=1510 | 队列 | sample_queue=0/4 | weight_queues_pending=4/4
2026-09-29 14:33:48 | [UPDATE] | [learner] iter=1511 transitions=40 completion=0.00% reward=-1.475 | cost=1.020s | lr_actor=2.547e-04 lr_critic=2.547e-04 | wv=1506 stale=5 ck=ok| obj=inf completion=0.00% finite_obj=0.0% no_solution=100.0% collision=0.0% spectrum=42.5% action_range=[0.000,1.000] solver_status=optimal:0.0%,infeasible:90.0%,unknown:10.0%,error:0.0%,other:0.0% norm_count=120880
2026-09-29 14:33:48 | [QUEUE] | iter=1511 | 队列 | sample_queue=0/4 | weight_queues_pending=4/4
2026-09-29 14:33:50 | [UPDATE] | [learner] iter=1512 transitions=40 completion=0.00% reward=-1.350 | cost=1.096s | lr_actor=2.547e-04 lr_critic=2.547e-04 | wv=1507 stale=5 ck=ok| obj=inf completion=0.00% finite_obj=0.0% no_solution=100.0% collision=0.0% spectrum=27.5% action_range=[0.000,0.999] solver_status=optimal:0.0%,infeasible:95.0%,unknown:5.0%,error:0.0%,other:0.0% norm_count=120960
2026-09-29 14:33:50 | [QUEUE] | iter=1512 | 队列 | sample_queue=2/4 | weight_queues_pending=4/4
2026-09-29 14:33:52 | [UPDATE] | [learner] iter=1513 transitions=40 completion=0.00% reward=-1.225 | cost=1.195s | lr_actor=2.546e-04 lr_critic=2.546e-04 | wv=1507 stale=6 ck=ok| obj=inf completion=0.00% finite_obj=0.0% no_solution=100.0% collision=0.0% spectrum=17.5% action_range=[0.000,1.000] solver_status=optimal:0.0%,infeasible:87.5%,unknown:12.5%,error:0.0%,other:0.0% norm_count=121040
2026-09-29 14:33:52 | [QUEUE] | iter=1513 | 队列 | sample_queue=1/4 | weight_queues_pending=4/4
2026-09-29 14:33:53 | [UPDATE] | [learner] iter=1514 transitions=40 completion=0.00% reward=-1.550 | cost=1.514s | lr_actor=2.546e-04 lr_critic=2.546e-04 | wv=1507 stale=7 ck=ok| obj=inf completion=0.00% finite_obj=0.0% no_solution=100.0% collision=0.0% spectrum=52.5% action_range=[0.000,1.000] solver_status=optimal:0.0%,infeasible:92.5%,unknown:7.5%,error:0.0%,other:0.0% norm_count=121120
2026-09-29 14:33:53 | [QUEUE] | iter=1514 | 队列 | sample_queue=0/4 | weight_queues_pending=4/4
2026-09-29 14:34:03 | [UPDATE] | [learner] iter=1515 transitions=40 completion=0.00% reward=-1.375 | cost=1.184s | lr_actor=2.546e-04 lr_critic=2.546e-04 | wv=1510 stale=5 ck=ok| obj=inf completion=0.00% finite_obj=0.0% no_solution=100.0% collision=0.0% spectrum=37.5% action_range=[0.000,1.000] solver_status=optimal:0.0%,infeasible:90.0%,unknown:10.0%,error:0.0%,other:0.0% norm_count=121200
2026-09-29 14:34:03 | [QUEUE] | iter=1515 | 队列 | sample_queue=0/4 | weight_queues_pending=4/4
2026-09-29 14:34:05 | [UPDATE] | [learner] iter=1516 transitions=40 completion=0.00% reward=-1.300 | cost=1.060s | lr_actor=2.545e-04 lr_critic=2.545e-04 | wv=1511 stale=5 ck=ok| obj=inf completion=0.00% finite_obj=0.0% no_solution=100.0% collision=0.0% spectrum=30.0% action_range=[0.001,1.000] solver_status=optimal:0.0%,infeasible:97.5%,unknown:2.5%,error:0.0%,other:0.0% norm_count=121280
2026-09-29 14:34:05 | [QUEUE] | iter=1516 | 队列 | sample_queue=1/4 | weight_queues_pending=4/4
2026-09-29 14:34:06 | [UPDATE] | [learner] iter=1517 transitions=40 completion=0.00% reward=-1.425 | cost=0.907s | lr_actor=2.545e-04 lr_critic=2.545e-04 | wv=1511 stale=6 ck=ok| obj=inf completion=0.00% finite_obj=0.0% no_solution=100.0% collision=0.0% spectrum=42.5% action_range=[0.000,1.000] solver_status=optimal:0.0%,infeasible:85.0%,unknown:15.0%,error:0.0%,other:0.0% norm_count=121360
2026-09-29 14:34:06 | [QUEUE] | iter=1517 | 队列 | sample_queue=0/4 | weight_queues_pending=4/4
2026-09-29 14:34:07 | [UPDATE] | [learner] iter=1518 transitions=40 completion=0.00% reward=-1.350 | cost=0.971s | lr_actor=2.545e-04 lr_critic=2.545e-04 | wv=1511 stale=7 ck=ok| obj=inf completion=0.00% finite_obj=0.0% no_solution=100.0% collision=0.0% spectrum=35.0% action_range=[0.000,1.000] solver_status=optimal:0.0%,infeasible:87.5%,unknown:12.5%,error:0.0%,other:0.0% norm_count=121440
2026-09-29 14:34:07 | [QUEUE] | iter=1518 | 队列 | sample_queue=0/4 | weight_queues_pending=4/4
2026-09-29 14:34:17 | [UPDATE] | [learner] iter=1519 transitions=40 completion=0.00% reward=-1.300 | cost=1.085s | lr_actor=2.545e-04 lr_critic=2.545e-04 | wv=1514 stale=5 ck=ok| obj=inf completion=0.00% finite_obj=0.0% no_solution=100.0% collision=0.0% spectrum=30.0% action_range=[0.000,0.999] solver_status=optimal:0.0%,infeasible:87.5%,unknown:12.5%,error:0.0%,other:0.0% norm_count=121520
2026-09-29 14:34:17 | [QUEUE] | iter=1519 | 队列 | sample_queue=1/4 | weight_queues_pending=4/4
2026-09-29 14:34:18 | [UPDATE] | [learner] iter=1520 transitions=40 completion=0.00% reward=-1.450 | cost=1.085s | lr_actor=2.544e-04 lr_critic=2.544e-04 | wv=1515 stale=5 ck=ok| obj=inf completion=0.00% finite_obj=0.0% no_solution=100.0% collision=0.0% spectrum=45.0% action_range=[0.002,1.000] solver_status=optimal:0.0%,infeasible:90.0%,unknown:10.0%,error:0.0%,other:0.0% norm_count=121600
2026-09-29 14:34:18 | [QUEUE] | iter=1520 | 队列 | sample_queue=1/4 | weight_queues_pending=4/4
2026-09-29 14:34:19 | [UPDATE] | [learner] iter=1521 transitions=40 completion=0.00% reward=-1.350 | cost=1.043s | lr_actor=2.544e-04 lr_critic=2.544e-04 | wv=1515 stale=6 ck=ok| obj=inf completion=0.00% finite_obj=0.0% no_solution=100.0% collision=0.0% spectrum=30.0% action_range=[0.001,1.000] solver_status=optimal:0.0%,infeasible:90.0%,unknown:10.0%,error:0.0%,other:0.0% norm_count=121680
2026-09-29 14:34:19 | [QUEUE] | iter=1521 | 队列 | sample_queue=1/4 | weight_queues_pending=4/4
2026-09-29 14:34:20 | [UPDATE] | [learner] iter=1522 transitions=40 completion=0.00% reward=-1.200 | cost=1.141s | lr_actor=2.544e-04 lr_critic=2.544e-04 | wv=1517 stale=5 ck=ok| obj=inf completion=0.00% finite_obj=0.0% no_solution=100.0% collision=0.0% spectrum=20.0% action_range=[0.000,0.998] solver_status=optimal:0.0%,infeasible:92.5%,unknown:7.5%,error:0.0%,other:0.0% norm_count=121760
2026-09-29 14:34:20 | [QUEUE] | iter=1522 | 队列 | sample_queue=0/4 | weight_queues_pending=4/4
2026-09-29 14:34:31 | [UPDATE] | [learner] iter=1523 transitions=40 completion=0.00% reward=-1.275 | cost=1.441s | lr_actor=2.543e-04 lr_critic=2.543e-04 | wv=1518 stale=5 ck=ok| obj=inf completion=0.00% finite_obj=0.0% no_solution=100.0% collision=0.0% spectrum=27.5% action_range=[0.000,1.000] solver_status=optimal:0.0%,infeasible:90.0%,unknown:10.0%,error:0.0%,other:0.0% norm_count=121840
2026-09-29 14:34:31 | [QUEUE] | iter=1523 | 队列 | sample_queue=2/4 | weight_queues_pending=4/4
2026-09-29 14:34:32 | [UPDATE] | [learner] iter=1524 transitions=40 completion=0.00% reward=-1.425 | cost=0.928s | lr_actor=2.543e-04 lr_critic=2.543e-04 | wv=1519 stale=5 ck=ok| obj=inf completion=0.00% finite_obj=0.0% no_solution=100.0% collision=0.0% spectrum=37.5% action_range=[0.000,0.999] solver_status=optimal:0.0%,infeasible:92.5%,unknown:7.5%,error:0.0%,other:0.0% norm_count=121920
2026-09-29 14:34:32 | [QUEUE] | iter=1524 | 队列 | sample_queue=1/4 | weight_queues_pending=4/4
2026-09-29 14:34:33 | [UPDATE] | [learner] iter=1525 transitions=40 completion=0.00% reward=-1.175 | cost=0.876s | lr_actor=2.543e-04 lr_critic=2.543e-04 | wv=1518 stale=7 ck=ok| obj=inf completion=0.00% finite_obj=0.0% no_solution=100.0% collision=0.0% spectrum=17.5% action_range=[0.000,1.000] solver_status=optimal:0.0%,infeasible:87.5%,unknown:12.5%,error:0.0%,other:0.0% norm_count=122000
2026-09-29 14:34:33 | [QUEUE] | iter=1525 | 队列 | sample_queue=0/4 | weight_queues_pending=4/4
2026-09-29 14:34:34 | [UPDATE] | [learner] iter=1526 transitions=40 completion=2.50% reward=-1.202 | cost=0.991s | lr_actor=2.542e-04 lr_critic=2.542e-04 | wv=1520 stale=6 ck=ok| obj=inf completion=2.50% finite_obj=2.5% no_solution=97.5% collision=0.0% spectrum=25.0% action_range=[0.000,1.000] solver_status=optimal:2.5%,infeasible:92.5%,unknown:5.0%,error:0.0%,other:0.0% norm_count=122080
2026-09-29 14:34:34 | [QUEUE] | iter=1526 | 队列 | sample_queue=0/4 | weight_queues_pending=4/4
2026-09-29 14:34:43 | [UPDATE] | [learner] iter=1527 transitions=40 completion=0.00% reward=-1.275 | cost=1.013s | lr_actor=2.542e-04 lr_critic=2.542e-04 | wv=1522 stale=5 ck=ok| obj=inf completion=0.00% finite_obj=0.0% no_solution=100.0% collision=0.0% spectrum=27.5% action_range=[0.000,1.000] solver_status=optimal:0.0%,infeasible:95.0%,unknown:5.0%,error:0.0%,other:0.0% norm_count=122160
2026-09-29 14:34:43 | [QUEUE] | iter=1527 | 队列 | sample_queue=0/4 | weight_queues_pending=4/4
2026-09-29 14:34:45 | [UPDATE] | [learner] iter=1528 transitions=40 completion=2.50% reward=-1.228 | cost=0.836s | lr_actor=2.542e-04 lr_critic=2.542e-04 | wv=1522 stale=6 ck=ok| obj=inf completion=2.50% finite_obj=2.5% no_solution=97.5% collision=0.0% spectrum=27.5% action_range=[0.001,1.000] solver_status=optimal:2.5%,infeasible:90.0%,unknown:7.5%,error:0.0%,other:0.0% norm_count=122240
2026-09-29 14:34:45 | [QUEUE] | iter=1528 | 队列 | sample_queue=1/4 | weight_queues_pending=4/4
2026-09-29 14:34:46 | [UPDATE] | [learner] iter=1529 transitions=40 completion=0.00% reward=-1.350 | cost=1.013s | lr_actor=2.542e-04 lr_critic=2.542e-04 | wv=1522 stale=7 ck=ok| obj=inf completion=0.00% finite_obj=0.0% no_solution=100.0% collision=0.0% spectrum=35.0% action_range=[0.000,1.000] solver_status=optimal:0.0%,infeasible:92.5%,unknown:7.5%,error:0.0%,other:0.0% norm_count=122320
2026-09-29 14:34:46 | [QUEUE] | iter=1529 | 队列 | sample_queue=0/4 | weight_queues_pending=4/4
2026-09-29 14:34:49 | [UPDATE] | [learner] iter=1530 transitions=40 completion=2.50% reward=-1.253 | cost=1.020s | lr_actor=2.541e-04 lr_critic=2.541e-04 | wv=1525 stale=5 ck=ok| obj=inf completion=2.50% finite_obj=2.5% no_solution=97.5% collision=0.0% spectrum=30.0% action_range=[0.000,1.000] solver_status=optimal:2.5%,infeasible:95.0%,unknown:2.5%,error:0.0%,other:0.0% norm_count=122400
2026-09-29 14:34:49 | [QUEUE] | iter=1530 | 队列 | sample_queue=0/4 | weight_queues_pending=4/4
2026-09-29 14:34:55 | [UPDATE] | [learner] iter=1531 transitions=40 completion=2.50% reward=-1.283 | cost=0.889s | lr_actor=2.541e-04 lr_critic=2.541e-04 | wv=1526 stale=5 ck=ok| obj=inf completion=2.50% finite_obj=5.0% no_solution=95.0% collision=0.0% spectrum=32.5% action_range=[0.000,0.999] solver_status=optimal:5.0%,infeasible:87.5%,unknown:7.5%,error:0.0%,other:0.0% norm_count=122480
2026-09-29 14:34:55 | [QUEUE] | iter=1531 | 队列 | sample_queue=0/4 | weight_queues_pending=4/4
2026-09-29 14:34:59 | [UPDATE] | [learner] iter=1532 transitions=40 completion=0.00% reward=-1.175 | cost=1.444s | lr_actor=2.541e-04 lr_critic=2.541e-04 | wv=1527 stale=5 ck=ok| obj=inf completion=0.00% finite_obj=0.0% no_solution=100.0% collision=0.0% spectrum=17.5% action_range=[0.000,1.000] solver_status=optimal:0.0%,infeasible:90.0%,unknown:10.0%,error:0.0%,other:0.0% norm_count=122560
2026-09-29 14:34:59 | [QUEUE] | iter=1532 | 队列 | sample_queue=1/4 | weight_queues_pending=4/4
2026-09-29 14:35:00 | [UPDATE] | [learner] iter=1533 transitions=40 completion=0.00% reward=-1.400 | cost=1.309s | lr_actor=2.540e-04 lr_critic=2.540e-04 | wv=1527 stale=6 ck=ok| obj=inf completion=0.00% finite_obj=0.0% no_solution=100.0% collision=0.0% spectrum=37.5% action_range=[0.001,1.000] solver_status=optimal:0.0%,infeasible:92.5%,unknown:7.5%,error:0.0%,other:0.0% norm_count=122640
2026-09-29 14:35:00 | [QUEUE] | iter=1533 | 队列 | sample_queue=0/4 | weight_queues_pending=4/4
2026-09-29 14:35:02 | [UPDATE] | [learner] iter=1534 transitions=40 completion=0.00% reward=-1.300 | cost=1.004s | lr_actor=2.540e-04 lr_critic=2.540e-04 | wv=1529 stale=5 ck=ok| obj=inf completion=0.00% finite_obj=0.0% no_solution=100.0% collision=0.0% spectrum=27.5% action_range=[0.000,1.000] solver_status=optimal:0.0%,infeasible:97.5%,unknown:2.5%,error:0.0%,other:0.0% norm_count=122720
2026-09-29 14:35:02 | [QUEUE] | iter=1534 | 队列 | sample_queue=0/4 | weight_queues_pending=4/4
2026-09-29 14:35:10 | [UPDATE] | [learner] iter=1535 transitions=40 completion=0.00% reward=-1.275 | cost=2.788s | lr_actor=2.540e-04 lr_critic=2.540e-04 | wv=1530 stale=5 ck=ok| obj=inf completion=0.00% finite_obj=0.0% no_solution=100.0% collision=0.0% spectrum=27.5% action_range=[0.001,1.000] solver_status=optimal:0.0%,infeasible:95.0%,unknown:5.0%,error:0.0%,other:0.0% norm_count=122800
2026-09-29 14:35:10 | [QUEUE] | iter=1535 | 队列 | sample_queue=0/4 | weight_queues_pending=4/4
2026-09-29 14:35:16 | [UPDATE] | [learner] iter=1536 transitions=40 completion=0.00% reward=-1.225 | cost=2.484s | lr_actor=2.539e-04 lr_critic=2.539e-04 | wv=1531 stale=5 ck=ok| obj=inf completion=0.00% finite_obj=0.0% no_solution=100.0% collision=0.0% spectrum=20.0% action_range=[0.001,0.999] solver_status=optimal:0.0%,infeasible:85.0%,unknown:15.0%,error:0.0%,other:0.0% norm_count=122880
2026-09-29 14:35:16 | [QUEUE] | iter=1536 | 队列 | sample_queue=1/4 | weight_queues_pending=4/4
2026-09-29 14:35:18 | [UPDATE] | [learner] iter=1537 transitions=40 completion=2.50% reward=-1.226 | cost=1.908s | lr_actor=2.539e-04 lr_critic=2.539e-04 | wv=1531 stale=6 ck=ok| obj=inf completion=2.50% finite_obj=2.5% no_solution=97.5% collision=0.0% spectrum=27.5% action_range=[0.000,1.000] solver_status=optimal:2.5%,infeasible:95.0%,unknown:2.5%,error:0.0%,other:0.0% norm_count=122960
2026-09-29 14:35:18 | [QUEUE] | iter=1537 | 队列 | sample_queue=0/4 | weight_queues_pending=4/4
2026-09-29 14:35:21 | [UPDATE] | [learner] iter=1538 transitions=40 completion=0.00% reward=-1.400 | cost=0.832s | lr_actor=2.539e-04 lr_critic=2.539e-04 | wv=1533 stale=5 ck=ok| obj=inf completion=0.00% finite_obj=0.0% no_solution=100.0% collision=0.0% spectrum=37.5% action_range=[0.001,1.000] solver_status=optimal:0.0%,infeasible:90.0%,unknown:10.0%,error:0.0%,other:0.0% norm_count=123040
2026-09-29 14:35:21 | [QUEUE] | iter=1538 | 队列 | sample_queue=0/4 | weight_queues_pending=4/4
2026-09-29 14:35:25 | [UPDATE] | [learner] iter=1539 transitions=40 completion=0.00% reward=-1.175 | cost=1.074s | lr_actor=2.539e-04 lr_critic=2.539e-04 | wv=1534 stale=5 ck=ok| obj=inf completion=0.00% finite_obj=0.0% no_solution=100.0% collision=0.0% spectrum=17.5% action_range=[0.001,0.999] solver_status=optimal:0.0%,infeasible:92.5%,unknown:7.5%,error:0.0%,other:0.0% norm_count=123120
2026-09-29 14:35:25 | [QUEUE] | iter=1539 | 队列 | sample_queue=0/4 | weight_queues_pending=4/4
2026-09-29 14:35:28 | [UPDATE] | [learner] iter=1540 transitions=40 completion=0.00% reward=-1.525 | cost=1.010s | lr_actor=2.538e-04 lr_critic=2.538e-04 | wv=1535 stale=5 ck=ok| obj=inf completion=0.00% finite_obj=0.0% no_solution=100.0% collision=0.0% spectrum=50.0% action_range=[0.000,1.000] solver_status=optimal:0.0%,infeasible:95.0%,unknown:5.0%,error:0.0%,other:0.0% norm_count=123200
2026-09-29 14:35:28 | [QUEUE] | iter=1540 | 队列 | sample_queue=0/4 | weight_queues_pending=4/4
2026-09-29 14:35:31 | [UPDATE] | [learner] iter=1541 transitions=40 completion=0.00% reward=-1.375 | cost=1.118s | lr_actor=2.538e-04 lr_critic=2.538e-04 | wv=1535 stale=6 ck=ok| obj=inf completion=0.00% finite_obj=0.0% no_solution=100.0% collision=0.0% spectrum=37.5% action_range=[0.000,1.000] solver_status=optimal:0.0%,infeasible:90.0%,unknown:10.0%,error:0.0%,other:0.0% norm_count=123280
2026-09-29 14:35:31 | [QUEUE] | iter=1541 | 队列 | sample_queue=0/4 | weight_queues_pending=4/4
2026-09-29 14:35:37 | [UPDATE] | [learner] iter=1542 transitions=40 completion=0.00% reward=-1.350 | cost=1.567s | lr_actor=2.538e-04 lr_critic=2.538e-04 | wv=1537 stale=5 ck=ok| obj=inf completion=0.00% finite_obj=0.0% no_solution=100.0% collision=0.0% spectrum=35.0% action_range=[0.000,1.000] solver_status=optimal:0.0%,infeasible:95.0%,unknown:5.0%,error:0.0%,other:0.0% norm_count=123360
2026-09-29 14:35:37 | [QUEUE] | iter=1542 | 队列 | sample_queue=0/4 | weight_queues_pending=4/4
2026-09-29 14:35:41 | [UPDATE] | [learner] iter=1543 transitions=40 completion=0.00% reward=-1.375 | cost=1.223s | lr_actor=2.537e-04 lr_critic=2.537e-04 | wv=1538 stale=5 ck=ok| obj=inf completion=0.00% finite_obj=0.0% no_solution=100.0% collision=0.0% spectrum=35.0% action_range=[0.000,1.000] solver_status=optimal:0.0%,infeasible:95.0%,unknown:5.0%,error:0.0%,other:0.0% norm_count=123440
2026-09-29 14:35:41 | [QUEUE] | iter=1543 | 队列 | sample_queue=0/4 | weight_queues_pending=4/4
2026-09-29 14:35:45 | [UPDATE] | [learner] iter=1544 transitions=40 completion=0.00% reward=-1.275 | cost=1.290s | lr_actor=2.537e-04 lr_critic=2.537e-04 | wv=1539 stale=5 ck=ok| obj=inf completion=0.00% finite_obj=0.0% no_solution=100.0% collision=0.0% spectrum=22.5% action_range=[0.001,1.000] solver_status=optimal:0.0%,infeasible:85.0%,unknown:15.0%,error:0.0%,other:0.0% norm_count=123520
2026-09-29 14:35:45 | [QUEUE] | iter=1544 | 队列 | sample_queue=0/4 | weight_queues_pending=4/4
2026-09-29 14:35:49 | [UPDATE] | [learner] iter=1545 transitions=40 completion=0.00% reward=-1.225 | cost=1.216s | lr_actor=2.537e-04 lr_critic=2.537e-04 | wv=1540 stale=5 ck=ok| obj=inf completion=0.00% finite_obj=0.0% no_solution=100.0% collision=0.0% spectrum=22.5% action_range=[0.000,1.000] solver_status=optimal:0.0%,infeasible:87.5%,unknown:12.5%,error:0.0%,other:0.0% norm_count=123600
2026-09-29 14:35:49 | [QUEUE] | iter=1545 | 队列 | sample_queue=0/4 | weight_queues_pending=4/4
2026-09-29 14:35:53 | [UPDATE] | [learner] iter=1546 transitions=40 completion=0.00% reward=-1.425 | cost=1.054s | lr_actor=2.537e-04 lr_critic=2.537e-04 | wv=1541 stale=5 ck=ok| obj=inf completion=0.00% finite_obj=0.0% no_solution=100.0% collision=0.0% spectrum=42.5% action_range=[0.001,1.000] solver_status=optimal:0.0%,infeasible:90.0%,unknown:10.0%,error:0.0%,other:0.0% norm_count=123680
2026-09-29 14:35:53 | [QUEUE] | iter=1546 | 队列 | sample_queue=0/4 | weight_queues_pending=4/4
2026-09-29 14:35:55 | [UPDATE] | [learner] iter=1547 transitions=40 completion=0.00% reward=-1.225 | cost=1.144s | lr_actor=2.536e-04 lr_critic=2.536e-04 | wv=1542 stale=5 ck=ok| obj=inf completion=0.00% finite_obj=0.0% no_solution=100.0% collision=0.0% spectrum=22.5% action_range=[0.000,0.999] solver_status=optimal:0.0%,infeasible:95.0%,unknown:5.0%,error:0.0%,other:0.0% norm_count=123760
2026-09-29 14:35:55 | [QUEUE] | iter=1547 | 队列 | sample_queue=0/4 | weight_queues_pending=4/4
2026-09-29 14:36:01 | [UPDATE] | [learner] iter=1548 transitions=40 completion=0.00% reward=-1.400 | cost=1.745s | lr_actor=2.536e-04 lr_critic=2.536e-04 | wv=1543 stale=5 ck=ok| obj=inf completion=0.00% finite_obj=0.0% no_solution=100.0% collision=0.0% spectrum=37.5% action_range=[0.000,1.000] solver_status=optimal:0.0%,infeasible:95.0%,unknown:5.0%,error:0.0%,other:0.0% norm_count=123840
2026-09-29 14:36:01 | [QUEUE] | iter=1548 | 队列 | sample_queue=0/4 | weight_queues_pending=4/4
2026-09-29 14:36:04 | [UPDATE] | [learner] iter=1549 transitions=40 completion=0.00% reward=-1.325 | cost=1.791s | lr_actor=2.536e-04 lr_critic=2.536e-04 | wv=1544 stale=5 ck=ok| obj=inf completion=0.00% finite_obj=0.0% no_solution=100.0% collision=0.0% spectrum=32.5% action_range=[0.000,0.999] solver_status=optimal:0.0%,infeasible:95.0%,unknown:5.0%,error:0.0%,other:0.0% norm_count=123920
2026-09-29 14:36:04 | [QUEUE] | iter=1549 | 队列 | sample_queue=0/4 | weight_queues_pending=4/4
2026-09-29 14:36:09 | [UPDATE] | [learner] iter=1550 transitions=40 completion=0.00% reward=-1.300 | cost=1.378s | lr_actor=2.535e-04 lr_critic=2.535e-04 | wv=1545 stale=5 ck=ok| obj=inf completion=0.00% finite_obj=0.0% no_solution=100.0% collision=0.0% spectrum=30.0% action_range=[0.001,1.000] solver_status=optimal:0.0%,infeasible:92.5%,unknown:7.5%,error:0.0%,other:0.0% norm_count=124000
2026-09-29 14:36:09 | [QUEUE] | iter=1550 | 队列 | sample_queue=0/4 | weight_queues_pending=4/4
2026-09-29 14:36:10 | [UPDATE] | [learner] iter=1551 transitions=40 completion=0.00% reward=-1.325 | cost=0.945s | lr_actor=2.535e-04 lr_critic=2.535e-04 | wv=1546 stale=5 ck=ok| obj=inf completion=0.00% finite_obj=0.0% no_solution=100.0% collision=0.0% spectrum=30.0% action_range=[0.000,1.000] solver_status=optimal:0.0%,infeasible:95.0%,unknown:5.0%,error:0.0%,other:0.0% norm_count=124080
2026-09-29 14:36:10 | [QUEUE] | iter=1551 | 队列 | sample_queue=0/4 | weight_queues_pending=4/4
2026-09-29 14:36:18 | [UPDATE] | [learner] iter=1552 transitions=40 completion=0.00% reward=-1.225 | cost=1.018s | lr_actor=2.535e-04 lr_critic=2.535e-04 | wv=1547 stale=5 ck=ok| obj=inf completion=0.00% finite_obj=0.0% no_solution=100.0% collision=0.0% spectrum=22.5% action_range=[0.000,1.000] solver_status=optimal:0.0%,infeasible:85.0%,unknown:15.0%,error:0.0%,other:0.0% norm_count=124160
2026-09-29 14:36:18 | [QUEUE] | iter=1552 | 队列 | sample_queue=1/4 | weight_queues_pending=4/4
2026-09-29 14:36:19 | [UPDATE] | [learner] iter=1553 transitions=40 completion=0.00% reward=-1.400 | cost=0.947s | lr_actor=2.534e-04 lr_critic=2.534e-04 | wv=1548 stale=5 ck=ok| obj=inf completion=0.00% finite_obj=0.0% no_solution=100.0% collision=0.0% spectrum=32.5% action_range=[0.000,1.000] solver_status=optimal:0.0%,infeasible:95.0%,unknown:5.0%,error:0.0%,other:0.0% norm_count=124240
2026-09-29 14:36:19 | [QUEUE] | iter=1553 | 队列 | sample_queue=0/4 | weight_queues_pending=4/4
2026-09-29 14:36:23 | [UPDATE] | [learner] iter=1554 transitions=40 completion=2.50% reward=-1.327 | cost=1.063s | lr_actor=2.534e-04 lr_critic=2.534e-04 | wv=1550 stale=4 ck=ok| obj=inf completion=2.50% finite_obj=2.5% no_solution=97.5% collision=0.0% spectrum=30.0% action_range=[0.002,1.000] solver_status=optimal:2.5%,infeasible:92.5%,unknown:5.0%,error:0.0%,other:0.0% norm_count=124320
2026-09-29 14:36:23 | [QUEUE] | iter=1554 | 队列 | sample_queue=0/4 | weight_queues_pending=4/4
2026-09-29 14:36:25 | [UPDATE] | [learner] iter=1555 transitions=40 completion=0.00% reward=-1.525 | cost=0.954s | lr_actor=2.534e-04 lr_critic=2.534e-04 | wv=1549 stale=6 ck=ok| obj=inf completion=0.00% finite_obj=0.0% no_solution=100.0% collision=0.0% spectrum=45.0% action_range=[0.000,0.999] solver_status=optimal:0.0%,infeasible:100.0%,unknown:0.0%,error:0.0%,other:0.0% norm_count=124400
2026-09-29 14:36:25 | [QUEUE] | iter=1555 | 队列 | sample_queue=0/4 | weight_queues_pending=4/4
2026-09-29 14:36:33 | [UPDATE] | [learner] iter=1556 transitions=40 completion=0.00% reward=-1.500 | cost=1.212s | lr_actor=2.534e-04 lr_critic=2.534e-04 | wv=1551 stale=5 ck=ok| obj=inf completion=0.00% finite_obj=0.0% no_solution=100.0% collision=0.0% spectrum=45.0% action_range=[0.000,0.999] solver_status=optimal:0.0%,infeasible:100.0%,unknown:0.0%,error:0.0%,other:0.0% norm_count=124480
2026-09-29 14:36:33 | [QUEUE] | iter=1556 | 队列 | sample_queue=1/4 | weight_queues_pending=4/4
2026-09-29 14:36:34 | [UPDATE] | [learner] iter=1557 transitions=40 completion=0.00% reward=-1.425 | cost=0.953s | lr_actor=2.533e-04 lr_critic=2.533e-04 | wv=1551 stale=6 ck=ok| obj=inf completion=0.00% finite_obj=0.0% no_solution=100.0% collision=0.0% spectrum=42.5% action_range=[0.000,0.998] solver_status=optimal:0.0%,infeasible:92.5%,unknown:7.5%,error:0.0%,other:0.0% norm_count=124560
2026-09-29 14:36:34 | [QUEUE] | iter=1557 | 队列 | sample_queue=0/4 | weight_queues_pending=4/4
2026-09-29 14:36:38 | [UPDATE] | [learner] iter=1558 transitions=40 completion=5.00% reward=-1.328 | cost=0.948s | lr_actor=2.533e-04 lr_critic=2.533e-04 | wv=1553 stale=5 ck=ok| obj=inf completion=5.00% finite_obj=5.0% no_solution=95.0% collision=0.0% spectrum=42.5% action_range=[0.000,1.000] solver_status=optimal:5.0%,infeasible:90.0%,unknown:5.0%,error:0.0%,other:0.0% norm_count=124640
2026-09-29 14:36:38 | [QUEUE] | iter=1558 | 队列 | sample_queue=0/4 | weight_queues_pending=4/4
2026-09-29 14:36:40 | [UPDATE] | [learner] iter=1559 transitions=40 completion=0.00% reward=-1.375 | cost=0.922s | lr_actor=2.533e-04 lr_critic=2.533e-04 | wv=1554 stale=5 ck=ok| obj=inf completion=0.00% finite_obj=0.0% no_solution=100.0% collision=0.0% spectrum=35.0% action_range=[0.000,1.000] solver_status=optimal:0.0%,infeasible:95.0%,unknown:5.0%,error:0.0%,other:0.0% norm_count=124720
2026-09-29 14:36:40 | [QUEUE] | iter=1559 | 队列 | sample_queue=0/4 | weight_queues_pending=4/4
2026-09-29 14:36:49 | [UPDATE] | [learner] iter=1560 transitions=40 completion=2.50% reward=-1.226 | cost=1.505s | lr_actor=2.532e-04 lr_critic=2.532e-04 | wv=1555 stale=5 ck=ok| obj=inf completion=2.50% finite_obj=2.5% no_solution=97.5% collision=0.0% spectrum=27.5% action_range=[0.000,1.000] solver_status=optimal:2.5%,infeasible:90.0%,unknown:7.5%,error:0.0%,other:0.0% norm_count=124800
2026-09-29 14:36:49 | [QUEUE] | iter=1560 | 队列 | sample_queue=1/4 | weight_queues_pending=4/4
2026-09-29 14:36:49 | [UPDATE] | [learner] iter=1561 transitions=40 completion=2.50% reward=-1.277 | cost=0.924s | lr_actor=2.532e-04 lr_critic=2.532e-04 | wv=1555 stale=6 ck=ok| obj=inf completion=2.50% finite_obj=2.5% no_solution=97.5% collision=0.0% spectrum=32.5% action_range=[0.000,1.000] solver_status=optimal:2.5%,infeasible:97.5%,unknown:0.0%,error:0.0%,other:0.0% norm_count=124880
2026-09-29 14:36:49 | [QUEUE] | iter=1561 | 队列 | sample_queue=0/4 | weight_queues_pending=4/4
2026-09-29 14:36:52 | [UPDATE] | [learner] iter=1562 transitions=40 completion=2.50% reward=-1.201 | cost=1.362s | lr_actor=2.532e-04 lr_critic=2.532e-04 | wv=1557 stale=5 ck=ok| obj=inf completion=2.50% finite_obj=2.5% no_solution=97.5% collision=0.0% spectrum=22.5% action_range=[0.000,1.000] solver_status=optimal:2.5%,infeasible:90.0%,unknown:7.5%,error:0.0%,other:0.0% norm_count=124960
2026-09-29 14:36:52 | [QUEUE] | iter=1562 | 队列 | sample_queue=1/4 | weight_queues_pending=4/4
2026-09-29 14:36:54 | [UPDATE] | [learner] iter=1563 transitions=40 completion=0.00% reward=-1.275 | cost=1.273s | lr_actor=2.531e-04 lr_critic=2.531e-04 | wv=1558 stale=5 ck=ok| obj=inf completion=0.00% finite_obj=0.0% no_solution=100.0% collision=0.0% spectrum=27.5% action_range=[0.000,0.999] solver_status=optimal:0.0%,infeasible:90.0%,unknown:10.0%,error:0.0%,other:0.0% norm_count=125040
2026-09-29 14:36:54 | [QUEUE] | iter=1563 | 队列 | sample_queue=0/4 | weight_queues_pending=4/4
2026-09-29 14:37:02 | [UPDATE] | [learner] iter=1564 transitions=40 completion=0.00% reward=-1.250 | cost=1.078s | lr_actor=2.531e-04 lr_critic=2.531e-04 | wv=1559 stale=5 ck=ok| obj=inf completion=0.00% finite_obj=0.0% no_solution=100.0% collision=0.0% spectrum=25.0% action_range=[0.001,1.000] solver_status=optimal:0.0%,infeasible:95.0%,unknown:5.0%,error:0.0%,other:0.0% norm_count=125120
2026-09-29 14:37:02 | [QUEUE] | iter=1564 | 队列 | sample_queue=0/4 | weight_queues_pending=4/4
2026-09-29 14:37:04 | [UPDATE] | [learner] iter=1565 transitions=40 completion=0.00% reward=-1.175 | cost=1.378s | lr_actor=2.531e-04 lr_critic=2.531e-04 | wv=1559 stale=6 ck=ok| obj=inf completion=0.00% finite_obj=0.0% no_solution=100.0% collision=0.0% spectrum=17.5% action_range=[0.000,1.000] solver_status=optimal:0.0%,infeasible:92.5%,unknown:7.5%,error:0.0%,other:0.0% norm_count=125200
2026-09-29 14:37:04 | [QUEUE] | iter=1565 | 队列 | sample_queue=0/4 | weight_queues_pending=4/4
2026-09-29 14:37:06 | [UPDATE] | [learner] iter=1566 transitions=40 completion=0.00% reward=-1.400 | cost=1.484s | lr_actor=2.530e-04 lr_critic=2.530e-04 | wv=1561 stale=5 ck=ok| obj=inf completion=0.00% finite_obj=0.0% no_solution=100.0% collision=0.0% spectrum=40.0% action_range=[0.001,1.000] solver_status=optimal:0.0%,infeasible:87.5%,unknown:12.5%,error:0.0%,other:0.0% norm_count=125280
2026-09-29 14:37:06 | [QUEUE] | iter=1566 | 队列 | sample_queue=1/4 | weight_queues_pending=4/4
2026-09-29 14:37:07 | [UPDATE] | [learner] iter=1567 transitions=40 completion=0.00% reward=-1.400 | cost=1.141s | lr_actor=2.530e-04 lr_critic=2.530e-04 | wv=1561 stale=6 ck=ok| obj=inf completion=0.00% finite_obj=0.0% no_solution=100.0% collision=0.0% spectrum=40.0% action_range=[0.001,1.000] solver_status=optimal:0.0%,infeasible:95.0%,unknown:5.0%,error:0.0%,other:0.0% norm_count=125360
2026-09-29 14:37:07 | [QUEUE] | iter=1567 | 队列 | sample_queue=0/4 | weight_queues_pending=4/4
2026-09-29 14:37:17 | [UPDATE] | [learner] iter=1568 transitions=40 completion=0.00% reward=-1.425 | cost=1.060s | lr_actor=2.530e-04 lr_critic=2.530e-04 | wv=1563 stale=5 ck=ok| obj=inf completion=0.00% finite_obj=0.0% no_solution=100.0% collision=0.0% spectrum=37.5% action_range=[0.000,1.000] solver_status=optimal:0.0%,infeasible:95.0%,unknown:5.0%,error:0.0%,other:0.0% norm_count=125440
2026-09-29 14:37:17 | [QUEUE] | iter=1568 | 队列 | sample_queue=0/4 | weight_queues_pending=4/4
2026-09-29 14:37:19 | [UPDATE] | [learner] iter=1569 transitions=40 completion=0.00% reward=-1.325 | cost=0.994s | lr_actor=2.530e-04 lr_critic=2.530e-04 | wv=1564 stale=5 ck=ok| obj=inf completion=0.00% finite_obj=0.0% no_solution=100.0% collision=0.0% spectrum=27.5% action_range=[0.000,1.000] solver_status=optimal:0.0%,infeasible:92.5%,unknown:7.5%,error:0.0%,other:0.0% norm_count=125520
2026-09-29 14:37:19 | [QUEUE] | iter=1569 | 队列 | sample_queue=2/4 | weight_queues_pending=4/4
2026-09-29 14:37:20 | [UPDATE] | [learner] iter=1570 transitions=40 completion=2.50% reward=-1.278 | cost=0.858s | lr_actor=2.529e-04 lr_critic=2.529e-04 | wv=1565 stale=5 ck=ok| obj=inf completion=2.50% finite_obj=2.5% no_solution=97.5% collision=0.0% spectrum=27.5% action_range=[0.000,0.999] solver_status=optimal:2.5%,infeasible:85.0%,unknown:12.5%,error:0.0%,other:0.0% norm_count=125600
2026-09-29 14:37:20 | [QUEUE] | iter=1570 | 队列 | sample_queue=1/4 | weight_queues_pending=4/4
2026-09-29 14:37:21 | [UPDATE] | [learner] iter=1571 transitions=40 completion=0.00% reward=-1.375 | cost=0.912s | lr_actor=2.529e-04 lr_critic=2.529e-04 | wv=1565 stale=6 ck=ok| obj=inf completion=0.00% finite_obj=0.0% no_solution=100.0% collision=0.0% spectrum=35.0% action_range=[0.001,1.000] solver_status=optimal:0.0%,infeasible:95.0%,unknown:5.0%,error:0.0%,other:0.0% norm_count=125680
2026-09-29 14:37:21 | [QUEUE] | iter=1571 | 队列 | sample_queue=0/4 | weight_queues_pending=4/4
2026-09-29 14:37:29 | [UPDATE] | [learner] iter=1572 transitions=40 completion=0.00% reward=-1.375 | cost=0.971s | lr_actor=2.529e-04 lr_critic=2.529e-04 | wv=1567 stale=5 ck=ok| obj=inf completion=0.00% finite_obj=0.0% no_solution=100.0% collision=0.0% spectrum=37.5% action_range=[0.000,0.999] solver_status=optimal:0.0%,infeasible:90.0%,unknown:10.0%,error:0.0%,other:0.0% norm_count=125760
2026-09-29 14:37:29 | [QUEUE] | iter=1572 | 队列 | sample_queue=0/4 | weight_queues_pending=4/4
2026-09-29 14:37:32 | [UPDATE] | [learner] iter=1573 transitions=40 completion=0.00% reward=-1.475 | cost=1.073s | lr_actor=2.528e-04 lr_critic=2.528e-04 | wv=1568 stale=5 ck=ok| obj=inf completion=0.00% finite_obj=0.0% no_solution=100.0% collision=0.0% spectrum=45.0% action_range=[0.002,1.000] solver_status=optimal:0.0%,infeasible:97.5%,unknown:2.5%,error:0.0%,other:0.0% norm_count=125840
2026-09-29 14:37:32 | [QUEUE] | iter=1573 | 队列 | sample_queue=1/4 | weight_queues_pending=4/4
2026-09-29 14:37:32 | [UPDATE] | [learner] iter=1574 transitions=40 completion=0.00% reward=-1.275 | cost=0.844s | lr_actor=2.528e-04 lr_critic=2.528e-04 | wv=1568 stale=6 ck=ok| obj=inf completion=0.00% finite_obj=0.0% no_solution=100.0% collision=0.0% spectrum=25.0% action_range=[0.000,1.000] solver_status=optimal:0.0%,infeasible:92.5%,unknown:7.5%,error:0.0%,other:0.0% norm_count=125920
2026-09-29 14:37:32 | [QUEUE] | iter=1574 | 队列 | sample_queue=1/4 | weight_queues_pending=4/4
2026-09-29 14:37:33 | [UPDATE] | [learner] iter=1575 transitions=40 completion=0.00% reward=-1.300 | cost=0.760s | lr_actor=2.528e-04 lr_critic=2.528e-04 | wv=1568 stale=7 ck=ok| obj=inf completion=0.00% finite_obj=0.0% no_solution=100.0% collision=0.0% spectrum=30.0% action_range=[0.000,0.999] solver_status=optimal:0.0%,infeasible:95.0%,unknown:5.0%,error:0.0%,other:0.0% norm_count=126000
2026-09-29 14:37:33 | [QUEUE] | iter=1575 | 队列 | sample_queue=0/4 | weight_queues_pending=4/4
2026-09-29 14:37:44 | [UPDATE] | [learner] iter=1576 transitions=40 completion=0.00% reward=-1.150 | cost=0.765s | lr_actor=2.527e-04 lr_critic=2.527e-04 | wv=1572 stale=4 ck=ok| obj=inf completion=0.00% finite_obj=0.0% no_solution=100.0% collision=0.0% spectrum=15.0% action_range=[0.000,1.000] solver_status=optimal:0.0%,infeasible:85.0%,unknown:15.0%,error:0.0%,other:0.0% norm_count=126080
2026-09-29 14:37:44 | [QUEUE] | iter=1576 | 队列 | sample_queue=2/4 | weight_queues_pending=4/4
2026-09-29 14:37:45 | [UPDATE] | [learner] iter=1577 transitions=40 completion=0.00% reward=-1.275 | cost=1.083s | lr_actor=2.527e-04 lr_critic=2.527e-04 | wv=1571 stale=6 ck=ok| obj=inf completion=0.00% finite_obj=0.0% no_solution=100.0% collision=0.0% spectrum=27.5% action_range=[0.000,1.000] solver_status=optimal:0.0%,infeasible:95.0%,unknown:5.0%,error:0.0%,other:0.0% norm_count=126160
2026-09-29 14:37:45 | [QUEUE] | iter=1577 | 队列 | sample_queue=2/4 | weight_queues_pending=4/4
2026-09-29 14:37:46 | [UPDATE] | [learner] iter=1578 transitions=40 completion=0.00% reward=-1.452 | cost=0.816s | lr_actor=2.527e-04 lr_critic=2.527e-04 | wv=1572 stale=6 ck=ok| obj=inf completion=0.00% finite_obj=2.5% no_solution=97.5% collision=0.0% spectrum=50.0% action_range=[0.001,1.000] solver_status=optimal:2.5%,infeasible:92.5%,unknown:5.0%,error:0.0%,other:0.0% norm_count=126240
2026-09-29 14:37:46 | [QUEUE] | iter=1578 | 队列 | sample_queue=1/4 | weight_queues_pending=4/4
2026-09-29 14:37:47 | [UPDATE] | [learner] iter=1579 transitions=40 completion=0.00% reward=-1.200 | cost=0.850s | lr_actor=2.527e-04 lr_critic=2.527e-04 | wv=1573 stale=6 ck=ok| obj=inf completion=0.00% finite_obj=0.0% no_solution=100.0% collision=0.0% spectrum=20.0% action_range=[0.000,1.000] solver_status=optimal:0.0%,infeasible:87.5%,unknown:12.5%,error:0.0%,other:0.0% norm_count=126320
2026-09-29 14:37:47 | [QUEUE] | iter=1579 | 队列 | sample_queue=0/4 | weight_queues_pending=4/4
2026-09-29 14:37:56 | [UPDATE] | [learner] iter=1580 transitions=40 completion=0.00% reward=-1.525 | cost=0.971s | lr_actor=2.526e-04 lr_critic=2.526e-04 | wv=1575 stale=5 ck=ok| obj=inf completion=0.00% finite_obj=0.0% no_solution=100.0% collision=0.0% spectrum=45.0% action_range=[0.000,1.000] solver_status=optimal:0.0%,infeasible:92.5%,unknown:7.5%,error:0.0%,other:0.0% norm_count=126400
2026-09-29 14:37:56 | [QUEUE] | iter=1580 | 队列 | sample_queue=0/4 | weight_queues_pending=4/4
2026-09-29 14:37:58 | [UPDATE] | [learner] iter=1581 transitions=40 completion=0.00% reward=-1.225 | cost=0.740s | lr_actor=2.526e-04 lr_critic=2.526e-04 | wv=1575 stale=6 ck=ok| obj=inf completion=0.00% finite_obj=0.0% no_solution=100.0% collision=0.0% spectrum=22.5% action_range=[0.000,1.000] solver_status=optimal:0.0%,infeasible:92.5%,unknown:7.5%,error:0.0%,other:0.0% norm_count=126480
2026-09-29 14:37:58 | [QUEUE] | iter=1581 | 队列 | sample_queue=1/4 | weight_queues_pending=4/4
2026-09-29 14:37:59 | [UPDATE] | [learner] iter=1582 transitions=40 completion=0.00% reward=-1.400 | cost=0.835s | lr_actor=2.526e-04 lr_critic=2.526e-04 | wv=1575 stale=7 ck=ok| obj=inf completion=0.00% finite_obj=0.0% no_solution=100.0% collision=0.0% spectrum=35.0% action_range=[0.001,1.000] solver_status=optimal:0.0%,infeasible:90.0%,unknown:10.0%,error:0.0%,other:0.0% norm_count=126560
2026-09-29 14:37:59 | [QUEUE] | iter=1582 | 队列 | sample_queue=1/4 | weight_queues_pending=4/4
2026-09-29 14:37:59 | [UPDATE] | [learner] iter=1583 transitions=40 completion=0.00% reward=-1.325 | cost=0.795s | lr_actor=2.525e-04 lr_critic=2.525e-04 | wv=1576 stale=7 ck=ok| obj=inf completion=0.00% finite_obj=0.0% no_solution=100.0% collision=0.0% spectrum=32.5% action_range=[0.001,1.000] solver_status=optimal:0.0%,infeasible:85.0%,unknown:15.0%,error:0.0%,other:0.0% norm_count=126640
2026-09-29 14:37:59 | [QUEUE] | iter=1583 | 队列 | sample_queue=0/4 | weight_queues_pending=4/4
2026-09-29 14:38:09 | [UPDATE] | [learner] iter=1584 transitions=40 completion=0.00% reward=-1.325 | cost=0.865s | lr_actor=2.525e-04 lr_critic=2.525e-04 | wv=1579 stale=5 ck=ok| obj=inf completion=0.00% finite_obj=0.0% no_solution=100.0% collision=0.0% spectrum=30.0% action_range=[0.001,0.999] solver_status=optimal:0.0%,infeasible:97.5%,unknown:2.5%,error:0.0%,other:0.0% norm_count=126720
2026-09-29 14:38:09 | [QUEUE] | iter=1584 | 队列 | sample_queue=1/4 | weight_queues_pending=4/4
2026-09-29 14:38:10 | [UPDATE] | [learner] iter=1585 transitions=40 completion=0.00% reward=-1.500 | cost=1.256s | lr_actor=2.525e-04 lr_critic=2.525e-04 | wv=1580 stale=5 ck=ok| obj=inf completion=0.00% finite_obj=0.0% no_solution=100.0% collision=0.0% spectrum=47.5% action_range=[0.000,1.000] solver_status=optimal:0.0%,infeasible:87.5%,unknown:12.5%,error:0.0%,other:0.0% norm_count=126800
2026-09-29 14:38:10 | [QUEUE] | iter=1585 | 队列 | sample_queue=1/4 | weight_queues_pending=4/4
2026-09-29 14:38:11 | [UPDATE] | [learner] iter=1586 transitions=40 completion=0.00% reward=-1.225 | cost=1.057s | lr_actor=2.524e-04 lr_critic=2.524e-04 | wv=1580 stale=6 ck=ok| obj=inf completion=0.00% finite_obj=0.0% no_solution=100.0% collision=0.0% spectrum=22.5% action_range=[0.001,0.999] solver_status=optimal:0.0%,infeasible:92.5%,unknown:7.5%,error:0.0%,other:0.0% norm_count=126880
2026-09-29 14:38:11 | [QUEUE] | iter=1586 | 队列 | sample_queue=1/4 | weight_queues_pending=4/4
2026-09-29 14:38:13 | [UPDATE] | [learner] iter=1587 transitions=40 completion=0.00% reward=-1.375 | cost=1.594s | lr_actor=2.524e-04 lr_critic=2.524e-04 | wv=1581 stale=6 ck=ok| obj=inf completion=0.00% finite_obj=0.0% no_solution=100.0% collision=0.0% spectrum=35.0% action_range=[0.001,1.000] solver_status=optimal:0.0%,infeasible:87.5%,unknown:12.5%,error:0.0%,other:0.0% norm_count=126960
2026-09-29 14:38:13 | [QUEUE] | iter=1587 | 队列 | sample_queue=0/4 | weight_queues_pending=4/4
2026-09-29 14:38:27 | [UPDATE] | [learner] iter=1588 transitions=40 completion=2.50% reward=-1.354 | cost=0.953s | lr_actor=2.524e-04 lr_critic=2.524e-04 | wv=1583 stale=5 ck=ok| obj=inf completion=2.50% finite_obj=2.5% no_solution=97.5% collision=0.0% spectrum=37.5% action_range=[0.000,1.000] solver_status=optimal:2.5%,infeasible:95.0%,unknown:2.5%,error:0.0%,other:0.0% norm_count=127040
2026-09-29 14:38:27 | [QUEUE] | iter=1588 | 队列 | sample_queue=2/4 | weight_queues_pending=4/4
2026-09-29 14:38:29 | [UPDATE] | [learner] iter=1589 transitions=40 completion=0.00% reward=-1.175 | cost=1.094s | lr_actor=2.524e-04 lr_critic=2.524e-04 | wv=1583 stale=6 ck=ok| obj=inf completion=0.00% finite_obj=0.0% no_solution=100.0% collision=0.0% spectrum=17.5% action_range=[0.001,1.000] solver_status=optimal:0.0%,infeasible:90.0%,unknown:10.0%,error:0.0%,other:0.0% norm_count=127120
2026-09-29 14:38:29 | [QUEUE] | iter=1589 | 队列 | sample_queue=1/4 | weight_queues_pending=4/4
2026-09-29 14:38:30 | [UPDATE] | [learner] iter=1590 transitions=40 completion=0.00% reward=-1.375 | cost=0.995s | lr_actor=2.523e-04 lr_critic=2.523e-04 | wv=1584 stale=6 ck=ok| obj=inf completion=0.00% finite_obj=0.0% no_solution=100.0% collision=0.0% spectrum=35.0% action_range=[0.001,1.000] solver_status=optimal:0.0%,infeasible:92.5%,unknown:7.5%,error:0.0%,other:0.0% norm_count=127200
2026-09-29 14:38:30 | [QUEUE] | iter=1590 | 队列 | sample_queue=1/4 | weight_queues_pending=4/4
2026-09-29 14:38:31 | [UPDATE] | [learner] iter=1591 transitions=40 completion=0.00% reward=-1.275 | cost=1.068s | lr_actor=2.523e-04 lr_critic=2.523e-04 | wv=1585 stale=6 ck=ok| obj=inf completion=0.00% finite_obj=0.0% no_solution=100.0% collision=0.0% spectrum=25.0% action_range=[0.000,1.000] solver_status=optimal:0.0%,infeasible:97.5%,unknown:2.5%,error:0.0%,other:0.0% norm_count=127280
2026-09-29 14:38:31 | [QUEUE] | iter=1591 | 队列 | sample_queue=0/4 | weight_queues_pending=4/4
2026-09-29 14:38:43 | [UPDATE] | [learner] iter=1592 transitions=40 completion=0.00% reward=-1.350 | cost=1.516s | lr_actor=2.523e-04 lr_critic=2.523e-04 | wv=1587 stale=5 ck=ok| obj=inf completion=0.00% finite_obj=0.0% no_solution=100.0% collision=0.0% spectrum=32.5% action_range=[0.000,1.000] solver_status=optimal:0.0%,infeasible:92.5%,unknown:7.5%,error:0.0%,other:0.0% norm_count=127360
2026-09-29 14:38:43 | [QUEUE] | iter=1592 | 队列 | sample_queue=3/4 | weight_queues_pending=4/4
2026-09-29 14:38:44 | [UPDATE] | [learner] iter=1593 transitions=40 completion=0.00% reward=-1.250 | cost=1.205s | lr_actor=2.522e-04 lr_critic=2.522e-04 | wv=1587 stale=6 ck=ok| obj=inf completion=0.00% finite_obj=0.0% no_solution=100.0% collision=0.0% spectrum=25.0% action_range=[0.000,0.999] solver_status=optimal:0.0%,infeasible:92.5%,unknown:7.5%,error:0.0%,other:0.0% norm_count=127440
2026-09-29 14:38:44 | [QUEUE] | iter=1593 | 队列 | sample_queue=2/4 | weight_queues_pending=4/4
2026-09-29 14:38:45 | [UPDATE] | [learner] iter=1594 transitions=40 completion=0.00% reward=-1.275 | cost=0.931s | lr_actor=2.522e-04 lr_critic=2.522e-04 | wv=1587 stale=7 ck=ok| obj=inf completion=0.00% finite_obj=0.0% no_solution=100.0% collision=0.0% spectrum=27.5% action_range=[0.001,0.999] solver_status=optimal:0.0%,infeasible:95.0%,unknown:5.0%,error:0.0%,other:0.0% norm_count=127520
2026-09-29 14:38:45 | [QUEUE] | iter=1594 | 队列 | sample_queue=1/4 | weight_queues_pending=4/4
2026-09-29 14:38:46 | [UPDATE] | [learner] iter=1595 transitions=40 completion=0.00% reward=-1.325 | cost=0.844s | lr_actor=2.522e-04 lr_critic=2.522e-04 | wv=1589 stale=6 ck=ok| obj=inf completion=0.00% finite_obj=0.0% no_solution=100.0% collision=0.0% spectrum=27.5% action_range=[0.001,1.000] solver_status=optimal:0.0%,infeasible:85.0%,unknown:15.0%,error:0.0%,other:0.0% norm_count=127600
2026-09-29 14:38:46 | [QUEUE] | iter=1595 | 队列 | sample_queue=0/4 | weight_queues_pending=4/4
2026-09-29 14:38:56 | [UPDATE] | [learner] iter=1596 transitions=40 completion=0.00% reward=-1.325 | cost=1.142s | lr_actor=2.521e-04 lr_critic=2.521e-04 | wv=1591 stale=5 ck=ok| obj=inf completion=0.00% finite_obj=0.0% no_solution=100.0% collision=0.0% spectrum=30.0% action_range=[0.000,1.000] solver_status=optimal:0.0%,infeasible:95.0%,unknown:5.0%,error:0.0%,other:0.0% norm_count=127680
2026-09-29 14:38:56 | [QUEUE] | iter=1596 | 队列 | sample_queue=2/4 | weight_queues_pending=4/4
2026-09-29 14:38:57 | [UPDATE] | [learner] iter=1597 transitions=40 completion=0.00% reward=-1.350 | cost=0.957s | lr_actor=2.521e-04 lr_critic=2.521e-04 | wv=1591 stale=6 ck=ok| obj=inf completion=0.00% finite_obj=0.0% no_solution=100.0% collision=0.0% spectrum=35.0% action_range=[0.000,1.000] solver_status=optimal:0.0%,infeasible:90.0%,unknown:10.0%,error:0.0%,other:0.0% norm_count=127760
2026-09-29 14:38:57 | [QUEUE] | iter=1597 | 队列 | sample_queue=1/4 | weight_queues_pending=4/4
2026-09-29 14:38:58 | [UPDATE] | [learner] iter=1598 transitions=40 completion=0.00% reward=-1.475 | cost=1.082s | lr_actor=2.521e-04 lr_critic=2.521e-04 | wv=1591 stale=7 ck=ok| obj=inf completion=0.00% finite_obj=0.0% no_solution=100.0% collision=0.0% spectrum=45.0% action_range=[0.001,1.000] solver_status=optimal:0.0%,infeasible:95.0%,unknown:5.0%,error:0.0%,other:0.0% norm_count=127840
2026-09-29 14:38:58 | [QUEUE] | iter=1598 | 队列 | sample_queue=1/4 | weight_queues_pending=4/4
2026-09-29 14:38:59 | [UPDATE] | [learner] iter=1599 transitions=40 completion=2.50% reward=-1.127 | cost=1.058s | lr_actor=2.521e-04 lr_critic=2.521e-04 | wv=1591 stale=8 ck=ok| obj=inf completion=2.50% finite_obj=2.5% no_solution=97.5% collision=0.0% spectrum=15.0% action_range=[0.001,1.000] solver_status=optimal:2.5%,infeasible:92.5%,unknown:5.0%,error:0.0%,other:0.0% norm_count=127920
2026-09-29 14:38:59 | [QUEUE] | iter=1599 | 队列 | sample_queue=0/4 | weight_queues_pending=4/4
2026-09-29 14:39:10 | [UPDATE] | [learner] iter=1600 transitions=40 completion=0.00% reward=-1.350 | cost=1.051s | lr_actor=2.520e-04 lr_critic=2.520e-04 | wv=1595 stale=5 ck=ok| obj=inf completion=0.00% finite_obj=0.0% no_solution=100.0% collision=0.0% spectrum=30.0% action_range=[0.000,1.000] solver_status=optimal:0.0%,infeasible:85.0%,unknown:15.0%,error:0.0%,other:0.0% norm_count=128000
2026-09-29 14:39:10 | [QUEUE] | iter=1600 | 队列 | sample_queue=2/4 | weight_queues_pending=4/4
2026-09-29 14:39:11 | [UPDATE] | [learner] iter=1601 transitions=40 completion=0.00% reward=-1.225 | cost=0.997s | lr_actor=2.520e-04 lr_critic=2.520e-04 | wv=1595 stale=6 ck=ok| obj=inf completion=0.00% finite_obj=0.0% no_solution=100.0% collision=0.0% spectrum=22.5% action_range=[0.000,1.000] solver_status=optimal:0.0%,infeasible:95.0%,unknown:5.0%,error:0.0%,other:0.0% norm_count=128080
2026-09-29 14:39:11 | [QUEUE] | iter=1601 | 队列 | sample_queue=1/4 | weight_queues_pending=4/4
2026-09-29 14:39:12 | [UPDATE] | [learner] iter=1602 transitions=40 completion=0.00% reward=-1.475 | cost=0.984s | lr_actor=2.520e-04 lr_critic=2.520e-04 | wv=1595 stale=7 ck=ok| obj=inf completion=0.00% finite_obj=0.0% no_solution=100.0% collision=0.0% spectrum=45.0% action_range=[0.000,1.000] solver_status=optimal:0.0%,infeasible:95.0%,unknown:5.0%,error:0.0%,other:0.0% norm_count=128160
2026-09-29 14:39:12 | [QUEUE] | iter=1602 | 队列 | sample_queue=1/4 | weight_queues_pending=4/4
2026-09-29 14:39:13 | [UPDATE] | [learner] iter=1603 transitions=40 completion=0.00% reward=-1.278 | cost=0.964s | lr_actor=2.519e-04 lr_critic=2.519e-04 | wv=1597 stale=6 ck=ok| obj=inf completion=0.00% finite_obj=2.5% no_solution=97.5% collision=0.0% spectrum=32.5% action_range=[0.000,1.000] solver_status=optimal:2.5%,infeasible:85.0%,unknown:12.5%,error:0.0%,other:0.0% norm_count=128240
2026-09-29 14:39:13 | [QUEUE] | iter=1603 | 队列 | sample_queue=0/4 | weight_queues_pending=4/4
2026-09-29 14:39:21 | [UPDATE] | [learner] iter=1604 transitions=40 completion=0.00% reward=-1.300 | cost=0.902s | lr_actor=2.519e-04 lr_critic=2.519e-04 | wv=1599 stale=5 ck=ok| obj=inf completion=0.00% finite_obj=0.0% no_solution=100.0% collision=0.0% spectrum=25.0% action_range=[0.000,0.999] solver_status=optimal:0.0%,infeasible:90.0%,unknown:10.0%,error:0.0%,other:0.0% norm_count=128320
2026-09-29 14:39:21 | [QUEUE] | iter=1604 | 队列 | sample_queue=0/4 | weight_queues_pending=4/4
2026-09-29 14:39:24 | [UPDATE] | [learner] iter=1605 transitions=40 completion=2.50% reward=-1.228 | cost=0.927s | lr_actor=2.519e-04 lr_critic=2.519e-04 | wv=1599 stale=6 ck=ok| obj=inf completion=2.50% finite_obj=2.5% no_solution=97.5% collision=0.0% spectrum=27.5% action_range=[0.000,0.999] solver_status=optimal:2.5%,infeasible:92.5%,unknown:5.0%,error:0.0%,other:0.0% norm_count=128400
2026-09-29 14:39:24 | [QUEUE] | iter=1605 | 队列 | sample_queue=1/4 | weight_queues_pending=4/4
2026-09-29 14:39:25 | [UPDATE] | [learner] iter=1606 transitions=40 completion=0.00% reward=-1.325 | cost=0.858s | lr_actor=2.518e-04 lr_critic=2.518e-04 | wv=1599 stale=7 ck=ok| obj=inf completion=0.00% finite_obj=0.0% no_solution=100.0% collision=0.0% spectrum=32.5% action_range=[0.000,1.000] solver_status=optimal:0.0%,infeasible:92.5%,unknown:7.5%,error:0.0%,other:0.0% norm_count=128480
2026-09-29 14:39:25 | [QUEUE] | iter=1606 | 队列 | sample_queue=0/4 | weight_queues_pending=4/4
2026-09-29 14:39:27 | [UPDATE] | [learner] iter=1607 transitions=40 completion=0.00% reward=-1.400 | cost=0.937s | lr_actor=2.518e-04 lr_critic=2.518e-04 | wv=1601 stale=6 ck=ok| obj=inf completion=0.00% finite_obj=0.0% no_solution=100.0% collision=0.0% spectrum=37.5% action_range=[0.000,1.000] solver_status=optimal:0.0%,infeasible:92.5%,unknown:7.5%,error:0.0%,other:0.0% norm_count=128560
2026-09-29 14:39:27 | [QUEUE] | iter=1607 | 队列 | sample_queue=0/4 | weight_queues_pending=4/4
2026-09-29 14:39:32 | [UPDATE] | [learner] iter=1608 transitions=40 completion=0.00% reward=-1.275 | cost=0.967s | lr_actor=2.518e-04 lr_critic=2.518e-04 | wv=1603 stale=5 ck=ok| obj=inf completion=0.00% finite_obj=0.0% no_solution=100.0% collision=0.0% spectrum=25.0% action_range=[0.000,1.000] solver_status=optimal:0.0%,infeasible:95.0%,unknown:5.0%,error:0.0%,other:0.0% norm_count=128640
2026-09-29 14:39:32 | [QUEUE] | iter=1608 | 队列 | sample_queue=0/4 | weight_queues_pending=4/4
2026-09-29 14:39:36 | [UPDATE] | [learner] iter=1609 transitions=40 completion=0.00% reward=-1.275 | cost=0.991s | lr_actor=2.518e-04 lr_critic=2.518e-04 | wv=1604 stale=5 ck=ok| obj=inf completion=0.00% finite_obj=0.0% no_solution=100.0% collision=0.0% spectrum=25.0% action_range=[0.001,1.000] solver_status=optimal:0.0%,infeasible:90.0%,unknown:10.0%,error:0.0%,other:0.0% norm_count=128720
2026-09-29 14:39:36 | [QUEUE] | iter=1609 | 队列 | sample_queue=1/4 | weight_queues_pending=4/4
2026-09-29 14:39:37 | [UPDATE] | [learner] iter=1610 transitions=40 completion=0.00% reward=-1.250 | cost=0.906s | lr_actor=2.517e-04 lr_critic=2.517e-04 | wv=1604 stale=6 ck=ok| obj=inf completion=0.00% finite_obj=0.0% no_solution=100.0% collision=0.0% spectrum=25.0% action_range=[0.001,0.999] solver_status=optimal:0.0%,infeasible:87.5%,unknown:12.5%,error:0.0%,other:0.0% norm_count=128800
2026-09-29 14:39:37 | [QUEUE] | iter=1610 | 队列 | sample_queue=0/4 | weight_queues_pending=4/4
2026-09-29 14:39:41 | [UPDATE] | [learner] iter=1611 transitions=40 completion=0.00% reward=-1.375 | cost=0.915s | lr_actor=2.517e-04 lr_critic=2.517e-04 | wv=1606 stale=5 ck=ok| obj=inf completion=0.00% finite_obj=0.0% no_solution=100.0% collision=0.0% spectrum=30.0% action_range=[0.001,1.000] solver_status=optimal:0.0%,infeasible:95.0%,unknown:5.0%,error:0.0%,other:0.0% norm_count=128880
2026-09-29 14:39:41 | [QUEUE] | iter=1611 | 队列 | sample_queue=0/4 | weight_queues_pending=4/4
2026-09-29 14:39:45 | [UPDATE] | [learner] iter=1612 transitions=40 completion=0.00% reward=-1.400 | cost=1.302s | lr_actor=2.517e-04 lr_critic=2.517e-04 | wv=1607 stale=5 ck=ok| obj=inf completion=0.00% finite_obj=0.0% no_solution=100.0% collision=0.0% spectrum=37.5% action_range=[0.000,1.000] solver_status=optimal:0.0%,infeasible:95.0%,unknown:5.0%,error:0.0%,other:0.0% norm_count=128960
2026-09-29 14:39:45 | [QUEUE] | iter=1612 | 队列 | sample_queue=0/4 | weight_queues_pending=4/4
2026-09-29 14:39:49 | [UPDATE] | [learner] iter=1613 transitions=40 completion=0.00% reward=-1.350 | cost=0.900s | lr_actor=2.516e-04 lr_critic=2.516e-04 | wv=1608 stale=5 ck=ok| obj=inf completion=0.00% finite_obj=0.0% no_solution=100.0% collision=0.0% spectrum=32.5% action_range=[0.000,1.000] solver_status=optimal:0.0%,infeasible:92.5%,unknown:7.5%,error:0.0%,other:0.0% norm_count=129040
2026-09-29 14:39:49 | [QUEUE] | iter=1613 | 队列 | sample_queue=0/4 | weight_queues_pending=4/4
2026-09-29 14:39:51 | [UPDATE] | [learner] iter=1614 transitions=40 completion=2.50% reward=-1.326 | cost=0.992s | lr_actor=2.516e-04 lr_critic=2.516e-04 | wv=1608 stale=6 ck=ok| obj=inf completion=2.50% finite_obj=2.5% no_solution=97.5% collision=0.0% spectrum=32.5% action_range=[0.000,1.000] solver_status=optimal:2.5%,infeasible:92.5%,unknown:5.0%,error:0.0%,other:0.0% norm_count=129120
2026-09-29 14:39:51 | [QUEUE] | iter=1614 | 队列 | sample_queue=0/4 | weight_queues_pending=4/4
2026-09-29 14:39:54 | [UPDATE] | [learner] iter=1615 transitions=40 completion=0.00% reward=-1.450 | cost=0.988s | lr_actor=2.516e-04 lr_critic=2.516e-04 | wv=1610 stale=5 ck=ok| obj=inf completion=0.00% finite_obj=0.0% no_solution=100.0% collision=0.0% spectrum=40.0% action_range=[0.000,0.999] solver_status=optimal:0.0%,infeasible:92.5%,unknown:7.5%,error:0.0%,other:0.0% norm_count=129200
2026-09-29 14:39:54 | [QUEUE] | iter=1615 | 队列 | sample_queue=0/4 | weight_queues_pending=4/4
2026-09-29 14:39:57 | [UPDATE] | [learner] iter=1616 transitions=40 completion=0.00% reward=-1.400 | cost=0.905s | lr_actor=2.515e-04 lr_critic=2.515e-04 | wv=1611 stale=5 ck=ok| obj=inf completion=0.00% finite_obj=0.0% no_solution=100.0% collision=0.0% spectrum=37.5% action_range=[0.000,0.999] solver_status=optimal:0.0%,infeasible:90.0%,unknown:10.0%,error:0.0%,other:0.0% norm_count=129280
2026-09-29 14:39:57 | [QUEUE] | iter=1616 | 队列 | sample_queue=0/4 | weight_queues_pending=4/4
2026-09-29 14:40:02 | [UPDATE] | [learner] iter=1617 transitions=40 completion=0.00% reward=-1.450 | cost=0.997s | lr_actor=2.515e-04 lr_critic=2.515e-04 | wv=1613 stale=4 ck=ok| obj=inf completion=0.00% finite_obj=0.0% no_solution=100.0% collision=0.0% spectrum=40.0% action_range=[0.000,1.000] solver_status=optimal:0.0%,infeasible:95.0%,unknown:5.0%,error:0.0%,other:0.0% norm_count=129360
2026-09-29 14:40:02 | [QUEUE] | iter=1617 | 队列 | sample_queue=1/4 | weight_queues_pending=4/4
2026-09-29 14:40:03 | [UPDATE] | [learner] iter=1618 transitions=40 completion=0.00% reward=-1.350 | cost=0.855s | lr_actor=2.515e-04 lr_critic=2.515e-04 | wv=1612 stale=6 ck=ok| obj=inf completion=0.00% finite_obj=0.0% no_solution=100.0% collision=0.0% spectrum=32.5% action_range=[0.000,0.999] solver_status=optimal:0.0%,infeasible:87.5%,unknown:12.5%,error:0.0%,other:0.0% norm_count=129440
2026-09-29 14:40:03 | [QUEUE] | iter=1618 | 队列 | sample_queue=0/4 | weight_queues_pending=4/4
2026-09-29 14:40:09 | [UPDATE] | [learner] iter=1619 transitions=40 completion=0.00% reward=-1.225 | cost=1.244s | lr_actor=2.515e-04 lr_critic=2.515e-04 | wv=1614 stale=5 ck=ok| obj=inf completion=0.00% finite_obj=2.5% no_solution=97.5% collision=0.0% spectrum=27.5% action_range=[0.001,1.000] solver_status=optimal:2.5%,infeasible:85.0%,unknown:12.5%,error:0.0%,other:0.0% norm_count=129520
2026-09-29 14:40:09 | [QUEUE] | iter=1619 | 队列 | sample_queue=0/4 | weight_queues_pending=4/4
2026-09-29 14:40:12 | [UPDATE] | [learner] iter=1620 transitions=40 completion=0.00% reward=-1.175 | cost=1.404s | lr_actor=2.514e-04 lr_critic=2.514e-04 | wv=1615 stale=5 ck=ok| obj=inf completion=0.00% finite_obj=0.0% no_solution=100.0% collision=0.0% spectrum=17.5% action_range=[0.000,1.000] solver_status=optimal:0.0%,infeasible:97.5%,unknown:2.5%,error:0.0%,other:0.0% norm_count=129600
2026-09-29 14:40:12 | [QUEUE] | iter=1620 | 队列 | sample_queue=0/4 | weight_queues_pending=4/4
2026-09-29 14:40:16 | [UPDATE] | [learner] iter=1621 transitions=40 completion=0.00% reward=-1.325 | cost=0.954s | lr_actor=2.514e-04 lr_critic=2.514e-04 | wv=1616 stale=5 ck=ok| obj=inf completion=0.00% finite_obj=0.0% no_solution=100.0% collision=0.0% spectrum=27.5% action_range=[0.000,1.000] solver_status=optimal:0.0%,infeasible:90.0%,unknown:10.0%,error:0.0%,other:0.0% norm_count=129680
2026-09-29 14:40:16 | [QUEUE] | iter=1621 | 队列 | sample_queue=0/4 | weight_queues_pending=4/4
2026-09-29 14:40:17 | [UPDATE] | [learner] iter=1622 transitions=40 completion=0.00% reward=-1.400 | cost=1.152s | lr_actor=2.514e-04 lr_critic=2.514e-04 | wv=1616 stale=6 ck=ok| obj=inf completion=0.00% finite_obj=0.0% no_solution=100.0% collision=0.0% spectrum=35.0% action_range=[0.000,1.000] solver_status=optimal:0.0%,infeasible:90.0%,unknown:10.0%,error:0.0%,other:0.0% norm_count=129760
2026-09-29 14:40:17 | [QUEUE] | iter=1622 | 队列 | sample_queue=0/4 | weight_queues_pending=4/4
2026-09-29 14:40:25 | [UPDATE] | [learner] iter=1623 transitions=40 completion=2.50% reward=-1.276 | cost=1.544s | lr_actor=2.513e-04 lr_critic=2.513e-04 | wv=1618 stale=5 ck=ok| obj=inf completion=2.50% finite_obj=2.5% no_solution=97.5% collision=0.0% spectrum=32.5% action_range=[0.001,1.000] solver_status=optimal:2.5%,infeasible:92.5%,unknown:5.0%,error:0.0%,other:0.0% norm_count=129840
2026-09-29 14:40:25 | [QUEUE] | iter=1623 | 队列 | sample_queue=0/4 | weight_queues_pending=4/4
2026-09-29 14:40:27 | [UPDATE] | [learner] iter=1624 transitions=40 completion=2.50% reward=-1.403 | cost=0.814s | lr_actor=2.513e-04 lr_critic=2.513e-04 | wv=1619 stale=5 ck=ok| obj=inf completion=2.50% finite_obj=2.5% no_solution=97.5% collision=0.0% spectrum=37.5% action_range=[0.000,0.998] solver_status=optimal:2.5%,infeasible:95.0%,unknown:2.5%,error:0.0%,other:0.0% norm_count=129920
2026-09-29 14:40:27 | [QUEUE] | iter=1624 | 队列 | sample_queue=0/4 | weight_queues_pending=4/4
2026-09-29 14:40:32 | [UPDATE] | [learner] iter=1625 transitions=40 completion=0.00% reward=-1.150 | cost=0.856s | lr_actor=2.513e-04 lr_critic=2.513e-04 | wv=1620 stale=5 ck=ok| obj=inf completion=0.00% finite_obj=0.0% no_solution=100.0% collision=0.0% spectrum=15.0% action_range=[0.000,1.000] solver_status=optimal:0.0%,infeasible:90.0%,unknown:10.0%,error:0.0%,other:0.0% norm_count=130000
2026-09-29 14:40:32 | [QUEUE] | iter=1625 | 队列 | sample_queue=1/4 | weight_queues_pending=4/4
2026-09-29 14:40:33 | [UPDATE] | [learner] iter=1626 transitions=40 completion=2.50% reward=-1.251 | cost=0.984s | lr_actor=2.513e-04 lr_critic=2.513e-04 | wv=1621 stale=5 ck=ok| obj=inf completion=2.50% finite_obj=2.5% no_solution=97.5% collision=0.0% spectrum=30.0% action_range=[0.000,1.000] solver_status=optimal:2.5%,infeasible:92.5%,unknown:5.0%,error:0.0%,other:0.0% norm_count=130080
2026-09-29 14:40:33 | [QUEUE] | iter=1626 | 队列 | sample_queue=0/4 | weight_queues_pending=4/4
2026-09-29 14:40:38 | [UPDATE] | [learner] iter=1627 transitions=40 completion=0.00% reward=-1.200 | cost=1.328s | lr_actor=2.512e-04 lr_critic=2.512e-04 | wv=1622 stale=5 ck=ok| obj=inf completion=0.00% finite_obj=0.0% no_solution=100.0% collision=0.0% spectrum=20.0% action_range=[0.000,1.000] solver_status=optimal:0.0%,infeasible:95.0%,unknown:5.0%,error:0.0%,other:0.0% norm_count=130160
2026-09-29 14:40:38 | [QUEUE] | iter=1627 | 队列 | sample_queue=0/4 | weight_queues_pending=4/4
2026-09-29 14:40:42 | [UPDATE] | [learner] iter=1628 transitions=40 completion=0.00% reward=-1.350 | cost=0.893s | lr_actor=2.512e-04 lr_critic=2.512e-04 | wv=1623 stale=5 ck=ok| obj=inf completion=0.00% finite_obj=0.0% no_solution=100.0% collision=0.0% spectrum=32.5% action_range=[0.000,1.000] solver_status=optimal:0.0%,infeasible:97.5%,unknown:2.5%,error:0.0%,other:0.0% norm_count=130240
2026-09-29 14:40:42 | [QUEUE] | iter=1628 | 队列 | sample_queue=0/4 | weight_queues_pending=4/4
2026-09-29 14:40:45 | [UPDATE] | [learner] iter=1629 transitions=40 completion=0.00% reward=-1.500 | cost=1.123s | lr_actor=2.512e-04 lr_critic=2.512e-04 | wv=1624 stale=5 ck=ok| obj=inf completion=0.00% finite_obj=0.0% no_solution=100.0% collision=0.0% spectrum=47.5% action_range=[0.000,0.999] solver_status=optimal:0.0%,infeasible:90.0%,unknown:10.0%,error:0.0%,other:0.0% norm_count=130320
2026-09-29 14:40:45 | [QUEUE] | iter=1629 | 队列 | sample_queue=1/4 | weight_queues_pending=4/4
2026-09-29 14:40:46 | [UPDATE] | [learner] iter=1630 transitions=40 completion=0.00% reward=-1.225 | cost=1.069s | lr_actor=2.511e-04 lr_critic=2.511e-04 | wv=1624 stale=6 ck=ok| obj=inf completion=0.00% finite_obj=0.0% no_solution=100.0% collision=0.0% spectrum=22.5% action_range=[0.001,1.000] solver_status=optimal:0.0%,infeasible:90.0%,unknown:10.0%,error:0.0%,other:0.0% norm_count=130400
2026-09-29 14:40:46 | [QUEUE] | iter=1630 | 队列 | sample_queue=0/4 | weight_queues_pending=4/4
2026-09-29 14:40:53 | [UPDATE] | [learner] iter=1631 transitions=40 completion=0.00% reward=-1.327 | cost=0.904s | lr_actor=2.511e-04 lr_critic=2.511e-04 | wv=1626 stale=5 ck=ok| obj=inf completion=0.00% finite_obj=2.5% no_solution=97.5% collision=0.0% spectrum=35.0% action_range=[0.000,1.000] solver_status=optimal:2.5%,infeasible:90.0%,unknown:7.5%,error:0.0%,other:0.0% norm_count=130480
2026-09-29 14:40:53 | [QUEUE] | iter=1631 | 队列 | sample_queue=0/4 | weight_queues_pending=4/4
2026-09-29 14:40:54 | [UPDATE] | [learner] iter=1632 transitions=40 completion=0.00% reward=-1.400 | cost=1.008s | lr_actor=2.511e-04 lr_critic=2.511e-04 | wv=1627 stale=5 ck=ok| obj=inf completion=0.00% finite_obj=0.0% no_solution=100.0% collision=0.0% spectrum=35.0% action_range=[0.000,1.000] solver_status=optimal:0.0%,infeasible:92.5%,unknown:7.5%,error:0.0%,other:0.0% norm_count=130560
2026-09-29 14:40:54 | [QUEUE] | iter=1632 | 队列 | sample_queue=0/4 | weight_queues_pending=4/4
2026-09-29 14:40:59 | [UPDATE] | [learner] iter=1633 transitions=40 completion=0.00% reward=-1.354 | cost=1.192s | lr_actor=2.510e-04 lr_critic=2.510e-04 | wv=1628 stale=5 ck=ok| obj=inf completion=0.00% finite_obj=2.5% no_solution=97.5% collision=0.0% spectrum=37.5% action_range=[0.000,1.000] solver_status=optimal:2.5%,infeasible:95.0%,unknown:2.5%,error:0.0%,other:0.0% norm_count=130640
2026-09-29 14:40:59 | [QUEUE] | iter=1633 | 队列 | sample_queue=0/4 | weight_queues_pending=4/4
2026-09-29 14:41:01 | [UPDATE] | [learner] iter=1634 transitions=40 completion=2.50% reward=-1.254 | cost=1.312s | lr_actor=2.510e-04 lr_critic=2.510e-04 | wv=1628 stale=6 ck=ok| obj=inf completion=2.50% finite_obj=2.5% no_solution=97.5% collision=0.0% spectrum=30.0% action_range=[0.000,1.000] solver_status=optimal:2.5%,infeasible:87.5%,unknown:10.0%,error:0.0%,other:0.0% norm_count=130720
2026-09-29 14:41:01 | [QUEUE] | iter=1634 | 队列 | sample_queue=0/4 | weight_queues_pending=4/4
2026-09-29 14:41:07 | [UPDATE] | [learner] iter=1635 transitions=40 completion=2.50% reward=-1.227 | cost=1.093s | lr_actor=2.510e-04 lr_critic=2.510e-04 | wv=1630 stale=5 ck=ok| obj=inf completion=2.50% finite_obj=2.5% no_solution=97.5% collision=0.0% spectrum=27.5% action_range=[0.000,1.000] solver_status=optimal:2.5%,infeasible:92.5%,unknown:5.0%,error:0.0%,other:0.0% norm_count=130800
2026-09-29 14:41:07 | [QUEUE] | iter=1635 | 队列 | sample_queue=0/4 | weight_queues_pending=4/4
2026-09-29 14:41:08 | [UPDATE] | [learner] iter=1636 transitions=40 completion=0.00% reward=-1.150 | cost=0.940s | lr_actor=2.510e-04 lr_critic=2.510e-04 | wv=1631 stale=5 ck=ok| obj=inf completion=0.00% finite_obj=0.0% no_solution=100.0% collision=0.0% spectrum=12.5% action_range=[0.000,0.999] solver_status=optimal:0.0%,infeasible:95.0%,unknown:5.0%,error:0.0%,other:0.0% norm_count=130880
2026-09-29 14:41:08 | [QUEUE] | iter=1636 | 队列 | sample_queue=0/4 | weight_queues_pending=4/4
2026-09-29 14:41:13 | [UPDATE] | [learner] iter=1637 transitions=40 completion=0.00% reward=-1.250 | cost=1.058s | lr_actor=2.509e-04 lr_critic=2.509e-04 | wv=1632 stale=5 ck=ok| obj=inf completion=0.00% finite_obj=0.0% no_solution=100.0% collision=0.0% spectrum=22.5% action_range=[0.000,1.000] solver_status=optimal:0.0%,infeasible:97.5%,unknown:2.5%,error:0.0%,other:0.0% norm_count=130960
2026-09-29 14:41:13 | [QUEUE] | iter=1637 | 队列 | sample_queue=0/4 | weight_queues_pending=4/4
2026-09-29 14:41:15 | [UPDATE] | [learner] iter=1638 transitions=40 completion=0.00% reward=-1.275 | cost=0.982s | lr_actor=2.509e-04 lr_critic=2.509e-04 | wv=1633 stale=5 ck=ok| obj=inf completion=0.00% finite_obj=0.0% no_solution=100.0% collision=0.0% spectrum=27.5% action_range=[0.000,1.000] solver_status=optimal:0.0%,infeasible:87.5%,unknown:12.5%,error:0.0%,other:0.0% norm_count=131040
2026-09-29 14:41:15 | [QUEUE] | iter=1638 | 队列 | sample_queue=0/4 | weight_queues_pending=4/4
2026-09-29 14:41:19 | [UPDATE] | [learner] iter=1639 transitions=40 completion=0.00% reward=-1.325 | cost=0.948s | lr_actor=2.509e-04 lr_critic=2.509e-04 | wv=1634 stale=5 ck=ok| obj=inf completion=0.00% finite_obj=0.0% no_solution=100.0% collision=0.0% spectrum=32.5% action_range=[0.001,1.000] solver_status=optimal:0.0%,infeasible:87.5%,unknown:12.5%,error:0.0%,other:0.0% norm_count=131120
2026-09-29 14:41:19 | [QUEUE] | iter=1639 | 队列 | sample_queue=0/4 | weight_queues_pending=4/4
2026-09-29 14:41:21 | [UPDATE] | [learner] iter=1640 transitions=40 completion=0.00% reward=-1.325 | cost=1.109s | lr_actor=2.508e-04 lr_critic=2.508e-04 | wv=1635 stale=5 ck=ok| obj=inf completion=0.00% finite_obj=0.0% no_solution=100.0% collision=0.0% spectrum=30.0% action_range=[0.000,1.000] solver_status=optimal:0.0%,infeasible:90.0%,unknown:10.0%,error:0.0%,other:0.0% norm_count=131200
2026-09-29 14:41:21 | [QUEUE] | iter=1640 | 队列 | sample_queue=0/4 | weight_queues_pending=4/4
2026-09-29 14:41:26 | [UPDATE] | [learner] iter=1641 transitions=40 completion=0.00% reward=-1.450 | cost=0.816s | lr_actor=2.508e-04 lr_critic=2.508e-04 | wv=1636 stale=5 ck=ok| obj=inf completion=0.00% finite_obj=0.0% no_solution=100.0% collision=0.0% spectrum=40.0% action_range=[0.001,1.000] solver_status=optimal:0.0%,infeasible:97.5%,unknown:2.5%,error:0.0%,other:0.0% norm_count=131280
2026-09-29 14:41:26 | [QUEUE] | iter=1641 | 队列 | sample_queue=1/4 | weight_queues_pending=4/4
2026-09-29 14:41:28 | [UPDATE] | [learner] iter=1642 transitions=40 completion=0.00% reward=-1.325 | cost=1.180s | lr_actor=2.508e-04 lr_critic=2.508e-04 | wv=1637 stale=5 ck=ok| obj=inf completion=0.00% finite_obj=0.0% no_solution=100.0% collision=0.0% spectrum=32.5% action_range=[0.001,0.999] solver_status=optimal:0.0%,infeasible:90.0%,unknown:10.0%,error:0.0%,other:0.0% norm_count=131360
2026-09-29 14:41:28 | [QUEUE] | iter=1642 | 队列 | sample_queue=0/4 | weight_queues_pending=4/4
2026-09-29 14:41:32 | [UPDATE] | [learner] iter=1643 transitions=40 completion=0.00% reward=-1.225 | cost=1.031s | lr_actor=2.507e-04 lr_critic=2.507e-04 | wv=1638 stale=5 ck=ok| obj=inf completion=0.00% finite_obj=0.0% no_solution=100.0% collision=0.0% spectrum=22.5% action_range=[0.000,1.000] solver_status=optimal:0.0%,infeasible:87.5%,unknown:12.5%,error:0.0%,other:0.0% norm_count=131440
2026-09-29 14:41:32 | [QUEUE] | iter=1643 | 队列 | sample_queue=0/4 | weight_queues_pending=4/4
2026-09-29 14:41:37 | [UPDATE] | [learner] iter=1644 transitions=40 completion=0.00% reward=-1.200 | cost=1.208s | lr_actor=2.507e-04 lr_critic=2.507e-04 | wv=1639 stale=5 ck=ok| obj=inf completion=0.00% finite_obj=0.0% no_solution=100.0% collision=0.0% spectrum=20.0% action_range=[0.001,1.000] solver_status=optimal:0.0%,infeasible:85.0%,unknown:15.0%,error:0.0%,other:0.0% norm_count=131520
2026-09-29 14:41:37 | [QUEUE] | iter=1644 | 队列 | sample_queue=0/4 | weight_queues_pending=4/4
2026-09-29 14:41:39 | [UPDATE] | [learner] iter=1645 transitions=40 completion=0.00% reward=-1.125 | cost=1.195s | lr_actor=2.507e-04 lr_critic=2.507e-04 | wv=1640 stale=5 ck=ok| obj=inf completion=0.00% finite_obj=0.0% no_solution=100.0% collision=0.0% spectrum=12.5% action_range=[0.001,1.000] solver_status=optimal:0.0%,infeasible:97.5%,unknown:2.5%,error:0.0%,other:0.0% norm_count=131600
2026-09-29 14:41:39 | [QUEUE] | iter=1645 | 队列 | sample_queue=0/4 | weight_queues_pending=4/4
2026-09-29 14:41:42 | [UPDATE] | [learner] iter=1646 transitions=40 completion=2.50% reward=-1.279 | cost=1.078s | lr_actor=2.506e-04 lr_critic=2.506e-04 | wv=1640 stale=6 ck=ok| obj=inf completion=2.50% finite_obj=2.5% no_solution=97.5% collision=0.0% spectrum=32.5% action_range=[0.001,1.000] solver_status=optimal:2.5%,infeasible:87.5%,unknown:10.0%,error:0.0%,other:0.0% norm_count=131680
2026-09-29 14:41:42 | [QUEUE] | iter=1646 | 队列 | sample_queue=0/4 | weight_queues_pending=4/4
2026-09-29 14:41:45 | [UPDATE] | [learner] iter=1647 transitions=40 completion=0.00% reward=-1.275 | cost=1.029s | lr_actor=2.506e-04 lr_critic=2.506e-04 | wv=1642 stale=5 ck=ok| obj=inf completion=0.00% finite_obj=0.0% no_solution=100.0% collision=0.0% spectrum=25.0% action_range=[0.000,0.999] solver_status=optimal:0.0%,infeasible:97.5%,unknown:2.5%,error:0.0%,other:0.0% norm_count=131760
2026-09-29 14:41:45 | [QUEUE] | iter=1647 | 队列 | sample_queue=0/4 | weight_queues_pending=4/4
2026-09-29 14:41:50 | [UPDATE] | [learner] iter=1648 transitions=40 completion=2.50% reward=-1.128 | cost=0.939s | lr_actor=2.506e-04 lr_critic=2.506e-04 | wv=1643 stale=5 ck=ok| obj=inf completion=2.50% finite_obj=2.5% no_solution=97.5% collision=0.0% spectrum=17.5% action_range=[0.000,1.000] solver_status=optimal:2.5%,infeasible:90.0%,unknown:7.5%,error:0.0%,other:0.0% norm_count=131840
2026-09-29 14:41:50 | [QUEUE] | iter=1648 | 队列 | sample_queue=0/4 | weight_queues_pending=4/4
2026-09-29 14:41:53 | [UPDATE] | [learner] iter=1649 transitions=40 completion=0.00% reward=-1.275 | cost=1.027s | lr_actor=2.506e-04 lr_critic=2.506e-04 | wv=1644 stale=5 ck=ok| obj=inf completion=0.00% finite_obj=0.0% no_solution=100.0% collision=0.0% spectrum=22.5% action_range=[0.000,1.000] solver_status=optimal:0.0%,infeasible:92.5%,unknown:7.5%,error:0.0%,other:0.0% norm_count=131920
2026-09-29 14:41:53 | [QUEUE] | iter=1649 | 队列 | sample_queue=0/4 | weight_queues_pending=4/4
2026-09-29 14:41:56 | [UPDATE] | [learner] iter=1650 transitions=40 completion=0.00% reward=-1.275 | cost=1.073s | lr_actor=2.505e-04 lr_critic=2.505e-04 | wv=1645 stale=5 ck=ok| obj=inf completion=0.00% finite_obj=0.0% no_solution=100.0% collision=0.0% spectrum=27.5% action_range=[0.001,0.998] solver_status=optimal:0.0%,infeasible:92.5%,unknown:7.5%,error:0.0%,other:0.0% norm_count=132000
2026-09-29 14:41:56 | [QUEUE] | iter=1650 | 队列 | sample_queue=0/4 | weight_queues_pending=4/4
2026-09-29 14:41:59 | [UPDATE] | [learner] iter=1651 transitions=40 completion=0.00% reward=-1.275 | cost=1.474s | lr_actor=2.505e-04 lr_critic=2.505e-04 | wv=1646 stale=5 ck=ok| obj=inf completion=0.00% finite_obj=0.0% no_solution=100.0% collision=0.0% spectrum=27.5% action_range=[0.000,1.000] solver_status=optimal:0.0%,infeasible:92.5%,unknown:7.5%,error:0.0%,other:0.0% norm_count=132080
2026-09-29 14:41:59 | [QUEUE] | iter=1651 | 队列 | sample_queue=0/4 | weight_queues_pending=4/4
2026-09-29 14:42:06 | [UPDATE] | [learner] iter=1652 transitions=40 completion=0.00% reward=-1.225 | cost=2.087s | lr_actor=2.505e-04 lr_critic=2.505e-04 | wv=1647 stale=5 ck=ok| obj=inf completion=0.00% finite_obj=0.0% no_solution=100.0% collision=0.0% spectrum=22.5% action_range=[0.000,1.000] solver_status=optimal:0.0%,infeasible:92.5%,unknown:7.5%,error:0.0%,other:0.0% norm_count=132160
2026-09-29 14:42:06 | [QUEUE] | iter=1652 | 队列 | sample_queue=0/4 | weight_queues_pending=4/4
2026-09-29 14:42:07 | [UPDATE] | [learner] iter=1653 transitions=40 completion=0.00% reward=-1.375 | cost=1.013s | lr_actor=2.504e-04 lr_critic=2.504e-04 | wv=1648 stale=5 ck=ok| obj=inf completion=0.00% finite_obj=0.0% no_solution=100.0% collision=0.0% spectrum=30.0% action_range=[0.000,1.000] solver_status=optimal:0.0%,infeasible:97.5%,unknown:2.5%,error:0.0%,other:0.0% norm_count=132240
2026-09-29 14:42:07 | [QUEUE] | iter=1653 | 队列 | sample_queue=0/4 | weight_queues_pending=4/4
2026-09-29 14:42:11 | [UPDATE] | [learner] iter=1654 transitions=40 completion=0.00% reward=-1.150 | cost=0.843s | lr_actor=2.504e-04 lr_critic=2.504e-04 | wv=1649 stale=5 ck=ok| obj=inf completion=0.00% finite_obj=0.0% no_solution=100.0% collision=0.0% spectrum=15.0% action_range=[0.000,1.000] solver_status=optimal:0.0%,infeasible:92.5%,unknown:7.5%,error:0.0%,other:0.0% norm_count=132320
2026-09-29 14:42:11 | [QUEUE] | iter=1654 | 队列 | sample_queue=0/4 | weight_queues_pending=4/4
2026-09-29 14:42:14 | [UPDATE] | [learner] iter=1655 transitions=40 completion=2.50% reward=-1.102 | cost=2.112s | lr_actor=2.504e-04 lr_critic=2.504e-04 | wv=1650 stale=5 ck=ok| obj=inf completion=2.50% finite_obj=2.5% no_solution=97.5% collision=0.0% spectrum=15.0% action_range=[0.000,1.000] solver_status=optimal:2.5%,infeasible:87.5%,unknown:10.0%,error:0.0%,other:0.0% norm_count=132400
2026-09-29 14:42:14 | [QUEUE] | iter=1655 | 队列 | sample_queue=0/4 | weight_queues_pending=4/4
2026-09-29 14:42:20 | [UPDATE] | [learner] iter=1656 transitions=40 completion=0.00% reward=-1.355 | cost=0.965s | lr_actor=2.503e-04 lr_critic=2.503e-04 | wv=1651 stale=5 ck=ok| obj=inf completion=0.00% finite_obj=2.5% no_solution=97.5% collision=0.0% spectrum=37.5% action_range=[0.000,1.000] solver_status=optimal:2.5%,infeasible:92.5%,unknown:5.0%,error:0.0%,other:0.0% norm_count=132480
2026-09-29 14:42:20 | [QUEUE] | iter=1656 | 队列 | sample_queue=0/4 | weight_queues_pending=4/4
2026-09-29 14:42:21 | [UPDATE] | [learner] iter=1657 transitions=40 completion=0.00% reward=-1.250 | cost=0.823s | lr_actor=2.503e-04 lr_critic=2.503e-04 | wv=1652 stale=5 ck=ok| obj=inf completion=0.00% finite_obj=0.0% no_solution=100.0% collision=0.0% spectrum=25.0% action_range=[0.001,1.000] solver_status=optimal:0.0%,infeasible:87.5%,unknown:12.5%,error:0.0%,other:0.0% norm_count=132560
2026-09-29 14:42:21 | [QUEUE] | iter=1657 | 队列 | sample_queue=0/4 | weight_queues_pending=4/4
2026-09-29 14:42:26 | [UPDATE] | [learner] iter=1658 transitions=40 completion=2.50% reward=-1.327 | cost=1.115s | lr_actor=2.503e-04 lr_critic=2.503e-04 | wv=1653 stale=5 ck=ok| obj=inf completion=2.50% finite_obj=2.5% no_solution=97.5% collision=0.0% spectrum=37.5% action_range=[0.002,1.000] solver_status=optimal:2.5%,infeasible:87.5%,unknown:10.0%,error:0.0%,other:0.0% norm_count=132640
2026-09-29 14:42:26 | [QUEUE] | iter=1658 | 队列 | sample_queue=1/4 | weight_queues_pending=4/4
2026-09-29 14:42:27 | [UPDATE] | [learner] iter=1659 transitions=40 completion=0.00% reward=-1.125 | cost=0.985s | lr_actor=2.503e-04 lr_critic=2.503e-04 | wv=1654 stale=5 ck=ok| obj=inf completion=0.00% finite_obj=0.0% no_solution=100.0% collision=0.0% spectrum=12.5% action_range=[0.000,1.000] solver_status=optimal:0.0%,infeasible:82.5%,unknown:17.5%,error:0.0%,other:0.0% norm_count=132720
2026-09-29 14:42:27 | [QUEUE] | iter=1659 | 队列 | sample_queue=0/4 | weight_queues_pending=4/4
2026-09-29 14:42:32 | [UPDATE] | [learner] iter=1660 transitions=40 completion=0.00% reward=-1.250 | cost=1.081s | lr_actor=2.502e-04 lr_critic=2.502e-04 | wv=1655 stale=5 ck=ok| obj=inf completion=0.00% finite_obj=0.0% no_solution=100.0% collision=0.0% spectrum=22.5% action_range=[0.001,0.999] solver_status=optimal:0.0%,infeasible:85.0%,unknown:15.0%,error:0.0%,other:0.0% norm_count=132800
2026-09-29 14:42:32 | [QUEUE] | iter=1660 | 队列 | sample_queue=0/4 | weight_queues_pending=4/4
2026-09-29 14:42:34 | [UPDATE] | [learner] iter=1661 transitions=40 completion=0.00% reward=-1.200 | cost=0.929s | lr_actor=2.502e-04 lr_critic=2.502e-04 | wv=1656 stale=5 ck=ok| obj=inf completion=0.00% finite_obj=0.0% no_solution=100.0% collision=0.0% spectrum=20.0% action_range=[0.001,0.999] solver_status=optimal:0.0%,infeasible:100.0%,unknown:0.0%,error:0.0%,other:0.0% norm_count=132880
2026-09-29 14:42:34 | [QUEUE] | iter=1661 | 队列 | sample_queue=0/4 | weight_queues_pending=4/4
2026-09-29 14:42:38 | [UPDATE] | [learner] iter=1662 transitions=40 completion=0.00% reward=-1.400 | cost=0.961s | lr_actor=2.502e-04 lr_critic=2.502e-04 | wv=1657 stale=5 ck=ok| obj=inf completion=0.00% finite_obj=0.0% no_solution=100.0% collision=0.0% spectrum=35.0% action_range=[0.001,0.999] solver_status=optimal:0.0%,infeasible:92.5%,unknown:7.5%,error:0.0%,other:0.0% norm_count=132960
2026-09-29 14:42:38 | [QUEUE] | iter=1662 | 队列 | sample_queue=1/4 | weight_queues_pending=4/4
2026-09-29 14:42:39 | [UPDATE] | [learner] iter=1663 transitions=40 completion=0.00% reward=-1.275 | cost=1.184s | lr_actor=2.501e-04 lr_critic=2.501e-04 | wv=1657 stale=6 ck=ok| obj=inf completion=0.00% finite_obj=0.0% no_solution=100.0% collision=0.0% spectrum=25.0% action_range=[0.000,0.999] solver_status=optimal:0.0%,infeasible:90.0%,unknown:10.0%,error:0.0%,other:0.0% norm_count=133040
2026-09-29 14:42:39 | [QUEUE] | iter=1663 | 队列 | sample_queue=0/4 | weight_queues_pending=4/4
2026-09-29 14:42:44 | [UPDATE] | [learner] iter=1664 transitions=40 completion=0.00% reward=-1.300 | cost=1.112s | lr_actor=2.501e-04 lr_critic=2.501e-04 | wv=1659 stale=5 ck=ok| obj=inf completion=0.00% finite_obj=0.0% no_solution=100.0% collision=0.0% spectrum=27.5% action_range=[0.001,1.000] solver_status=optimal:0.0%,infeasible:90.0%,unknown:10.0%,error:0.0%,other:0.0% norm_count=133120
2026-09-29 14:42:44 | [QUEUE] | iter=1664 | 队列 | sample_queue=0/4 | weight_queues_pending=4/4
2026-09-29 14:42:50 | [UPDATE] | [learner] iter=1665 transitions=40 completion=2.50% reward=-1.180 | cost=1.056s | lr_actor=2.501e-04 lr_critic=2.501e-04 | wv=1660 stale=5 ck=ok| obj=inf completion=2.50% finite_obj=2.5% no_solution=97.5% collision=0.0% spectrum=20.0% action_range=[0.001,1.000] solver_status=optimal:2.5%,infeasible:87.5%,unknown:10.0%,error:0.0%,other:0.0% norm_count=133200
2026-09-29 14:42:50 | [QUEUE] | iter=1665 | 队列 | sample_queue=0/4 | weight_queues_pending=4/4
2026-09-29 14:42:51 | [UPDATE] | [learner] iter=1666 transitions=40 completion=0.00% reward=-1.350 | cost=1.134s | lr_actor=2.500e-04 lr_critic=2.500e-04 | wv=1661 stale=5 ck=ok| obj=inf completion=0.00% finite_obj=0.0% no_solution=100.0% collision=0.0% spectrum=32.5% action_range=[0.000,1.000] solver_status=optimal:0.0%,infeasible:87.5%,unknown:12.5%,error:0.0%,other:0.0% norm_count=133280
2026-09-29 14:42:51 | [QUEUE] | iter=1666 | 队列 | sample_queue=0/4 | weight_queues_pending=4/4
2026-09-29 14:42:53 | [UPDATE] | [learner] iter=1667 transitions=40 completion=0.00% reward=-1.325 | cost=0.931s | lr_actor=2.500e-04 lr_critic=2.500e-04 | wv=1661 stale=6 ck=ok| obj=inf completion=0.00% finite_obj=0.0% no_solution=100.0% collision=0.0% spectrum=32.5% action_range=[0.000,1.000] solver_status=optimal:0.0%,infeasible:97.5%,unknown:2.5%,error:0.0%,other:0.0% norm_count=133360
2026-09-29 14:42:53 | [QUEUE] | iter=1667 | 队列 | sample_queue=0/4 | weight_queues_pending=4/4
2026-09-29 14:42:57 | [UPDATE] | [learner] iter=1668 transitions=40 completion=0.00% reward=-1.325 | cost=1.103s | lr_actor=2.500e-04 lr_critic=2.500e-04 | wv=1663 stale=5 ck=ok| obj=inf completion=0.00% finite_obj=0.0% no_solution=100.0% collision=0.0% spectrum=32.5% action_range=[0.000,1.000] solver_status=optimal:0.0%,infeasible:95.0%,unknown:5.0%,error:0.0%,other:0.0% norm_count=133440
2026-09-29 14:42:57 | [QUEUE] | iter=1668 | 队列 | sample_queue=0/4 | weight_queues_pending=4/4
2026-09-29 14:43:03 | [UPDATE] | [learner] iter=1669 transitions=40 completion=0.00% reward=-1.375 | cost=1.208s | lr_actor=2.500e-04 lr_critic=2.500e-04 | wv=1664 stale=5 ck=ok| obj=inf completion=0.00% finite_obj=0.0% no_solution=100.0% collision=0.0% spectrum=35.0% action_range=[0.001,0.998] solver_status=optimal:0.0%,infeasible:92.5%,unknown:7.5%,error:0.0%,other:0.0% norm_count=133520
2026-09-29 14:43:03 | [QUEUE] | iter=1669 | 队列 | sample_queue=0/4 | weight_queues_pending=4/4
2026-09-29 14:43:05 | [UPDATE] | [learner] iter=1670 transitions=40 completion=0.00% reward=-1.450 | cost=1.205s | lr_actor=2.499e-04 lr_critic=2.499e-04 | wv=1665 stale=5 ck=ok| obj=inf completion=0.00% finite_obj=0.0% no_solution=100.0% collision=0.0% spectrum=37.5% action_range=[0.000,1.000] solver_status=optimal:0.0%,infeasible:97.5%,unknown:2.5%,error:0.0%,other:0.0% norm_count=133600
2026-09-29 14:43:05 | [QUEUE] | iter=1670 | 队列 | sample_queue=0/4 | weight_queues_pending=4/4
2026-09-29 14:43:08 | [UPDATE] | [learner] iter=1671 transitions=40 completion=0.00% reward=-1.302 | cost=1.011s | lr_actor=2.499e-04 lr_critic=2.499e-04 | wv=1666 stale=5 ck=ok| obj=inf completion=0.00% finite_obj=2.5% no_solution=97.5% collision=0.0% spectrum=35.0% action_range=[0.000,1.000] solver_status=optimal:2.5%,infeasible:90.0%,unknown:7.5%,error:0.0%,other:0.0% norm_count=133680
2026-09-29 14:43:08 | [QUEUE] | iter=1671 | 队列 | sample_queue=0/4 | weight_queues_pending=4/4
2026-09-29 14:43:11 | [UPDATE] | [learner] iter=1672 transitions=40 completion=2.50% reward=-1.277 | cost=0.862s | lr_actor=2.499e-04 lr_critic=2.499e-04 | wv=1667 stale=5 ck=ok| obj=inf completion=2.50% finite_obj=2.5% no_solution=97.5% collision=0.0% spectrum=30.0% action_range=[0.001,0.999] solver_status=optimal:2.5%,infeasible:95.0%,unknown:2.5%,error:0.0%,other:0.0% norm_count=133760
2026-09-29 14:43:11 | [QUEUE] | iter=1672 | 队列 | sample_queue=0/4 | weight_queues_pending=4/4
2026-09-29 14:43:16 | [UPDATE] | [learner] iter=1673 transitions=40 completion=2.50% reward=-1.278 | cost=1.149s | lr_actor=2.498e-04 lr_critic=2.498e-04 | wv=1668 stale=5 ck=ok| obj=inf completion=2.50% finite_obj=2.5% no_solution=97.5% collision=0.0% spectrum=30.0% action_range=[0.002,1.000] solver_status=optimal:2.5%,infeasible:90.0%,unknown:7.5%,error:0.0%,other:0.0% norm_count=133840
2026-09-29 14:43:16 | [QUEUE] | iter=1673 | 队列 | sample_queue=0/4 | weight_queues_pending=4/4
2026-09-29 14:43:19 | [UPDATE] | [learner] iter=1674 transitions=40 completion=0.00% reward=-1.300 | cost=2.029s | lr_actor=2.498e-04 lr_critic=2.498e-04 | wv=1669 stale=5 ck=ok| obj=inf completion=0.00% finite_obj=0.0% no_solution=100.0% collision=0.0% spectrum=25.0% action_range=[0.001,1.000] solver_status=optimal:0.0%,infeasible:90.0%,unknown:10.0%,error:0.0%,other:0.0% norm_count=133920
2026-09-29 14:43:19 | [QUEUE] | iter=1674 | 队列 | sample_queue=0/4 | weight_queues_pending=4/4
2026-09-29 14:43:21 | [UPDATE] | [learner] iter=1675 transitions=40 completion=0.00% reward=-1.500 | cost=1.041s | lr_actor=2.498e-04 lr_critic=2.498e-04 | wv=1670 stale=5 ck=ok| obj=inf completion=0.00% finite_obj=0.0% no_solution=100.0% collision=0.0% spectrum=45.0% action_range=[0.001,0.999] solver_status=optimal:0.0%,infeasible:87.5%,unknown:12.5%,error:0.0%,other:0.0% norm_count=134000
2026-09-29 14:43:21 | [QUEUE] | iter=1675 | 队列 | sample_queue=0/4 | weight_queues_pending=4/4
2026-09-29 14:43:26 | [UPDATE] | [learner] iter=1676 transitions=40 completion=0.00% reward=-1.175 | cost=0.965s | lr_actor=2.497e-04 lr_critic=2.497e-04 | wv=1671 stale=5 ck=ok| obj=inf completion=0.00% finite_obj=0.0% no_solution=100.0% collision=0.0% spectrum=17.5% action_range=[0.000,1.000] solver_status=optimal:0.0%,infeasible:92.5%,unknown:7.5%,error:0.0%,other:0.0% norm_count=134080
2026-09-29 14:43:26 | [QUEUE] | iter=1676 | 队列 | sample_queue=0/4 | weight_queues_pending=4/4
2026-09-29 14:43:30 | [UPDATE] | [learner] iter=1677 transitions=40 completion=2.50% reward=-1.202 | cost=0.988s | lr_actor=2.497e-04 lr_critic=2.497e-04 | wv=1672 stale=5 ck=ok| obj=inf completion=2.50% finite_obj=2.5% no_solution=97.5% collision=0.0% spectrum=25.0% action_range=[0.000,1.000] solver_status=optimal:2.5%,infeasible:80.0%,unknown:17.5%,error:0.0%,other:0.0% norm_count=134160
2026-09-29 14:43:30 | [QUEUE] | iter=1677 | 队列 | sample_queue=0/4 | weight_queues_pending=4/4
2026-09-29 14:43:31 | [UPDATE] | [learner] iter=1678 transitions=40 completion=0.00% reward=-1.425 | cost=0.961s | lr_actor=2.497e-04 lr_critic=2.497e-04 | wv=1673 stale=5 ck=ok| obj=inf completion=0.00% finite_obj=0.0% no_solution=100.0% collision=0.0% spectrum=40.0% action_range=[0.000,1.000] solver_status=optimal:0.0%,infeasible:87.5%,unknown:12.5%,error:0.0%,other:0.0% norm_count=134240
2026-09-29 14:43:31 | [QUEUE] | iter=1678 | 队列 | sample_queue=0/4 | weight_queues_pending=4/4
2026-09-29 14:43:35 | [UPDATE] | [learner] iter=1679 transitions=40 completion=0.00% reward=-1.400 | cost=0.903s | lr_actor=2.497e-04 lr_critic=2.497e-04 | wv=1674 stale=5 ck=ok| obj=inf completion=0.00% finite_obj=0.0% no_solution=100.0% collision=0.0% spectrum=35.0% action_range=[0.000,1.000] solver_status=optimal:0.0%,infeasible:90.0%,unknown:10.0%,error:0.0%,other:0.0% norm_count=134320
2026-09-29 14:43:35 | [QUEUE] | iter=1679 | 队列 | sample_queue=0/4 | weight_queues_pending=4/4
2026-09-29 14:43:39 | [UPDATE] | [learner] iter=1680 transitions=40 completion=2.50% reward=-1.302 | cost=0.810s | lr_actor=2.496e-04 lr_critic=2.496e-04 | wv=1675 stale=5 ck=ok| obj=inf completion=2.50% finite_obj=2.5% no_solution=97.5% collision=0.0% spectrum=32.5% action_range=[0.000,0.998] solver_status=optimal:2.5%,infeasible:92.5%,unknown:5.0%,error:0.0%,other:0.0% norm_count=134400
2026-09-29 14:43:39 | [QUEUE] | iter=1680 | 队列 | sample_queue=0/4 | weight_queues_pending=4/4
2026-09-29 14:43:44 | [UPDATE] | [learner] iter=1681 transitions=40 completion=0.00% reward=-1.150 | cost=1.398s | lr_actor=2.496e-04 lr_critic=2.496e-04 | wv=1676 stale=5 ck=ok| obj=inf completion=0.00% finite_obj=0.0% no_solution=100.0% collision=0.0% spectrum=12.5% action_range=[0.000,1.000] solver_status=optimal:0.0%,infeasible:97.5%,unknown:2.5%,error:0.0%,other:0.0% norm_count=134480
2026-09-29 14:43:44 | [QUEUE] | iter=1681 | 队列 | sample_queue=1/4 | weight_queues_pending=4/4
2026-09-29 14:43:46 | [UPDATE] | [learner] iter=1682 transitions=40 completion=0.00% reward=-1.175 | cost=1.318s | lr_actor=2.496e-04 lr_critic=2.496e-04 | wv=1677 stale=5 ck=ok| obj=inf completion=0.00% finite_obj=0.0% no_solution=100.0% collision=0.0% spectrum=17.5% action_range=[0.000,0.999] solver_status=optimal:0.0%,infeasible:90.0%,unknown:10.0%,error:0.0%,other:0.0% norm_count=134560
2026-09-29 14:43:46 | [QUEUE] | iter=1682 | 队列 | sample_queue=0/4 | weight_queues_pending=4/4
2026-09-29 14:43:48 | [UPDATE] | [learner] iter=1683 transitions=40 completion=2.50% reward=-1.451 | cost=1.022s | lr_actor=2.495e-04 lr_critic=2.495e-04 | wv=1678 stale=5 ck=ok| obj=inf completion=2.50% finite_obj=2.5% no_solution=97.5% collision=0.0% spectrum=47.5% action_range=[0.001,0.999] solver_status=optimal:2.5%,infeasible:95.0%,unknown:2.5%,error:0.0%,other:0.0% norm_count=134640
2026-09-29 14:43:48 | [QUEUE] | iter=1683 | 队列 | sample_queue=0/4 | weight_queues_pending=4/4
2026-09-29 14:43:52 | [UPDATE] | [learner] iter=1684 transitions=40 completion=2.50% reward=-1.331 | cost=1.043s | lr_actor=2.495e-04 lr_critic=2.495e-04 | wv=1679 stale=5 ck=ok| obj=inf completion=2.50% finite_obj=5.0% no_solution=95.0% collision=0.0% spectrum=40.0% action_range=[0.000,1.000] solver_status=optimal:5.0%,infeasible:85.0%,unknown:10.0%,error:0.0%,other:0.0% norm_count=134720
2026-09-29 14:43:52 | [QUEUE] | iter=1684 | 队列 | sample_queue=0/4 | weight_queues_pending=4/4
2026-09-29 14:43:58 | [UPDATE] | [learner] iter=1685 transitions=40 completion=0.00% reward=-1.375 | cost=1.184s | lr_actor=2.495e-04 lr_critic=2.495e-04 | wv=1680 stale=5 ck=ok| obj=inf completion=0.00% finite_obj=0.0% no_solution=100.0% collision=0.0% spectrum=37.5% action_range=[0.000,1.000] solver_status=optimal:0.0%,infeasible:97.5%,unknown:2.5%,error:0.0%,other:0.0% norm_count=134800
2026-09-29 14:43:58 | [QUEUE] | iter=1685 | 队列 | sample_queue=1/4 | weight_queues_pending=4/4
2026-09-29 14:43:59 | [UPDATE] | [learner] iter=1686 transitions=40 completion=2.50% reward=-1.278 | cost=1.220s | lr_actor=2.494e-04 lr_critic=2.494e-04 | wv=1680 stale=6 ck=ok| obj=inf completion=2.50% finite_obj=2.5% no_solution=97.5% collision=0.0% spectrum=30.0% action_range=[0.001,0.999] solver_status=optimal:2.5%,infeasible:95.0%,unknown:2.5%,error:0.0%,other:0.0% norm_count=134880
2026-09-29 14:43:59 | [QUEUE] | iter=1686 | 队列 | sample_queue=0/4 | weight_queues_pending=4/4
2026-09-29 14:44:03 | [UPDATE] | [learner] iter=1687 transitions=40 completion=0.00% reward=-1.350 | cost=0.990s | lr_actor=2.494e-04 lr_critic=2.494e-04 | wv=1682 stale=5 ck=ok| obj=inf completion=0.00% finite_obj=0.0% no_solution=100.0% collision=0.0% spectrum=32.5% action_range=[0.000,1.000] solver_status=optimal:0.0%,infeasible:92.5%,unknown:7.5%,error:0.0%,other:0.0% norm_count=134960
2026-09-29 14:44:03 | [QUEUE] | iter=1687 | 队列 | sample_queue=0/4 | weight_queues_pending=4/4
2026-09-29 14:44:06 | [UPDATE] | [learner] iter=1688 transitions=40 completion=0.00% reward=-1.376 | cost=1.068s | lr_actor=2.494e-04 lr_critic=2.494e-04 | wv=1683 stale=5 ck=ok| obj=inf completion=0.00% finite_obj=2.5% no_solution=97.5% collision=0.0% spectrum=42.5% action_range=[0.000,1.000] solver_status=optimal:2.5%,infeasible:92.5%,unknown:5.0%,error:0.0%,other:0.0% norm_count=135040
2026-09-29 14:44:06 | [QUEUE] | iter=1688 | 队列 | sample_queue=0/4 | weight_queues_pending=4/4
2026-09-29 14:44:12 | [UPDATE] | [learner] iter=1689 transitions=40 completion=0.00% reward=-1.225 | cost=0.966s | lr_actor=2.494e-04 lr_critic=2.494e-04 | wv=1684 stale=5 ck=ok| obj=inf completion=0.00% finite_obj=0.0% no_solution=100.0% collision=0.0% spectrum=22.5% action_range=[0.000,0.999] solver_status=optimal:0.0%,infeasible:90.0%,unknown:10.0%,error:0.0%,other:0.0% norm_count=135120
2026-09-29 14:44:12 | [QUEUE] | iter=1689 | 队列 | sample_queue=0/4 | weight_queues_pending=4/4
2026-09-29 14:44:13 | [UPDATE] | [learner] iter=1690 transitions=40 completion=5.00% reward=-1.154 | cost=1.307s | lr_actor=2.493e-04 lr_critic=2.493e-04 | wv=1684 stale=6 ck=ok| obj=inf completion=5.00% finite_obj=5.0% no_solution=95.0% collision=0.0% spectrum=25.0% action_range=[0.000,1.000] solver_status=optimal:5.0%,infeasible:90.0%,unknown:5.0%,error:0.0%,other:0.0% norm_count=135200
2026-09-29 14:44:13 | [QUEUE] | iter=1690 | 队列 | sample_queue=0/4 | weight_queues_pending=4/4
2026-09-29 14:44:16 | [UPDATE] | [learner] iter=1691 transitions=40 completion=2.50% reward=-1.178 | cost=0.930s | lr_actor=2.493e-04 lr_critic=2.493e-04 | wv=1686 stale=5 ck=ok| obj=inf completion=2.50% finite_obj=2.5% no_solution=97.5% collision=0.0% spectrum=20.0% action_range=[0.000,0.999] solver_status=optimal:2.5%,infeasible:95.0%,unknown:2.5%,error:0.0%,other:0.0% norm_count=135280
2026-09-29 14:44:16 | [QUEUE] | iter=1691 | 队列 | sample_queue=0/4 | weight_queues_pending=4/4
2026-09-29 14:44:19 | [UPDATE] | [learner] iter=1692 transitions=40 completion=0.00% reward=-1.375 | cost=1.142s | lr_actor=2.493e-04 lr_critic=2.493e-04 | wv=1687 stale=5 ck=ok| obj=inf completion=0.00% finite_obj=0.0% no_solution=100.0% collision=0.0% spectrum=35.0% action_range=[0.001,1.000] solver_status=optimal:0.0%,infeasible:90.0%,unknown:10.0%,error:0.0%,other:0.0% norm_count=135360
2026-09-29 14:44:19 | [QUEUE] | iter=1692 | 队列 | sample_queue=0/4 | weight_queues_pending=4/4
2026-09-29 14:44:27 | [UPDATE] | [learner] iter=1693 transitions=40 completion=0.00% reward=-1.350 | cost=1.714s | lr_actor=2.492e-04 lr_critic=2.492e-04 | wv=1688 stale=5 ck=ok| obj=inf completion=0.00% finite_obj=0.0% no_solution=100.0% collision=0.0% spectrum=35.0% action_range=[0.001,1.000] solver_status=optimal:0.0%,infeasible:92.5%,unknown:7.5%,error:0.0%,other:0.0% norm_count=135440
2026-09-29 14:44:27 | [QUEUE] | iter=1693 | 队列 | sample_queue=1/4 | weight_queues_pending=4/4
2026-09-29 14:44:29 | [UPDATE] | [learner] iter=1694 transitions=40 completion=0.00% reward=-1.475 | cost=1.327s | lr_actor=2.492e-04 lr_critic=2.492e-04 | wv=1689 stale=5 ck=ok| obj=inf completion=0.00% finite_obj=0.0% no_solution=100.0% collision=0.0% spectrum=42.5% action_range=[0.000,0.999] solver_status=optimal:0.0%,infeasible:92.5%,unknown:7.5%,error:0.0%,other:0.0% norm_count=135520
2026-09-29 14:44:29 | [QUEUE] | iter=1694 | 队列 | sample_queue=0/4 | weight_queues_pending=4/4
2026-09-29 14:44:31 | [UPDATE] | [learner] iter=1695 transitions=40 completion=0.00% reward=-1.350 | cost=0.973s | lr_actor=2.492e-04 lr_critic=2.492e-04 | wv=1690 stale=5 ck=ok| obj=inf completion=0.00% finite_obj=0.0% no_solution=100.0% collision=0.0% spectrum=32.5% action_range=[0.000,1.000] solver_status=optimal:0.0%,infeasible:90.0%,unknown:10.0%,error:0.0%,other:0.0% norm_count=135600
2026-09-29 14:44:32 | [QUEUE] | iter=1695 | 队列 | sample_queue=0/4 | weight_queues_pending=4/4
2026-09-29 14:44:33 | [UPDATE] | [learner] iter=1696 transitions=40 completion=0.00% reward=-1.200 | cost=0.735s | lr_actor=2.491e-04 lr_critic=2.491e-04 | wv=1691 stale=5 ck=ok| obj=inf completion=0.00% finite_obj=0.0% no_solution=100.0% collision=0.0% spectrum=17.5% action_range=[0.000,1.000] solver_status=optimal:0.0%,infeasible:100.0%,unknown:0.0%,error:0.0%,other:0.0% norm_count=135680
2026-09-29 14:44:33 | [QUEUE] | iter=1696 | 队列 | sample_queue=0/4 | weight_queues_pending=4/4
2026-09-29 14:44:40 | [UPDATE] | [learner] iter=1697 transitions=40 completion=0.00% reward=-1.350 | cost=0.855s | lr_actor=2.491e-04 lr_critic=2.491e-04 | wv=1692 stale=5 ck=ok| obj=inf completion=0.00% finite_obj=0.0% no_solution=100.0% collision=0.0% spectrum=35.0% action_range=[0.000,0.999] solver_status=optimal:0.0%,infeasible:87.5%,unknown:12.5%,error:0.0%,other:0.0% norm_count=135760
2026-09-29 14:44:40 | [QUEUE] | iter=1697 | 队列 | sample_queue=1/4 | weight_queues_pending=4/4
2026-09-29 14:44:40 | [UPDATE] | [learner] iter=1698 transitions=40 completion=0.00% reward=-1.225 | cost=0.747s | lr_actor=2.491e-04 lr_critic=2.491e-04 | wv=1692 stale=6 ck=ok| obj=inf completion=0.00% finite_obj=0.0% no_solution=100.0% collision=0.0% spectrum=22.5% action_range=[0.000,1.000] solver_status=optimal:0.0%,infeasible:87.5%,unknown:12.5%,error:0.0%,other:0.0% norm_count=135840
2026-09-29 14:44:40 | [QUEUE] | iter=1698 | 队列 | sample_queue=0/4 | weight_queues_pending=4/4
2026-09-29 14:44:44 | [UPDATE] | [learner] iter=1699 transitions=40 completion=0.00% reward=-1.250 | cost=1.135s | lr_actor=2.491e-04 lr_critic=2.491e-04 | wv=1694 stale=5 ck=ok| obj=inf completion=0.00% finite_obj=0.0% no_solution=100.0% collision=0.0% spectrum=25.0% action_range=[0.001,1.000] solver_status=optimal:0.0%,infeasible:90.0%,unknown:10.0%,error:0.0%,other:0.0% norm_count=135920
2026-09-29 14:44:44 | [QUEUE] | iter=1699 | 队列 | sample_queue=0/4 | weight_queues_pending=4/4
2026-09-29 14:44:46 | [UPDATE] | [learner] iter=1700 transitions=40 completion=0.00% reward=-1.375 | cost=1.102s | lr_actor=2.490e-04 lr_critic=2.490e-04 | wv=1695 stale=5 ck=ok| obj=inf completion=0.00% finite_obj=0.0% no_solution=100.0% collision=0.0% spectrum=32.5% action_range=[0.000,1.000] solver_status=optimal:0.0%,infeasible:90.0%,unknown:10.0%,error:0.0%,other:0.0% norm_count=136000
2026-09-29 14:44:46 | [QUEUE] | iter=1700 | 队列 | sample_queue=0/4 | weight_queues_pending=4/4
2026-09-29 14:44:54 | [UPDATE] | [learner] iter=1701 transitions=40 completion=0.00% reward=-1.400 | cost=1.438s | lr_actor=2.490e-04 lr_critic=2.490e-04 | wv=1696 stale=5 ck=ok| obj=inf completion=0.00% finite_obj=0.0% no_solution=100.0% collision=0.0% spectrum=30.0% action_range=[0.000,0.999] solver_status=optimal:0.0%,infeasible:92.5%,unknown:7.5%,error:0.0%,other:0.0% norm_count=136080
2026-09-29 14:44:54 | [QUEUE] | iter=1701 | 队列 | sample_queue=1/4 | weight_queues_pending=4/4
2026-09-29 14:44:56 | [UPDATE] | [learner] iter=1702 transitions=40 completion=2.50% reward=-1.229 | cost=1.040s | lr_actor=2.490e-04 lr_critic=2.490e-04 | wv=1696 stale=6 ck=ok| obj=inf completion=2.50% finite_obj=2.5% no_solution=97.5% collision=0.0% spectrum=25.0% action_range=[0.001,0.999] solver_status=optimal:2.5%,infeasible:87.5%,unknown:10.0%,error:0.0%,other:0.0% norm_count=136160
2026-09-29 14:44:56 | [QUEUE] | iter=1702 | 队列 | sample_queue=1/4 | weight_queues_pending=4/4
2026-09-29 14:44:57 | [UPDATE] | [learner] iter=1703 transitions=40 completion=0.00% reward=-1.250 | cost=0.975s | lr_actor=2.489e-04 lr_critic=2.489e-04 | wv=1698 stale=5 ck=ok| obj=inf completion=0.00% finite_obj=0.0% no_solution=100.0% collision=0.0% spectrum=25.0% action_range=[0.001,1.000] solver_status=optimal:0.0%,infeasible:90.0%,unknown:10.0%,error:0.0%,other:0.0% norm_count=136240
2026-09-29 14:44:57 | [QUEUE] | iter=1703 | 队列 | sample_queue=0/4 | weight_queues_pending=4/4
2026-09-29 14:44:59 | [UPDATE] | [learner] iter=1704 transitions=40 completion=0.00% reward=-1.275 | cost=0.942s | lr_actor=2.489e-04 lr_critic=2.489e-04 | wv=1699 stale=5 ck=ok| obj=inf completion=0.00% finite_obj=0.0% no_solution=100.0% collision=0.0% spectrum=25.0% action_range=[0.000,0.999] solver_status=optimal:0.0%,infeasible:87.5%,unknown:12.5%,error:0.0%,other:0.0% norm_count=136320
2026-09-29 14:44:59 | [QUEUE] | iter=1704 | 队列 | sample_queue=0/4 | weight_queues_pending=4/4
2026-09-29 14:45:11 | [UPDATE] | [learner] iter=1705 transitions=40 completion=0.00% reward=-1.350 | cost=1.042s | lr_actor=2.489e-04 lr_critic=2.489e-04 | wv=1700 stale=5 ck=ok| obj=inf completion=0.00% finite_obj=0.0% no_solution=100.0% collision=0.0% spectrum=35.0% action_range=[0.000,0.999] solver_status=optimal:0.0%,infeasible:95.0%,unknown:5.0%,error:0.0%,other:0.0% norm_count=136400
2026-09-29 14:45:11 | [QUEUE] | iter=1705 | 队列 | sample_queue=0/4 | weight_queues_pending=4/4
2026-09-29 14:45:13 | [UPDATE] | [learner] iter=1706 transitions=40 completion=2.50% reward=-1.152 | cost=0.961s | lr_actor=2.489e-04 lr_critic=2.489e-04 | wv=1700 stale=6 ck=ok| obj=inf completion=2.50% finite_obj=2.5% no_solution=97.5% collision=0.0% spectrum=20.0% action_range=[0.000,1.000] solver_status=optimal:2.5%,infeasible:95.0%,unknown:2.5%,error:0.0%,other:0.0% norm_count=136480
2026-09-29 14:45:13 | [QUEUE] | iter=1706 | 队列 | sample_queue=0/4 | weight_queues_pending=4/4
2026-09-29 14:45:14 | [UPDATE] | [learner] iter=1707 transitions=40 completion=0.00% reward=-1.300 | cost=1.065s | lr_actor=2.488e-04 lr_critic=2.488e-04 | wv=1701 stale=6 ck=ok| obj=inf completion=0.00% finite_obj=0.0% no_solution=100.0% collision=0.0% spectrum=27.5% action_range=[0.000,1.000] solver_status=optimal:0.0%,infeasible:90.0%,unknown:10.0%,error:0.0%,other:0.0% norm_count=136560
2026-09-29 14:45:14 | [QUEUE] | iter=1707 | 队列 | sample_queue=0/4 | weight_queues_pending=4/4
2026-09-29 14:45:19 | [UPDATE] | [learner] iter=1708 transitions=40 completion=0.00% reward=-1.225 | cost=2.973s | lr_actor=2.488e-04 lr_critic=2.488e-04 | wv=1703 stale=5 ck=ok| obj=inf completion=0.00% finite_obj=0.0% no_solution=100.0% collision=0.0% spectrum=22.5% action_range=[0.000,0.999] solver_status=optimal:0.0%,infeasible:100.0%,unknown:0.0%,error:0.0%,other:0.0% norm_count=136640
2026-09-29 14:45:19 | [QUEUE] | iter=1708 | 队列 | sample_queue=0/4 | weight_queues_pending=4/4
2026-09-29 14:45:30 | [UPDATE] | [learner] iter=1709 transitions=40 completion=2.50% reward=-1.255 | cost=1.704s | lr_actor=2.488e-04 lr_critic=2.488e-04 | wv=1706 stale=3 ck=ok| obj=inf completion=2.50% finite_obj=2.5% no_solution=97.5% collision=0.0% spectrum=27.5% action_range=[0.000,1.000] solver_status=optimal:2.5%,infeasible:92.5%,unknown:5.0%,error:0.0%,other:0.0% norm_count=136720
2026-09-29 14:45:30 | [QUEUE] | iter=1709 | 队列 | sample_queue=2/4 | weight_queues_pending=4/4
2026-09-29 14:45:31 | [UPDATE] | [learner] iter=1710 transitions=40 completion=0.00% reward=-1.350 | cost=0.922s | lr_actor=2.487e-04 lr_critic=2.487e-04 | wv=1705 stale=5 ck=ok| obj=inf completion=0.00% finite_obj=0.0% no_solution=100.0% collision=0.0% spectrum=32.5% action_range=[0.000,1.000] solver_status=optimal:0.0%,infeasible:95.0%,unknown:5.0%,error:0.0%,other:0.0% norm_count=136800
2026-09-29 14:45:31 | [QUEUE] | iter=1710 | 队列 | sample_queue=1/4 | weight_queues_pending=4/4
2026-09-29 14:45:32 | [UPDATE] | [learner] iter=1711 transitions=40 completion=5.00% reward=-1.204 | cost=1.281s | lr_actor=2.487e-04 lr_critic=2.487e-04 | wv=1704 stale=7 ck=ok| obj=inf completion=5.00% finite_obj=5.0% no_solution=95.0% collision=0.0% spectrum=22.5% action_range=[0.000,1.000] solver_status=optimal:5.0%,infeasible:87.5%,unknown:7.5%,error:0.0%,other:0.0% norm_count=136880
2026-09-29 14:45:32 | [QUEUE] | iter=1711 | 队列 | sample_queue=1/4 | weight_queues_pending=4/4
2026-09-29 14:45:33 | [UPDATE] | [learner] iter=1712 transitions=40 completion=2.50% reward=-1.152 | cost=1.040s | lr_actor=2.487e-04 lr_critic=2.487e-04 | wv=1707 stale=5 ck=ok| obj=inf completion=2.50% finite_obj=2.5% no_solution=97.5% collision=0.0% spectrum=20.0% action_range=[0.000,0.999] solver_status=optimal:2.5%,infeasible:87.5%,unknown:10.0%,error:0.0%,other:0.0% norm_count=136960
2026-09-29 14:45:33 | [QUEUE] | iter=1712 | 队列 | sample_queue=0/4 | weight_queues_pending=4/4
2026-09-29 14:45:45 | [UPDATE] | [learner] iter=1713 transitions=40 completion=0.00% reward=-1.350 | cost=1.243s | lr_actor=2.486e-04 lr_critic=2.486e-04 | wv=1708 stale=5 ck=ok| obj=inf completion=0.00% finite_obj=0.0% no_solution=100.0% collision=0.0% spectrum=32.5% action_range=[0.000,1.000] solver_status=optimal:0.0%,infeasible:85.0%,unknown:15.0%,error:0.0%,other:0.0% norm_count=137040
2026-09-29 14:45:45 | [QUEUE] | iter=1713 | 队列 | sample_queue=3/4 | weight_queues_pending=4/4
2026-09-29 14:45:46 | [UPDATE] | [learner] iter=1714 transitions=40 completion=0.00% reward=-1.425 | cost=0.941s | lr_actor=2.486e-04 lr_critic=2.486e-04 | wv=1710 stale=4 ck=ok| obj=inf completion=0.00% finite_obj=0.0% no_solution=100.0% collision=0.0% spectrum=37.5% action_range=[0.001,0.999] solver_status=optimal:0.0%,infeasible:92.5%,unknown:7.5%,error:0.0%,other:0.0% norm_count=137120
2026-09-29 14:45:46 | [QUEUE] | iter=1714 | 队列 | sample_queue=2/4 | weight_queues_pending=4/4
2026-09-29 14:45:47 | [UPDATE] | [learner] iter=1715 transitions=40 completion=2.50% reward=-1.206 | cost=1.013s | lr_actor=2.486e-04 lr_critic=2.486e-04 | wv=1708 stale=7 ck=ok| obj=inf completion=2.50% finite_obj=5.0% no_solution=95.0% collision=0.0% spectrum=25.0% action_range=[0.000,1.000] solver_status=optimal:5.0%,infeasible:87.5%,unknown:7.5%,error:0.0%,other:0.0% norm_count=137200
2026-09-29 14:45:47 | [QUEUE] | iter=1715 | 队列 | sample_queue=1/4 | weight_queues_pending=4/4
2026-09-29 14:45:48 | [UPDATE] | [learner] iter=1716 transitions=40 completion=0.00% reward=-1.375 | cost=1.253s | lr_actor=2.485e-04 lr_critic=2.485e-04 | wv=1708 stale=8 ck=ok| obj=inf completion=0.00% finite_obj=0.0% no_solution=100.0% collision=0.0% spectrum=35.0% action_range=[0.000,1.000] solver_status=optimal:0.0%,infeasible:100.0%,unknown:0.0%,error:0.0%,other:0.0% norm_count=137280
2026-09-29 14:45:48 | [QUEUE] | iter=1716 | 队列 | sample_queue=0/4 | weight_queues_pending=4/4
2026-09-29 14:46:00 | [UPDATE] | [learner] iter=1717 transitions=40 completion=0.00% reward=-1.400 | cost=1.875s | lr_actor=2.485e-04 lr_critic=2.485e-04 | wv=1712 stale=5 ck=ok| obj=inf completion=0.00% finite_obj=0.0% no_solution=100.0% collision=0.0% spectrum=37.5% action_range=[0.001,1.000] solver_status=optimal:0.0%,infeasible:95.0%,unknown:5.0%,error:0.0%,other:0.0% norm_count=137360
2026-09-29 14:46:00 | [QUEUE] | iter=1717 | 队列 | sample_queue=2/4 | weight_queues_pending=4/4
2026-09-29 14:46:02 | [UPDATE] | [learner] iter=1718 transitions=40 completion=0.00% reward=-1.325 | cost=1.708s | lr_actor=2.485e-04 lr_critic=2.485e-04 | wv=1712 stale=6 ck=ok| obj=inf completion=0.00% finite_obj=0.0% no_solution=100.0% collision=0.0% spectrum=32.5% action_range=[0.000,1.000] solver_status=optimal:0.0%,infeasible:92.5%,unknown:7.5%,error:0.0%,other:0.0% norm_count=137440
2026-09-29 14:46:02 | [QUEUE] | iter=1718 | 队列 | sample_queue=2/4 | weight_queues_pending=4/4
2026-09-29 14:46:03 | [UPDATE] | [learner] iter=1719 transitions=40 completion=2.50% reward=-1.303 | cost=1.516s | lr_actor=2.485e-04 lr_critic=2.485e-04 | wv=1712 stale=7 ck=ok| obj=inf completion=2.50% finite_obj=2.5% no_solution=97.5% collision=0.0% spectrum=32.5% action_range=[0.000,1.000] solver_status=optimal:2.5%,infeasible:87.5%,unknown:10.0%,error:0.0%,other:0.0% norm_count=137520
2026-09-29 14:46:03 | [QUEUE] | iter=1719 | 队列 | sample_queue=1/4 | weight_queues_pending=4/4
2026-09-29 14:46:05 | [UPDATE] | [learner] iter=1720 transitions=40 completion=0.00% reward=-1.250 | cost=1.255s | lr_actor=2.484e-04 lr_critic=2.484e-04 | wv=1712 stale=8 ck=ok| obj=inf completion=0.00% finite_obj=0.0% no_solution=100.0% collision=0.0% spectrum=22.5% action_range=[0.000,1.000] solver_status=optimal:0.0%,infeasible:97.5%,unknown:2.5%,error:0.0%,other:0.0% norm_count=137600
2026-09-29 14:46:05 | [QUEUE] | iter=1720 | 队列 | sample_queue=0/4 | weight_queues_pending=4/4
2026-09-29 14:46:16 | [UPDATE] | [learner] iter=1721 transitions=40 completion=0.00% reward=-1.400 | cost=1.555s | lr_actor=2.484e-04 lr_critic=2.484e-04 | wv=1716 stale=5 ck=ok| obj=inf completion=0.00% finite_obj=0.0% no_solution=100.0% collision=0.0% spectrum=40.0% action_range=[0.000,1.000] solver_status=optimal:0.0%,infeasible:92.5%,unknown:7.5%,error:0.0%,other:0.0% norm_count=137680
2026-09-29 14:46:16 | [QUEUE] | iter=1721 | 队列 | sample_queue=3/4 | weight_queues_pending=4/4
2026-09-29 14:46:17 | [UPDATE] | [learner] iter=1722 transitions=40 completion=0.00% reward=-1.350 | cost=1.323s | lr_actor=2.484e-04 lr_critic=2.484e-04 | wv=1717 stale=5 ck=ok| obj=inf completion=0.00% finite_obj=0.0% no_solution=100.0% collision=0.0% spectrum=35.0% action_range=[0.001,1.000] solver_status=optimal:0.0%,infeasible:92.5%,unknown:7.5%,error:0.0%,other:0.0% norm_count=137760
2026-09-29 14:46:17 | [QUEUE] | iter=1722 | 队列 | sample_queue=2/4 | weight_queues_pending=4/4
2026-09-29 14:46:20 | [UPDATE] | [learner] iter=1723 transitions=40 completion=0.00% reward=-1.225 | cost=2.341s | lr_actor=2.483e-04 lr_critic=2.483e-04 | wv=1716 stale=7 ck=ok| obj=inf completion=0.00% finite_obj=0.0% no_solution=100.0% collision=0.0% spectrum=20.0% action_range=[0.001,1.000] solver_status=optimal:0.0%,infeasible:97.5%,unknown:2.5%,error:0.0%,other:0.0% norm_count=137840
2026-09-29 14:46:20 | [QUEUE] | iter=1723 | 队列 | sample_queue=1/4 | weight_queues_pending=4/4
2026-09-29 14:46:21 | [UPDATE] | [learner] iter=1724 transitions=40 completion=0.00% reward=-1.325 | cost=1.623s | lr_actor=2.483e-04 lr_critic=2.483e-04 | wv=1716 stale=8 ck=ok| obj=inf completion=0.00% finite_obj=0.0% no_solution=100.0% collision=0.0% spectrum=32.5% action_range=[0.000,1.000] solver_status=optimal:0.0%,infeasible:95.0%,unknown:5.0%,error:0.0%,other:0.0% norm_count=137920
2026-09-29 14:46:21 | [QUEUE] | iter=1724 | 队列 | sample_queue=0/4 | weight_queues_pending=4/4
2026-09-29 14:46:32 | [UPDATE] | [learner] iter=1725 transitions=40 completion=2.50% reward=-1.327 | cost=1.097s | lr_actor=2.483e-04 lr_critic=2.483e-04 | wv=1720 stale=5 ck=ok| obj=inf completion=2.50% finite_obj=2.5% no_solution=97.5% collision=0.0% spectrum=35.0% action_range=[0.000,1.000] solver_status=optimal:2.5%,infeasible:90.0%,unknown:7.5%,error:0.0%,other:0.0% norm_count=138000
2026-09-29 14:46:32 | [QUEUE] | iter=1725 | 队列 | sample_queue=2/4 | weight_queues_pending=4/4
2026-09-29 14:46:33 | [UPDATE] | [learner] iter=1726 transitions=40 completion=2.50% reward=-1.228 | cost=0.906s | lr_actor=2.482e-04 lr_critic=2.482e-04 | wv=1720 stale=6 ck=ok| obj=inf completion=2.50% finite_obj=2.5% no_solution=97.5% collision=0.0% spectrum=27.5% action_range=[0.000,1.000] solver_status=optimal:2.5%,infeasible:82.5%,unknown:15.0%,error:0.0%,other:0.0% norm_count=138080
2026-09-29 14:46:33 | [QUEUE] | iter=1726 | 队列 | sample_queue=2/4 | weight_queues_pending=4/4
2026-09-29 14:46:35 | [UPDATE] | [learner] iter=1727 transitions=40 completion=2.50% reward=-1.156 | cost=1.697s | lr_actor=2.482e-04 lr_critic=2.482e-04 | wv=1720 stale=7 ck=ok| obj=inf completion=2.50% finite_obj=5.0% no_solution=95.0% collision=0.0% spectrum=25.0% action_range=[0.000,1.000] solver_status=optimal:5.0%,infeasible:82.5%,unknown:12.5%,error:0.0%,other:0.0% norm_count=138160
2026-09-29 14:46:35 | [QUEUE] | iter=1727 | 队列 | sample_queue=1/4 | weight_queues_pending=4/4
2026-09-29 14:46:36 | [UPDATE] | [learner] iter=1728 transitions=40 completion=2.50% reward=-1.329 | cost=1.114s | lr_actor=2.482e-04 lr_critic=2.482e-04 | wv=1720 stale=8 ck=ok| obj=inf completion=2.50% finite_obj=2.5% no_solution=97.5% collision=0.0% spectrum=35.0% action_range=[0.000,1.000] solver_status=optimal:2.5%,infeasible:85.0%,unknown:12.5%,error:0.0%,other:0.0% norm_count=138240
2026-09-29 14:46:36 | [QUEUE] | iter=1728 | 队列 | sample_queue=0/4 | weight_queues_pending=4/4
2026-09-29 14:46:46 | [UPDATE] | [learner] iter=1729 transitions=40 completion=0.00% reward=-1.125 | cost=1.477s | lr_actor=2.482e-04 lr_critic=2.482e-04 | wv=1724 stale=5 ck=ok| obj=inf completion=0.00% finite_obj=0.0% no_solution=100.0% collision=0.0% spectrum=12.5% action_range=[0.000,1.000] solver_status=optimal:0.0%,infeasible:97.5%,unknown:2.5%,error:0.0%,other:0.0% norm_count=138320
2026-09-29 14:46:46 | [QUEUE] | iter=1729 | 队列 | sample_queue=0/4 | weight_queues_pending=4/4
2026-09-29 14:46:48 | [UPDATE] | [learner] iter=1730 transitions=40 completion=2.50% reward=-1.404 | cost=0.840s | lr_actor=2.481e-04 lr_critic=2.481e-04 | wv=1720 stale=10 ck=ok| obj=inf completion=2.50% finite_obj=2.5% no_solution=97.5% collision=0.0% spectrum=45.0% action_range=[0.000,1.000] solver_status=optimal:2.5%,infeasible:87.5%,unknown:10.0%,error:0.0%,other:0.0% norm_count=138400
2026-09-29 14:46:48 | [QUEUE] | iter=1730 | 队列 | sample_queue=2/4 | weight_queues_pending=4/4
2026-09-29 14:46:49 | [UPDATE] | [learner] iter=1731 transitions=40 completion=0.00% reward=-1.300 | cost=1.037s | lr_actor=2.481e-04 lr_critic=2.481e-04 | wv=1724 stale=7 ck=ok| obj=inf completion=0.00% finite_obj=0.0% no_solution=100.0% collision=0.0% spectrum=30.0% action_range=[0.001,1.000] solver_status=optimal:0.0%,infeasible:90.0%,unknown:10.0%,error:0.0%,other:0.0% norm_count=138480
2026-09-29 14:46:49 | [QUEUE] | iter=1731 | 队列 | sample_queue=1/4 | weight_queues_pending=4/4
2026-09-29 14:46:50 | [UPDATE] | [learner] iter=1732 transitions=40 completion=0.00% reward=-1.300 | cost=0.804s | lr_actor=2.481e-04 lr_critic=2.481e-04 | wv=1724 stale=8 ck=ok| obj=inf completion=0.00% finite_obj=0.0% no_solution=100.0% collision=0.0% spectrum=30.0% action_range=[0.000,1.000] solver_status=optimal:0.0%,infeasible:87.5%,unknown:12.5%,error:0.0%,other:0.0% norm_count=138560
2026-09-29 14:46:50 | [QUEUE] | iter=1732 | 队列 | sample_queue=0/4 | weight_queues_pending=4/4
2026-09-29 14:46:58 | [UPDATE] | [learner] iter=1733 transitions=40 completion=0.00% reward=-1.225 | cost=1.106s | lr_actor=2.480e-04 lr_critic=2.480e-04 | wv=1728 stale=5 ck=ok| obj=inf completion=0.00% finite_obj=0.0% no_solution=100.0% collision=0.0% spectrum=20.0% action_range=[0.000,1.000] solver_status=optimal:0.0%,infeasible:100.0%,unknown:0.0%,error:0.0%,other:0.0% norm_count=138640
2026-09-29 14:46:58 | [QUEUE] | iter=1733 | 队列 | sample_queue=0/4 | weight_queues_pending=4/4
2026-09-29 14:47:02 | [UPDATE] | [learner] iter=1734 transitions=40 completion=0.00% reward=-1.325 | cost=1.191s | lr_actor=2.480e-04 lr_critic=2.480e-04 | wv=1729 stale=5 ck=ok| obj=inf completion=0.00% finite_obj=0.0% no_solution=100.0% collision=0.0% spectrum=30.0% action_range=[0.000,1.000] solver_status=optimal:0.0%,infeasible:92.5%,unknown:7.5%,error:0.0%,other:0.0% norm_count=138720
2026-09-29 14:47:02 | [QUEUE] | iter=1734 | 队列 | sample_queue=1/4 | weight_queues_pending=4/4
2026-09-29 14:47:03 | [UPDATE] | [learner] iter=1735 transitions=40 completion=0.00% reward=-1.350 | cost=0.809s | lr_actor=2.480e-04 lr_critic=2.480e-04 | wv=1729 stale=6 ck=ok| obj=inf completion=0.00% finite_obj=0.0% no_solution=100.0% collision=0.0% spectrum=32.5% action_range=[0.000,0.999] solver_status=optimal:0.0%,infeasible:100.0%,unknown:0.0%,error:0.0%,other:0.0% norm_count=138800
2026-09-29 14:47:03 | [QUEUE] | iter=1735 | 队列 | sample_queue=0/4 | weight_queues_pending=4/4
2026-09-29 14:47:04 | [UPDATE] | [learner] iter=1736 transitions=40 completion=0.00% reward=-1.275 | cost=1.113s | lr_actor=2.479e-04 lr_critic=2.479e-04 | wv=1729 stale=7 ck=ok| obj=inf completion=0.00% finite_obj=0.0% no_solution=100.0% collision=0.0% spectrum=25.0% action_range=[0.000,1.000] solver_status=optimal:0.0%,infeasible:95.0%,unknown:5.0%,error:0.0%,other:0.0% norm_count=138880
2026-09-29 14:47:04 | [QUEUE] | iter=1736 | 队列 | sample_queue=0/4 | weight_queues_pending=4/4
2026-09-29 14:47:14 | [UPDATE] | [learner] iter=1737 transitions=40 completion=2.50% reward=-1.278 | cost=0.881s | lr_actor=2.479e-04 lr_critic=2.479e-04 | wv=1732 stale=5 ck=ok| obj=inf completion=2.50% finite_obj=2.5% no_solution=97.5% collision=0.0% spectrum=30.0% action_range=[0.000,1.000] solver_status=optimal:2.5%,infeasible:97.5%,unknown:0.0%,error:0.0%,other:0.0% norm_count=138960
2026-09-29 14:47:14 | [QUEUE] | iter=1737 | 队列 | sample_queue=0/4 | weight_queues_pending=4/4
2026-09-29 14:47:15 | [UPDATE] | [learner] iter=1738 transitions=40 completion=0.00% reward=-1.300 | cost=0.905s | lr_actor=2.479e-04 lr_critic=2.479e-04 | wv=1733 stale=5 ck=ok| obj=inf completion=0.00% finite_obj=0.0% no_solution=100.0% collision=0.0% spectrum=25.0% action_range=[0.000,1.000] solver_status=optimal:0.0%,infeasible:95.0%,unknown:5.0%,error:0.0%,other:0.0% norm_count=139040
2026-09-29 14:47:15 | [QUEUE] | iter=1738 | 队列 | sample_queue=1/4 | weight_queues_pending=4/4
2026-09-29 14:47:16 | [UPDATE] | [learner] iter=1739 transitions=40 completion=2.50% reward=-1.151 | cost=0.953s | lr_actor=2.479e-04 lr_critic=2.479e-04 | wv=1733 stale=6 ck=ok| obj=inf completion=2.50% finite_obj=2.5% no_solution=97.5% collision=0.0% spectrum=20.0% action_range=[0.000,1.000] solver_status=optimal:2.5%,infeasible:80.0%,unknown:17.5%,error:0.0%,other:0.0% norm_count=139120
2026-09-29 14:47:16 | [QUEUE] | iter=1739 | 队列 | sample_queue=0/4 | weight_queues_pending=4/4
2026-09-29 14:47:18 | [UPDATE] | [learner] iter=1740 transitions=40 completion=0.00% reward=-1.450 | cost=0.906s | lr_actor=2.478e-04 lr_critic=2.478e-04 | wv=1735 stale=5 ck=ok| obj=inf completion=0.00% finite_obj=0.0% no_solution=100.0% collision=0.0% spectrum=45.0% action_range=[0.000,1.000] solver_status=optimal:0.0%,infeasible:92.5%,unknown:7.5%,error:0.0%,other:0.0% norm_count=139200
2026-09-29 14:47:18 | [QUEUE] | iter=1740 | 队列 | sample_queue=0/4 | weight_queues_pending=4/4
2026-09-29 14:47:29 | [UPDATE] | [learner] iter=1741 transitions=40 completion=2.50% reward=-1.478 | cost=1.590s | lr_actor=2.478e-04 lr_critic=2.478e-04 | wv=1736 stale=5 ck=ok| obj=inf completion=2.50% finite_obj=2.5% no_solution=97.5% collision=0.0% spectrum=52.5% action_range=[0.001,1.000] solver_status=optimal:2.5%,infeasible:87.5%,unknown:10.0%,error:0.0%,other:0.0% norm_count=139280
2026-09-29 14:47:29 | [QUEUE] | iter=1741 | 队列 | sample_queue=1/4 | weight_queues_pending=4/4
2026-09-29 14:47:31 | [UPDATE] | [learner] iter=1742 transitions=40 completion=2.50% reward=-1.426 | cost=1.624s | lr_actor=2.478e-04 lr_critic=2.478e-04 | wv=1737 stale=5 ck=ok| obj=inf completion=2.50% finite_obj=2.5% no_solution=97.5% collision=0.0% spectrum=45.0% action_range=[0.000,1.000] solver_status=optimal:2.5%,infeasible:87.5%,unknown:10.0%,error:0.0%,other:0.0% norm_count=139360
2026-09-29 14:47:31 | [QUEUE] | iter=1742 | 队列 | sample_queue=1/4 | weight_queues_pending=4/4
2026-09-29 14:47:33 | [UPDATE] | [learner] iter=1743 transitions=40 completion=2.50% reward=-1.402 | cost=1.586s | lr_actor=2.477e-04 lr_critic=2.477e-04 | wv=1737 stale=6 ck=ok| obj=inf completion=2.50% finite_obj=2.5% no_solution=97.5% collision=0.0% spectrum=42.5% action_range=[0.000,0.999] solver_status=optimal:2.5%,infeasible:92.5%,unknown:5.0%,error:0.0%,other:0.0% norm_count=139440
2026-09-29 14:47:33 | [QUEUE] | iter=1743 | 队列 | sample_queue=0/4 | weight_queues_pending=4/4
2026-09-29 14:47:36 | [UPDATE] | [learner] iter=1744 transitions=40 completion=0.00% reward=-1.275 | cost=1.701s | lr_actor=2.477e-04 lr_critic=2.477e-04 | wv=1739 stale=5 ck=ok| obj=inf completion=0.00% finite_obj=0.0% no_solution=100.0% collision=0.0% spectrum=27.5% action_range=[0.000,1.000] solver_status=optimal:0.0%,infeasible:95.0%,unknown:5.0%,error:0.0%,other:0.0% norm_count=139520
2026-09-29 14:47:36 | [QUEUE] | iter=1744 | 队列 | sample_queue=0/4 | weight_queues_pending=4/4
2026-09-29 14:47:46 | [UPDATE] | [learner] iter=1745 transitions=40 completion=0.00% reward=-1.300 | cost=1.675s | lr_actor=2.477e-04 lr_critic=2.477e-04 | wv=1740 stale=5 ck=ok| obj=inf completion=0.00% finite_obj=0.0% no_solution=100.0% collision=0.0% spectrum=27.5% action_range=[0.001,1.000] solver_status=optimal:0.0%,infeasible:97.5%,unknown:2.5%,error:0.0%,other:0.0% norm_count=139600
2026-09-29 14:47:46 | [QUEUE] | iter=1745 | 队列 | sample_queue=1/4 | weight_queues_pending=4/4
2026-09-29 14:47:47 | [UPDATE] | [learner] iter=1746 transitions=40 completion=0.00% reward=-1.125 | cost=0.984s | lr_actor=2.476e-04 lr_critic=2.476e-04 | wv=1740 stale=6 ck=ok| obj=inf completion=0.00% finite_obj=0.0% no_solution=100.0% collision=0.0% spectrum=10.0% action_range=[0.000,1.000] solver_status=optimal:0.0%,infeasible:90.0%,unknown:10.0%,error:0.0%,other:0.0% norm_count=139680
2026-09-29 14:47:47 | [QUEUE] | iter=1746 | 队列 | sample_queue=0/4 | weight_queues_pending=4/4
2026-09-29 14:47:49 | [UPDATE] | [learner] iter=1747 transitions=40 completion=0.00% reward=-1.300 | cost=1.329s | lr_actor=2.476e-04 lr_critic=2.476e-04 | wv=1741 stale=6 ck=ok| obj=inf completion=0.00% finite_obj=0.0% no_solution=100.0% collision=0.0% spectrum=27.5% action_range=[0.000,1.000] solver_status=optimal:0.0%,infeasible:97.5%,unknown:2.5%,error:0.0%,other:0.0% norm_count=139760
2026-09-29 14:47:49 | [QUEUE] | iter=1747 | 队列 | sample_queue=0/4 | weight_queues_pending=4/4
2026-09-29 14:47:52 | [UPDATE] | [learner] iter=1748 transitions=40 completion=0.00% reward=-1.300 | cost=1.673s | lr_actor=2.476e-04 lr_critic=2.476e-04 | wv=1743 stale=5 ck=ok| obj=inf completion=0.00% finite_obj=0.0% no_solution=100.0% collision=0.0% spectrum=30.0% action_range=[0.000,1.000] solver_status=optimal:0.0%,infeasible:92.5%,unknown:7.5%,error:0.0%,other:0.0% norm_count=139840
2026-09-29 14:47:52 | [QUEUE] | iter=1748 | 队列 | sample_queue=0/4 | weight_queues_pending=4/4
2026-09-29 14:48:01 | [UPDATE] | [learner] iter=1749 transitions=40 completion=0.00% reward=-1.300 | cost=1.258s | lr_actor=2.476e-04 lr_critic=2.476e-04 | wv=1744 stale=5 ck=ok| obj=inf completion=0.00% finite_obj=0.0% no_solution=100.0% collision=0.0% spectrum=30.0% action_range=[0.000,1.000] solver_status=optimal:0.0%,infeasible:97.5%,unknown:2.5%,error:0.0%,other:0.0% norm_count=139920
2026-09-29 14:48:01 | [QUEUE] | iter=1749 | 队列 | sample_queue=1/4 | weight_queues_pending=4/4
2026-09-29 14:48:02 | [UPDATE] | [learner] iter=1750 transitions=40 completion=0.00% reward=-1.200 | cost=0.867s | lr_actor=2.475e-04 lr_critic=2.475e-04 | wv=1746 stale=4 ck=ok| obj=inf completion=0.00% finite_obj=0.0% no_solution=100.0% collision=0.0% spectrum=20.0% action_range=[0.001,0.999] solver_status=optimal:0.0%,infeasible:87.5%,unknown:12.5%,error:0.0%,other:0.0% norm_count=140000
2026-09-29 14:48:02 | [QUEUE] | iter=1750 | 队列 | sample_queue=1/4 | weight_queues_pending=4/4
2026-09-29 14:48:03 | [UPDATE] | [learner] iter=1751 transitions=40 completion=0.00% reward=-1.600 | cost=0.792s | lr_actor=2.475e-04 lr_critic=2.475e-04 | wv=1744 stale=7 ck=ok| obj=inf completion=0.00% finite_obj=0.0% no_solution=100.0% collision=0.0% spectrum=55.0% action_range=[0.000,1.000] solver_status=optimal:0.0%,infeasible:82.5%,unknown:17.5%,error:0.0%,other:0.0% norm_count=140080
2026-09-29 14:48:03 | [QUEUE] | iter=1751 | 队列 | sample_queue=0/4 | weight_queues_pending=4/4
2026-09-29 14:48:06 | [UPDATE] | [learner] iter=1752 transitions=40 completion=5.00% reward=-1.132 | cost=0.973s | lr_actor=2.475e-04 lr_critic=2.475e-04 | wv=1747 stale=5 ck=ok| obj=inf completion=5.00% finite_obj=5.0% no_solution=95.0% collision=0.0% spectrum=22.5% action_range=[0.000,1.000] solver_status=optimal:5.0%,infeasible:87.5%,unknown:7.5%,error:0.0%,other:0.0% norm_count=140160
2026-09-29 14:48:06 | [QUEUE] | iter=1752 | 队列 | sample_queue=0/4 | weight_queues_pending=4/4
2026-09-29 14:48:15 | [UPDATE] | [learner] iter=1753 transitions=40 completion=0.00% reward=-1.525 | cost=1.236s | lr_actor=2.474e-04 lr_critic=2.474e-04 | wv=1748 stale=5 ck=ok| obj=inf completion=0.00% finite_obj=0.0% no_solution=100.0% collision=0.0% spectrum=50.0% action_range=[0.000,0.998] solver_status=optimal:0.0%,infeasible:97.5%,unknown:2.5%,error:0.0%,other:0.0% norm_count=140240
2026-09-29 14:48:15 | [QUEUE] | iter=1753 | 队列 | sample_queue=0/4 | weight_queues_pending=4/4
2026-09-29 14:48:17 | [UPDATE] | [learner] iter=1754 transitions=40 completion=0.00% reward=-1.275 | cost=1.061s | lr_actor=2.474e-04 lr_critic=2.474e-04 | wv=1749 stale=5 ck=ok| obj=inf completion=0.00% finite_obj=0.0% no_solution=100.0% collision=0.0% spectrum=27.5% action_range=[0.001,0.999] solver_status=optimal:0.0%,infeasible:90.0%,unknown:10.0%,error:0.0%,other:0.0% norm_count=140320
2026-09-29 14:48:17 | [QUEUE] | iter=1754 | 队列 | sample_queue=1/4 | weight_queues_pending=4/4
2026-09-29 14:48:18 | [UPDATE] | [learner] iter=1755 transitions=40 completion=0.00% reward=-1.400 | cost=1.052s | lr_actor=2.474e-04 lr_critic=2.474e-04 | wv=1748 stale=7 ck=ok| obj=inf completion=0.00% finite_obj=0.0% no_solution=100.0% collision=0.0% spectrum=40.0% action_range=[0.000,0.999] solver_status=optimal:0.0%,infeasible:100.0%,unknown:0.0%,error:0.0%,other:0.0% norm_count=140400
2026-09-29 14:48:18 | [QUEUE] | iter=1755 | 队列 | sample_queue=0/4 | weight_queues_pending=4/4
2026-09-29 14:48:21 | [UPDATE] | [learner] iter=1756 transitions=40 completion=0.00% reward=-1.350 | cost=1.117s | lr_actor=2.473e-04 lr_critic=2.473e-04 | wv=1751 stale=5 ck=ok| obj=inf completion=0.00% finite_obj=0.0% no_solution=100.0% collision=0.0% spectrum=27.5% action_range=[0.000,1.000] solver_status=optimal:0.0%,infeasible:87.5%,unknown:12.5%,error:0.0%,other:0.0% norm_count=140480
2026-09-29 14:48:21 | [QUEUE] | iter=1756 | 队列 | sample_queue=0/4 | weight_queues_pending=4/4
2026-09-29 14:48:39 | [UPDATE] | [learner] iter=1757 transitions=40 completion=0.00% reward=-1.350 | cost=2.669s | lr_actor=2.473e-04 lr_critic=2.473e-04 | wv=1752 stale=5 ck=ok| obj=inf completion=0.00% finite_obj=0.0% no_solution=100.0% collision=0.0% spectrum=32.5% action_range=[0.000,1.000] solver_status=optimal:0.0%,infeasible:90.0%,unknown:10.0%,error:0.0%,other:0.0% norm_count=140560
2026-09-29 14:48:39 | [QUEUE] | iter=1757 | 队列 | sample_queue=1/4 | weight_queues_pending=4/4
2026-09-29 14:48:41 | [UPDATE] | [learner] iter=1758 transitions=40 completion=0.00% reward=-1.425 | cost=2.057s | lr_actor=2.473e-04 lr_critic=2.473e-04 | wv=1753 stale=5 ck=ok| obj=inf completion=0.00% finite_obj=0.0% no_solution=100.0% collision=0.0% spectrum=37.5% action_range=[0.001,0.999] solver_status=optimal:0.0%,infeasible:92.5%,unknown:7.5%,error:0.0%,other:0.0% norm_count=140640
2026-09-29 14:48:41 | [QUEUE] | iter=1758 | 队列 | sample_queue=0/4 | weight_queues_pending=4/4
2026-09-29 14:48:45 | [UPDATE] | [learner] iter=1759 transitions=40 completion=0.00% reward=-1.300 | cost=1.624s | lr_actor=2.473e-04 lr_critic=2.473e-04 | wv=1753 stale=6 ck=ok| obj=inf completion=0.00% finite_obj=0.0% no_solution=100.0% collision=0.0% spectrum=27.5% action_range=[0.000,1.000] solver_status=optimal:0.0%,infeasible:100.0%,unknown:0.0%,error:0.0%,other:0.0% norm_count=140720
2026-09-29 14:48:45 | [QUEUE] | iter=1759 | 队列 | sample_queue=1/4 | weight_queues_pending=4/4
2026-09-29 14:48:47 | [UPDATE] | [learner] iter=1760 transitions=40 completion=0.00% reward=-1.175 | cost=1.849s | lr_actor=2.472e-04 lr_critic=2.472e-04 | wv=1755 stale=5 ck=ok| obj=inf completion=0.00% finite_obj=0.0% no_solution=100.0% collision=0.0% spectrum=17.5% action_range=[0.000,1.000] solver_status=optimal:0.0%,infeasible:92.5%,unknown:7.5%,error:0.0%,other:0.0% norm_count=140800
2026-09-29 14:48:47 | [QUEUE] | iter=1760 | 队列 | sample_queue=0/4 | weight_queues_pending=4/4
2026-09-29 14:48:58 | [UPDATE] | [learner] iter=1761 transitions=40 completion=0.00% reward=-1.250 | cost=1.230s | lr_actor=2.472e-04 lr_critic=2.472e-04 | wv=1756 stale=5 ck=ok| obj=inf completion=0.00% finite_obj=0.0% no_solution=100.0% collision=0.0% spectrum=25.0% action_range=[0.000,0.999] solver_status=optimal:0.0%,infeasible:90.0%,unknown:10.0%,error:0.0%,other:0.0% norm_count=140880
2026-09-29 14:48:58 | [QUEUE] | iter=1761 | 队列 | sample_queue=0/4 | weight_queues_pending=4/4
2026-09-29 14:49:00 | [UPDATE] | [learner] iter=1762 transitions=40 completion=0.00% reward=-1.400 | cost=1.205s | lr_actor=2.472e-04 lr_critic=2.472e-04 | wv=1756 stale=6 ck=ok| obj=inf completion=0.00% finite_obj=0.0% no_solution=100.0% collision=0.0% spectrum=37.5% action_range=[0.000,1.000] solver_status=optimal:0.0%,infeasible:92.5%,unknown:7.5%,error:0.0%,other:0.0% norm_count=140960
2026-09-29 14:49:00 | [QUEUE] | iter=1762 | 队列 | sample_queue=0/4 | weight_queues_pending=4/4
2026-09-29 14:49:01 | [UPDATE] | [learner] iter=1763 transitions=40 completion=0.00% reward=-1.275 | cost=1.165s | lr_actor=2.471e-04 lr_critic=2.471e-04 | wv=1758 stale=5 ck=ok| obj=inf completion=0.00% finite_obj=0.0% no_solution=100.0% collision=0.0% spectrum=27.5% action_range=[0.000,1.000] solver_status=optimal:0.0%,infeasible:80.0%,unknown:20.0%,error:0.0%,other:0.0% norm_count=141040
2026-09-29 14:49:01 | [QUEUE] | iter=1763 | 队列 | sample_queue=0/4 | weight_queues_pending=4/4
2026-09-29 14:49:04 | [UPDATE] | [learner] iter=1764 transitions=40 completion=0.00% reward=-1.425 | cost=1.086s | lr_actor=2.471e-04 lr_critic=2.471e-04 | wv=1758 stale=6 ck=ok| obj=inf completion=0.00% finite_obj=0.0% no_solution=100.0% collision=0.0% spectrum=40.0% action_range=[0.000,0.999] solver_status=optimal:0.0%,infeasible:95.0%,unknown:5.0%,error:0.0%,other:0.0% norm_count=141120
2026-09-29 14:49:04 | [QUEUE] | iter=1764 | 队列 | sample_queue=0/4 | weight_queues_pending=4/4
2026-09-29 14:49:12 | [UPDATE] | [learner] iter=1765 transitions=40 completion=0.00% reward=-1.500 | cost=1.297s | lr_actor=2.471e-04 lr_critic=2.471e-04 | wv=1760 stale=5 ck=ok| obj=inf completion=0.00% finite_obj=0.0% no_solution=100.0% collision=0.0% spectrum=42.5% action_range=[0.000,1.000] solver_status=optimal:0.0%,infeasible:97.5%,unknown:2.5%,error:0.0%,other:0.0% norm_count=141200
2026-09-29 14:49:12 | [QUEUE] | iter=1765 | 队列 | sample_queue=0/4 | weight_queues_pending=4/4
2026-09-29 14:49:15 | [UPDATE] | [learner] iter=1766 transitions=40 completion=0.00% reward=-1.150 | cost=0.938s | lr_actor=2.470e-04 lr_critic=2.470e-04 | wv=1761 stale=5 ck=ok| obj=inf completion=0.00% finite_obj=0.0% no_solution=100.0% collision=0.0% spectrum=15.0% action_range=[0.000,1.000] solver_status=optimal:0.0%,infeasible:95.0%,unknown:5.0%,error:0.0%,other:0.0% norm_count=141280
2026-09-29 14:49:15 | [QUEUE] | iter=1766 | 队列 | sample_queue=0/4 | weight_queues_pending=4/4
2026-09-29 14:49:16 | [UPDATE] | [learner] iter=1767 transitions=40 completion=0.00% reward=-1.325 | cost=1.040s | lr_actor=2.470e-04 lr_critic=2.470e-04 | wv=1762 stale=5 ck=ok| obj=inf completion=0.00% finite_obj=0.0% no_solution=100.0% collision=0.0% spectrum=30.0% action_range=[0.001,1.000] solver_status=optimal:0.0%,infeasible:95.0%,unknown:5.0%,error:0.0%,other:0.0% norm_count=141360
2026-09-29 14:49:16 | [QUEUE] | iter=1767 | 队列 | sample_queue=0/4 | weight_queues_pending=4/4
2026-09-29 14:49:17 | [UPDATE] | [learner] iter=1768 transitions=40 completion=0.00% reward=-1.225 | cost=0.830s | lr_actor=2.470e-04 lr_critic=2.470e-04 | wv=1763 stale=5 ck=ok| obj=inf completion=0.00% finite_obj=0.0% no_solution=100.0% collision=0.0% spectrum=22.5% action_range=[0.000,1.000] solver_status=optimal:0.0%,infeasible:95.0%,unknown:5.0%,error:0.0%,other:0.0% norm_count=141440
2026-09-29 14:49:17 | [QUEUE] | iter=1768 | 队列 | sample_queue=0/4 | weight_queues_pending=4/4
2026-09-29 14:49:24 | [UPDATE] | [learner] iter=1769 transitions=40 completion=2.50% reward=-1.101 | cost=1.387s | lr_actor=2.470e-04 lr_critic=2.470e-04 | wv=1764 stale=5 ck=ok| obj=inf completion=2.50% finite_obj=2.5% no_solution=97.5% collision=0.0% spectrum=12.5% action_range=[0.001,1.000] solver_status=optimal:2.5%,infeasible:85.0%,unknown:12.5%,error:0.0%,other:0.0% norm_count=141520
2026-09-29 14:49:24 | [QUEUE] | iter=1769 | 队列 | sample_queue=0/4 | weight_queues_pending=4/4
2026-09-29 14:49:28 | [UPDATE] | [learner] iter=1770 transitions=40 completion=2.50% reward=-1.251 | cost=1.142s | lr_actor=2.469e-04 lr_critic=2.469e-04 | wv=1765 stale=5 ck=ok| obj=inf completion=2.50% finite_obj=2.5% no_solution=97.5% collision=0.0% spectrum=27.5% action_range=[0.000,1.000] solver_status=optimal:2.5%,infeasible:87.5%,unknown:10.0%,error:0.0%,other:0.0% norm_count=141600
2026-09-29 14:49:28 | [QUEUE] | iter=1770 | 队列 | sample_queue=0/4 | weight_queues_pending=4/4
2026-09-29 14:49:31 | [UPDATE] | [learner] iter=1771 transitions=40 completion=2.50% reward=-1.102 | cost=1.047s | lr_actor=2.469e-04 lr_critic=2.469e-04 | wv=1766 stale=5 ck=ok| obj=inf completion=2.50% finite_obj=2.5% no_solution=97.5% collision=0.0% spectrum=15.0% action_range=[0.001,1.000] solver_status=optimal:2.5%,infeasible:92.5%,unknown:5.0%,error:0.0%,other:0.0% norm_count=141680
2026-09-29 14:49:31 | [QUEUE] | iter=1771 | 队列 | sample_queue=1/4 | weight_queues_pending=4/4
2026-09-29 14:49:32 | [UPDATE] | [learner] iter=1772 transitions=40 completion=0.00% reward=-1.300 | cost=1.011s | lr_actor=2.469e-04 lr_critic=2.469e-04 | wv=1767 stale=5 ck=ok| obj=inf completion=0.00% finite_obj=0.0% no_solution=100.0% collision=0.0% spectrum=30.0% action_range=[0.001,1.000] solver_status=optimal:0.0%,infeasible:87.5%,unknown:12.5%,error:0.0%,other:0.0% norm_count=141760
2026-09-29 14:49:32 | [QUEUE] | iter=1772 | 队列 | sample_queue=0/4 | weight_queues_pending=4/4
2026-09-29 14:49:38 | [UPDATE] | [learner] iter=1773 transitions=40 completion=0.00% reward=-1.225 | cost=1.045s | lr_actor=2.468e-04 lr_critic=2.468e-04 | wv=1768 stale=5 ck=ok| obj=inf completion=0.00% finite_obj=0.0% no_solution=100.0% collision=0.0% spectrum=22.5% action_range=[0.000,1.000] solver_status=optimal:0.0%,infeasible:97.5%,unknown:2.5%,error:0.0%,other:0.0% norm_count=141840
2026-09-29 14:49:38 | [QUEUE] | iter=1773 | 队列 | sample_queue=0/4 | weight_queues_pending=4/4
2026-09-29 14:49:44 | [UPDATE] | [learner] iter=1774 transitions=40 completion=0.00% reward=-1.275 | cost=1.762s | lr_actor=2.468e-04 lr_critic=2.468e-04 | wv=1769 stale=5 ck=ok| obj=inf completion=0.00% finite_obj=0.0% no_solution=100.0% collision=0.0% spectrum=27.5% action_range=[0.001,1.000] solver_status=optimal:0.0%,infeasible:82.5%,unknown:17.5%,error:0.0%,other:0.0% norm_count=141920
2026-09-29 14:49:44 | [QUEUE] | iter=1774 | 队列 | sample_queue=1/4 | weight_queues_pending=4/4
2026-09-29 14:49:45 | [UPDATE] | [learner] iter=1775 transitions=40 completion=0.00% reward=-1.275 | cost=1.204s | lr_actor=2.468e-04 lr_critic=2.468e-04 | wv=1770 stale=5 ck=ok| obj=inf completion=0.00% finite_obj=0.0% no_solution=100.0% collision=0.0% spectrum=25.0% action_range=[0.000,1.000] solver_status=optimal:0.0%,infeasible:85.0%,unknown:15.0%,error:0.0%,other:0.0% norm_count=142000
2026-09-29 14:49:45 | [QUEUE] | iter=1775 | 队列 | sample_queue=0/4 | weight_queues_pending=4/4
2026-09-29 14:49:48 | [UPDATE] | [learner] iter=1776 transitions=40 completion=2.50% reward=-1.203 | cost=2.107s | lr_actor=2.468e-04 lr_critic=2.468e-04 | wv=1770 stale=6 ck=ok| obj=inf completion=2.50% finite_obj=2.5% no_solution=97.5% collision=0.0% spectrum=25.0% action_range=[0.000,1.000] solver_status=optimal:2.5%,infeasible:87.5%,unknown:10.0%,error:0.0%,other:0.0% norm_count=142080
2026-09-29 14:49:48 | [QUEUE] | iter=1776 | 队列 | sample_queue=0/4 | weight_queues_pending=4/4
2026-09-29 14:49:54 | [UPDATE] | [learner] iter=1777 transitions=40 completion=0.00% reward=-1.300 | cost=0.845s | lr_actor=2.467e-04 lr_critic=2.467e-04 | wv=1772 stale=5 ck=ok| obj=inf completion=0.00% finite_obj=0.0% no_solution=100.0% collision=0.0% spectrum=30.0% action_range=[0.000,1.000] solver_status=optimal:0.0%,infeasible:90.0%,unknown:10.0%,error:0.0%,other:0.0% norm_count=142160
2026-09-29 14:49:54 | [QUEUE] | iter=1777 | 队列 | sample_queue=0/4 | weight_queues_pending=4/4
2026-09-29 14:49:59 | [UPDATE] | [learner] iter=1778 transitions=40 completion=0.00% reward=-1.225 | cost=0.887s | lr_actor=2.467e-04 lr_critic=2.467e-04 | wv=1773 stale=5 ck=ok| obj=inf completion=0.00% finite_obj=0.0% no_solution=100.0% collision=0.0% spectrum=22.5% action_range=[0.001,1.000] solver_status=optimal:0.0%,infeasible:85.0%,unknown:15.0%,error:0.0%,other:0.0% norm_count=142240
2026-09-29 14:49:59 | [QUEUE] | iter=1778 | 队列 | sample_queue=0/4 | weight_queues_pending=4/4
2026-09-29 14:50:01 | [UPDATE] | [learner] iter=1779 transitions=40 completion=0.00% reward=-1.475 | cost=1.289s | lr_actor=2.467e-04 lr_critic=2.467e-04 | wv=1773 stale=6 ck=ok| obj=inf completion=0.00% finite_obj=0.0% no_solution=100.0% collision=0.0% spectrum=42.5% action_range=[0.000,0.999] solver_status=optimal:0.0%,infeasible:92.5%,unknown:7.5%,error:0.0%,other:0.0% norm_count=142320
2026-09-29 14:50:01 | [QUEUE] | iter=1779 | 队列 | sample_queue=0/4 | weight_queues_pending=4/4
2026-09-29 14:50:02 | [UPDATE] | [learner] iter=1780 transitions=40 completion=0.00% reward=-1.325 | cost=1.195s | lr_actor=2.466e-04 lr_critic=2.466e-04 | wv=1775 stale=5 ck=ok| obj=inf completion=0.00% finite_obj=0.0% no_solution=100.0% collision=0.0% spectrum=27.5% action_range=[0.000,1.000] solver_status=optimal:0.0%,infeasible:95.0%,unknown:5.0%,error:0.0%,other:0.0% norm_count=142400
2026-09-29 14:50:02 | [QUEUE] | iter=1780 | 队列 | sample_queue=0/4 | weight_queues_pending=4/4
2026-09-29 14:50:08 | [UPDATE] | [learner] iter=1781 transitions=40 completion=0.00% reward=-1.475 | cost=1.034s | lr_actor=2.466e-04 lr_critic=2.466e-04 | wv=1776 stale=5 ck=ok| obj=inf completion=0.00% finite_obj=0.0% no_solution=100.0% collision=0.0% spectrum=45.0% action_range=[0.001,1.000] solver_status=optimal:0.0%,infeasible:87.5%,unknown:12.5%,error:0.0%,other:0.0% norm_count=142480
2026-09-29 14:50:08 | [QUEUE] | iter=1781 | 队列 | sample_queue=0/4 | weight_queues_pending=4/4
2026-09-29 14:50:15 | [UPDATE] | [learner] iter=1782 transitions=40 completion=0.00% reward=-1.325 | cost=1.868s | lr_actor=2.466e-04 lr_critic=2.466e-04 | wv=1778 stale=4 ck=ok| obj=inf completion=0.00% finite_obj=0.0% no_solution=100.0% collision=0.0% spectrum=27.5% action_range=[0.000,1.000] solver_status=optimal:0.0%,infeasible:97.5%,unknown:2.5%,error:0.0%,other:0.0% norm_count=142560
2026-09-29 14:50:15 | [QUEUE] | iter=1782 | 队列 | sample_queue=1/4 | weight_queues_pending=4/4
2026-09-29 14:50:17 | [UPDATE] | [learner] iter=1783 transitions=40 completion=0.00% reward=-1.350 | cost=2.265s | lr_actor=2.465e-04 lr_critic=2.465e-04 | wv=1777 stale=6 ck=ok| obj=inf completion=0.00% finite_obj=0.0% no_solution=100.0% collision=0.0% spectrum=35.0% action_range=[0.000,1.000] solver_status=optimal:0.0%,infeasible:92.5%,unknown:7.5%,error:0.0%,other:0.0% norm_count=142640
2026-09-29 14:50:17 | [QUEUE] | iter=1783 | 队列 | sample_queue=1/4 | weight_queues_pending=4/4
2026-09-29 14:50:19 | [UPDATE] | [learner] iter=1784 transitions=40 completion=0.00% reward=-1.475 | cost=1.195s | lr_actor=2.465e-04 lr_critic=2.465e-04 | wv=1779 stale=5 ck=ok| obj=inf completion=0.00% finite_obj=0.0% no_solution=100.0% collision=0.0% spectrum=47.5% action_range=[0.001,1.000] solver_status=optimal:0.0%,infeasible:97.5%,unknown:2.5%,error:0.0%,other:0.0% norm_count=142720
2026-09-29 14:50:19 | [QUEUE] | iter=1784 | 队列 | sample_queue=0/4 | weight_queues_pending=4/4
2026-09-29 14:50:25 | [UPDATE] | [learner] iter=1785 transitions=40 completion=2.50% reward=-1.328 | cost=2.304s | lr_actor=2.465e-04 lr_critic=2.465e-04 | wv=1780 stale=5 ck=ok| obj=inf completion=2.50% finite_obj=2.5% no_solution=97.5% collision=0.0% spectrum=37.5% action_range=[0.000,1.000] solver_status=optimal:2.5%,infeasible:82.5%,unknown:15.0%,error:0.0%,other:0.0% norm_count=142800
2026-09-29 14:50:25 | [QUEUE] | iter=1785 | 队列 | sample_queue=0/4 | weight_queues_pending=4/4
2026-09-29 14:50:30 | [UPDATE] | [learner] iter=1786 transitions=40 completion=0.00% reward=-1.325 | cost=0.974s | lr_actor=2.465e-04 lr_critic=2.465e-04 | wv=1781 stale=5 ck=ok| obj=inf completion=0.00% finite_obj=0.0% no_solution=100.0% collision=0.0% spectrum=32.5% action_range=[0.000,1.000] solver_status=optimal:0.0%,infeasible:97.5%,unknown:2.5%,error:0.0%,other:0.0% norm_count=142880
2026-09-29 14:50:30 | [QUEUE] | iter=1786 | 队列 | sample_queue=1/4 | weight_queues_pending=4/4
2026-09-29 14:50:31 | [UPDATE] | [learner] iter=1787 transitions=40 completion=0.00% reward=-1.175 | cost=1.410s | lr_actor=2.464e-04 lr_critic=2.464e-04 | wv=1781 stale=6 ck=ok| obj=inf completion=0.00% finite_obj=0.0% no_solution=100.0% collision=0.0% spectrum=17.5% action_range=[0.001,0.999] solver_status=optimal:0.0%,infeasible:97.5%,unknown:2.5%,error:0.0%,other:0.0% norm_count=142960
2026-09-29 14:50:31 | [QUEUE] | iter=1787 | 队列 | sample_queue=0/4 | weight_queues_pending=4/4
2026-09-29 14:50:36 | [UPDATE] | [learner] iter=1788 transitions=40 completion=2.50% reward=-1.229 | cost=1.252s | lr_actor=2.464e-04 lr_critic=2.464e-04 | wv=1782 stale=6 ck=ok| obj=inf completion=2.50% finite_obj=2.5% no_solution=97.5% collision=0.0% spectrum=25.0% action_range=[0.000,1.000] solver_status=optimal:2.5%,infeasible:97.5%,unknown:0.0%,error:0.0%,other:0.0% norm_count=143040
2026-09-29 14:50:36 | [QUEUE] | iter=1788 | 队列 | sample_queue=0/4 | weight_queues_pending=4/4
2026-09-29 14:50:38 | [UPDATE] | [learner] iter=1789 transitions=40 completion=0.00% reward=-1.225 | cost=0.953s | lr_actor=2.464e-04 lr_critic=2.464e-04 | wv=1784 stale=5 ck=ok| obj=inf completion=0.00% finite_obj=0.0% no_solution=100.0% collision=0.0% spectrum=20.0% action_range=[0.000,1.000] solver_status=optimal:0.0%,infeasible:90.0%,unknown:10.0%,error:0.0%,other:0.0% norm_count=143120
2026-09-29 14:50:38 | [QUEUE] | iter=1789 | 队列 | sample_queue=0/4 | weight_queues_pending=4/4
2026-09-29 14:50:45 | [UPDATE] | [learner] iter=1790 transitions=40 completion=2.50% reward=-1.202 | cost=1.241s | lr_actor=2.463e-04 lr_critic=2.463e-04 | wv=1785 stale=5 ck=ok| obj=inf completion=2.50% finite_obj=2.5% no_solution=97.5% collision=0.0% spectrum=25.0% action_range=[0.001,0.999] solver_status=optimal:2.5%,infeasible:87.5%,unknown:10.0%,error:0.0%,other:0.0% norm_count=143200
2026-09-29 14:50:45 | [QUEUE] | iter=1790 | 队列 | sample_queue=0/4 | weight_queues_pending=4/4
2026-09-29 14:50:48 | [UPDATE] | [learner] iter=1791 transitions=40 completion=0.00% reward=-1.200 | cost=1.774s | lr_actor=2.463e-04 lr_critic=2.463e-04 | wv=1785 stale=6 ck=ok| obj=inf completion=0.00% finite_obj=0.0% no_solution=100.0% collision=0.0% spectrum=20.0% action_range=[0.000,1.000] solver_status=optimal:0.0%,infeasible:92.5%,unknown:7.5%,error:0.0%,other:0.0% norm_count=143280
2026-09-29 14:50:48 | [QUEUE] | iter=1791 | 队列 | sample_queue=0/4 | weight_queues_pending=4/4
2026-09-29 14:50:50 | [UPDATE] | [learner] iter=1792 transitions=40 completion=0.00% reward=-1.250 | cost=1.295s | lr_actor=2.463e-04 lr_critic=2.463e-04 | wv=1787 stale=5 ck=ok| obj=inf completion=0.00% finite_obj=0.0% no_solution=100.0% collision=0.0% spectrum=22.5% action_range=[0.000,1.000] solver_status=optimal:0.0%,infeasible:82.5%,unknown:17.5%,error:0.0%,other:0.0% norm_count=143360
2026-09-29 14:50:50 | [QUEUE] | iter=1792 | 队列 | sample_queue=0/4 | weight_queues_pending=4/4
2026-09-29 14:50:53 | [UPDATE] | [learner] iter=1793 transitions=40 completion=0.00% reward=-1.300 | cost=1.230s | lr_actor=2.462e-04 lr_critic=2.462e-04 | wv=1788 stale=5 ck=ok| obj=inf completion=0.00% finite_obj=0.0% no_solution=100.0% collision=0.0% spectrum=30.0% action_range=[0.001,1.000] solver_status=optimal:0.0%,infeasible:87.5%,unknown:12.5%,error:0.0%,other:0.0% norm_count=143440
2026-09-29 14:50:53 | [QUEUE] | iter=1793 | 队列 | sample_queue=0/4 | weight_queues_pending=4/4
2026-09-29 14:51:00 | [UPDATE] | [learner] iter=1794 transitions=40 completion=0.00% reward=-1.225 | cost=1.768s | lr_actor=2.462e-04 lr_critic=2.462e-04 | wv=1789 stale=5 ck=ok| obj=inf completion=0.00% finite_obj=0.0% no_solution=100.0% collision=0.0% spectrum=22.5% action_range=[0.001,1.000] solver_status=optimal:0.0%,infeasible:97.5%,unknown:2.5%,error:0.0%,other:0.0% norm_count=143520
2026-09-29 14:51:00 | [QUEUE] | iter=1794 | 队列 | sample_queue=0/4 | weight_queues_pending=4/4
2026-09-29 14:51:04 | [UPDATE] | [learner] iter=1795 transitions=40 completion=0.00% reward=-1.225 | cost=1.105s | lr_actor=2.462e-04 lr_critic=2.462e-04 | wv=1790 stale=5 ck=ok| obj=inf completion=0.00% finite_obj=0.0% no_solution=100.0% collision=0.0% spectrum=22.5% action_range=[0.000,0.999] solver_status=optimal:0.0%,infeasible:90.0%,unknown:10.0%,error:0.0%,other:0.0% norm_count=143600
2026-09-29 14:51:04 | [QUEUE] | iter=1795 | 队列 | sample_queue=0/4 | weight_queues_pending=4/4
2026-09-29 14:51:09 | [UPDATE] | [learner] iter=1796 transitions=40 completion=0.00% reward=-1.303 | cost=1.790s | lr_actor=2.461e-04 lr_critic=2.461e-04 | wv=1791 stale=5 ck=ok| obj=inf completion=0.00% finite_obj=2.5% no_solution=97.5% collision=0.0% spectrum=30.0% action_range=[0.000,1.000] solver_status=optimal:2.5%,infeasible:97.5%,unknown:0.0%,error:0.0%,other:0.0% norm_count=143680
2026-09-29 14:51:09 | [QUEUE] | iter=1796 | 队列 | sample_queue=1/4 | weight_queues_pending=4/4
2026-09-29 14:51:10 | [UPDATE] | [learner] iter=1797 transitions=40 completion=0.00% reward=-1.100 | cost=1.025s | lr_actor=2.461e-04 lr_critic=2.461e-04 | wv=1792 stale=5 ck=ok| obj=inf completion=0.00% finite_obj=0.0% no_solution=100.0% collision=0.0% spectrum=10.0% action_range=[0.001,0.999] solver_status=optimal:0.0%,infeasible:92.5%,unknown:7.5%,error:0.0%,other:0.0% norm_count=143760
2026-09-29 14:51:10 | [QUEUE] | iter=1797 | 队列 | sample_queue=0/4 | weight_queues_pending=4/4
2026-09-29 14:51:16 | [UPDATE] | [learner] iter=1798 transitions=40 completion=0.00% reward=-1.275 | cost=1.483s | lr_actor=2.461e-04 lr_critic=2.461e-04 | wv=1793 stale=5 ck=ok| obj=inf completion=0.00% finite_obj=0.0% no_solution=100.0% collision=0.0% spectrum=25.0% action_range=[0.000,1.000] solver_status=optimal:0.0%,infeasible:87.5%,unknown:12.5%,error:0.0%,other:0.0% norm_count=143840
2026-09-29 14:51:16 | [QUEUE] | iter=1798 | 队列 | sample_queue=0/4 | weight_queues_pending=4/4
2026-09-29 14:51:21 | [UPDATE] | [learner] iter=1799 transitions=40 completion=0.00% reward=-1.250 | cost=2.142s | lr_actor=2.461e-04 lr_critic=2.461e-04 | wv=1794 stale=5 ck=ok| obj=inf completion=0.00% finite_obj=0.0% no_solution=100.0% collision=0.0% spectrum=25.0% action_range=[0.000,0.999] solver_status=optimal:0.0%,infeasible:95.0%,unknown:5.0%,error:0.0%,other:0.0% norm_count=143920
2026-09-29 14:51:21 | [QUEUE] | iter=1799 | 队列 | sample_queue=0/4 | weight_queues_pending=4/4
2026-09-29 14:51:24 | [UPDATE] | [learner] iter=1800 transitions=40 completion=0.00% reward=-1.250 | cost=1.074s | lr_actor=2.460e-04 lr_critic=2.460e-04 | wv=1795 stale=5 ck=ok| obj=inf completion=0.00% finite_obj=0.0% no_solution=100.0% collision=0.0% spectrum=22.5% action_range=[0.000,1.000] solver_status=optimal:0.0%,infeasible:92.5%,unknown:7.5%,error:0.0%,other:0.0% norm_count=144000
2026-09-29 14:51:24 | [QUEUE] | iter=1800 | 队列 | sample_queue=0/4 | weight_queues_pending=4/4
2026-09-29 14:51:26 | [UPDATE] | [learner] iter=1801 transitions=40 completion=0.00% reward=-1.350 | cost=1.358s | lr_actor=2.460e-04 lr_critic=2.460e-04 | wv=1795 stale=6 ck=ok| obj=inf completion=0.00% finite_obj=0.0% no_solution=100.0% collision=0.0% spectrum=35.0% action_range=[0.001,0.998] solver_status=optimal:0.0%,infeasible:85.0%,unknown:15.0%,error:0.0%,other:0.0% norm_count=144080
2026-09-29 14:51:26 | [QUEUE] | iter=1801 | 队列 | sample_queue=0/4 | weight_queues_pending=4/4
2026-09-29 14:51:34 | [UPDATE] | [learner] iter=1802 transitions=40 completion=5.00% reward=-1.206 | cost=1.388s | lr_actor=2.460e-04 lr_critic=2.460e-04 | wv=1797 stale=5 ck=ok| obj=inf completion=5.00% finite_obj=5.0% no_solution=95.0% collision=0.0% spectrum=30.0% action_range=[0.001,1.000] solver_status=optimal:5.0%,infeasible:87.5%,unknown:7.5%,error:0.0%,other:0.0% norm_count=144160
2026-09-29 14:51:34 | [QUEUE] | iter=1802 | 队列 | sample_queue=0/4 | weight_queues_pending=4/4
2026-09-29 14:51:40 | [UPDATE] | [learner] iter=1803 transitions=40 completion=0.00% reward=-1.130 | cost=1.066s | lr_actor=2.459e-04 lr_critic=2.459e-04 | wv=1798 stale=5 ck=ok| obj=inf completion=0.00% finite_obj=5.0% no_solution=95.0% collision=0.0% spectrum=22.5% action_range=[0.000,1.000] solver_status=optimal:5.0%,infeasible:87.5%,unknown:7.5%,error:0.0%,other:0.0% norm_count=144240
2026-09-29 14:51:40 | [QUEUE] | iter=1803 | 队列 | sample_queue=0/4 | weight_queues_pending=4/4
2026-09-29 14:51:42 | [UPDATE] | [learner] iter=1804 transitions=40 completion=0.00% reward=-1.304 | cost=1.470s | lr_actor=2.459e-04 lr_critic=2.459e-04 | wv=1799 stale=5 ck=ok| obj=inf completion=0.00% finite_obj=2.5% no_solution=97.5% collision=0.0% spectrum=32.5% action_range=[0.000,1.000] solver_status=optimal:2.5%,infeasible:90.0%,unknown:7.5%,error:0.0%,other:0.0% norm_count=144320
2026-09-29 14:51:43 | [QUEUE] | iter=1804 | 队列 | sample_queue=0/4 | weight_queues_pending=4/4
2026-09-29 14:51:45 | [UPDATE] | [learner] iter=1805 transitions=40 completion=0.00% reward=-1.275 | cost=1.597s | lr_actor=2.459e-04 lr_critic=2.459e-04 | wv=1800 stale=5 ck=ok| obj=inf completion=0.00% finite_obj=0.0% no_solution=100.0% collision=0.0% spectrum=27.5% action_range=[0.001,1.000] solver_status=optimal:0.0%,infeasible:87.5%,unknown:12.5%,error:0.0%,other:0.0% norm_count=144400
2026-09-29 14:51:45 | [QUEUE] | iter=1805 | 队列 | sample_queue=0/4 | weight_queues_pending=4/4
2026-09-29 14:51:50 | [UPDATE] | [learner] iter=1806 transitions=40 completion=0.00% reward=-1.250 | cost=0.967s | lr_actor=2.458e-04 lr_critic=2.458e-04 | wv=1801 stale=5 ck=ok| obj=inf completion=0.00% finite_obj=0.0% no_solution=100.0% collision=0.0% spectrum=22.5% action_range=[0.000,1.000] solver_status=optimal:0.0%,infeasible:92.5%,unknown:7.5%,error:0.0%,other:0.0% norm_count=144480
2026-09-29 14:51:50 | [QUEUE] | iter=1806 | 队列 | sample_queue=0/4 | weight_queues_pending=4/4
2026-09-29 14:51:54 | [UPDATE] | [learner] iter=1807 transitions=40 completion=2.50% reward=-1.304 | cost=0.877s | lr_actor=2.458e-04 lr_critic=2.458e-04 | wv=1802 stale=5 ck=ok| obj=inf completion=2.50% finite_obj=2.5% no_solution=97.5% collision=0.0% spectrum=32.5% action_range=[0.000,1.000] solver_status=optimal:2.5%,infeasible:87.5%,unknown:10.0%,error:0.0%,other:0.0% norm_count=144560
2026-09-29 14:51:54 | [QUEUE] | iter=1807 | 队列 | sample_queue=0/4 | weight_queues_pending=4/4
2026-09-29 14:51:58 | [UPDATE] | [learner] iter=1808 transitions=40 completion=2.50% reward=-1.130 | cost=2.155s | lr_actor=2.458e-04 lr_critic=2.458e-04 | wv=1803 stale=5 ck=ok| obj=inf completion=2.50% finite_obj=5.0% no_solution=95.0% collision=0.0% spectrum=20.0% action_range=[0.001,1.000] solver_status=optimal:5.0%,infeasible:85.0%,unknown:10.0%,error:0.0%,other:0.0% norm_count=144640
2026-09-29 14:51:58 | [QUEUE] | iter=1808 | 队列 | sample_queue=0/4 | weight_queues_pending=4/4
2026-09-29 14:52:00 | [UPDATE] | [learner] iter=1809 transitions=40 completion=0.00% reward=-1.250 | cost=2.219s | lr_actor=2.458e-04 lr_critic=2.458e-04 | wv=1804 stale=5 ck=ok| obj=inf completion=0.00% finite_obj=0.0% no_solution=100.0% collision=0.0% spectrum=25.0% action_range=[0.001,0.999] solver_status=optimal:0.0%,infeasible:85.0%,unknown:15.0%,error:0.0%,other:0.0% norm_count=144720
2026-09-29 14:52:00 | [QUEUE] | iter=1809 | 队列 | sample_queue=0/4 | weight_queues_pending=4/4
2026-09-29 14:52:05 | [UPDATE] | [learner] iter=1810 transitions=40 completion=0.00% reward=-1.375 | cost=1.173s | lr_actor=2.457e-04 lr_critic=2.457e-04 | wv=1805 stale=5 ck=ok| obj=inf completion=0.00% finite_obj=0.0% no_solution=100.0% collision=0.0% spectrum=37.5% action_range=[0.000,1.000] solver_status=optimal:0.0%,infeasible:90.0%,unknown:10.0%,error:0.0%,other:0.0% norm_count=144800
2026-09-29 14:52:05 | [QUEUE] | iter=1810 | 队列 | sample_queue=0/4 | weight_queues_pending=4/4
2026-09-29 14:52:13 | [UPDATE] | [learner] iter=1811 transitions=40 completion=0.00% reward=-1.300 | cost=1.390s | lr_actor=2.457e-04 lr_critic=2.457e-04 | wv=1806 stale=5 ck=ok| obj=inf completion=0.00% finite_obj=0.0% no_solution=100.0% collision=0.0% spectrum=27.5% action_range=[0.000,1.000] solver_status=optimal:0.0%,infeasible:95.0%,unknown:5.0%,error:0.0%,other:0.0% norm_count=144880
2026-09-29 14:52:13 | [QUEUE] | iter=1811 | 队列 | sample_queue=1/4 | weight_queues_pending=4/4
2026-09-29 14:52:14 | [UPDATE] | [learner] iter=1812 transitions=40 completion=0.00% reward=-1.501 | cost=1.047s | lr_actor=2.457e-04 lr_critic=2.457e-04 | wv=1807 stale=5 ck=ok| obj=inf completion=0.00% finite_obj=2.5% no_solution=97.5% collision=0.0% spectrum=50.0% action_range=[0.000,1.000] solver_status=optimal:2.5%,infeasible:87.5%,unknown:10.0%,error:0.0%,other:0.0% norm_count=144960
2026-09-29 14:52:14 | [QUEUE] | iter=1812 | 队列 | sample_queue=0/4 | weight_queues_pending=4/4
2026-09-29 14:52:18 | [UPDATE] | [learner] iter=1813 transitions=40 completion=2.50% reward=-1.103 | cost=0.970s | lr_actor=2.456e-04 lr_critic=2.456e-04 | wv=1808 stale=5 ck=ok| obj=inf completion=2.50% finite_obj=2.5% no_solution=97.5% collision=0.0% spectrum=15.0% action_range=[0.001,1.000] solver_status=optimal:2.5%,infeasible:85.0%,unknown:12.5%,error:0.0%,other:0.0% norm_count=145040
2026-09-29 14:52:18 | [QUEUE] | iter=1813 | 队列 | sample_queue=0/4 | weight_queues_pending=4/4
2026-09-29 14:52:21 | [UPDATE] | [learner] iter=1814 transitions=40 completion=0.00% reward=-1.350 | cost=1.034s | lr_actor=2.456e-04 lr_critic=2.456e-04 | wv=1809 stale=5 ck=ok| obj=inf completion=0.00% finite_obj=0.0% no_solution=100.0% collision=0.0% spectrum=32.5% action_range=[0.000,1.000] solver_status=optimal:0.0%,infeasible:95.0%,unknown:5.0%,error:0.0%,other:0.0% norm_count=145120
2026-09-29 14:52:21 | [QUEUE] | iter=1814 | 队列 | sample_queue=0/4 | weight_queues_pending=4/4
2026-09-29 14:52:30 | [UPDATE] | [learner] iter=1815 transitions=40 completion=2.50% reward=-1.201 | cost=2.775s | lr_actor=2.456e-04 lr_critic=2.456e-04 | wv=1810 stale=5 ck=ok| obj=inf completion=2.50% finite_obj=2.5% no_solution=97.5% collision=0.0% spectrum=25.0% action_range=[0.000,1.000] solver_status=optimal:2.5%,infeasible:90.0%,unknown:7.5%,error:0.0%,other:0.0% norm_count=145200
2026-09-29 14:52:30 | [QUEUE] | iter=1815 | 队列 | sample_queue=0/4 | weight_queues_pending=4/4
2026-09-29 14:52:33 | [UPDATE] | [learner] iter=1816 transitions=40 completion=0.00% reward=-1.350 | cost=2.129s | lr_actor=2.455e-04 lr_critic=2.455e-04 | wv=1810 stale=6 ck=ok| obj=inf completion=0.00% finite_obj=0.0% no_solution=100.0% collision=0.0% spectrum=35.0% action_range=[0.001,1.000] solver_status=optimal:0.0%,infeasible:90.0%,unknown:10.0%,error:0.0%,other:0.0% norm_count=145280
2026-09-29 14:52:33 | [QUEUE] | iter=1816 | 队列 | sample_queue=0/4 | weight_queues_pending=4/4
2026-09-29 14:52:39 | [UPDATE] | [learner] iter=1817 transitions=40 completion=2.50% reward=-1.376 | cost=1.575s | lr_actor=2.455e-04 lr_critic=2.455e-04 | wv=1812 stale=5 ck=ok| obj=inf completion=2.50% finite_obj=2.5% no_solution=97.5% collision=0.0% spectrum=37.5% action_range=[0.002,1.000] solver_status=optimal:2.5%,infeasible:92.5%,unknown:5.0%,error:0.0%,other:0.0% norm_count=145360
2026-09-29 14:52:39 | [QUEUE] | iter=1817 | 队列 | sample_queue=0/4 | weight_queues_pending=4/4
2026-09-29 14:52:46 | [UPDATE] | [learner] iter=1818 transitions=40 completion=0.00% reward=-1.200 | cost=1.565s | lr_actor=2.455e-04 lr_critic=2.455e-04 | wv=1813 stale=5 ck=ok| obj=inf completion=0.00% finite_obj=0.0% no_solution=100.0% collision=0.0% spectrum=20.0% action_range=[0.000,0.999] solver_status=optimal:0.0%,infeasible:95.0%,unknown:5.0%,error:0.0%,other:0.0% norm_count=145440
2026-09-29 14:52:46 | [QUEUE] | iter=1818 | 队列 | sample_queue=0/4 | weight_queues_pending=4/4
2026-09-29 14:52:51 | [UPDATE] | [learner] iter=1819 transitions=40 completion=0.00% reward=-1.225 | cost=0.895s | lr_actor=2.455e-04 lr_critic=2.455e-04 | wv=1815 stale=4 ck=ok| obj=inf completion=0.00% finite_obj=0.0% no_solution=100.0% collision=0.0% spectrum=22.5% action_range=[0.000,0.999] solver_status=optimal:0.0%,infeasible:85.0%,unknown:15.0%,error:0.0%,other:0.0% norm_count=145520
2026-09-29 14:52:51 | [QUEUE] | iter=1819 | 队列 | sample_queue=0/4 | weight_queues_pending=4/4
2026-09-29 14:52:53 | [UPDATE] | [learner] iter=1820 transitions=40 completion=0.00% reward=-1.452 | cost=1.948s | lr_actor=2.454e-04 lr_critic=2.454e-04 | wv=1814 stale=6 ck=ok| obj=inf completion=0.00% finite_obj=2.5% no_solution=97.5% collision=0.0% spectrum=45.0% action_range=[0.001,1.000] solver_status=optimal:2.5%,infeasible:90.0%,unknown:7.5%,error:0.0%,other:0.0% norm_count=145600
2026-09-29 14:52:53 | [QUEUE] | iter=1820 | 队列 | sample_queue=0/4 | weight_queues_pending=4/4
2026-09-29 14:52:58 | [UPDATE] | [learner] iter=1821 transitions=40 completion=0.00% reward=-1.200 | cost=1.421s | lr_actor=2.454e-04 lr_critic=2.454e-04 | wv=1816 stale=5 ck=ok| obj=inf completion=0.00% finite_obj=0.0% no_solution=100.0% collision=0.0% spectrum=20.0% action_range=[0.000,0.999] solver_status=optimal:0.0%,infeasible:95.0%,unknown:5.0%,error:0.0%,other:0.0% norm_count=145680
2026-09-29 14:52:58 | [QUEUE] | iter=1821 | 队列 | sample_queue=0/4 | weight_queues_pending=4/4
2026-09-29 14:53:00 | [UPDATE] | [learner] iter=1822 transitions=40 completion=0.00% reward=-1.225 | cost=0.794s | lr_actor=2.454e-04 lr_critic=2.454e-04 | wv=1817 stale=5 ck=ok| obj=inf completion=0.00% finite_obj=0.0% no_solution=100.0% collision=0.0% spectrum=22.5% action_range=[0.000,0.999] solver_status=optimal:0.0%,infeasible:95.0%,unknown:5.0%,error:0.0%,other:0.0% norm_count=145760
2026-09-29 14:53:00 | [QUEUE] | iter=1822 | 队列 | sample_queue=0/4 | weight_queues_pending=4/4
2026-09-29 14:53:04 | [UPDATE] | [learner] iter=1823 transitions=40 completion=0.00% reward=-1.100 | cost=1.015s | lr_actor=2.453e-04 lr_critic=2.453e-04 | wv=1818 stale=5 ck=ok| obj=inf completion=0.00% finite_obj=0.0% no_solution=100.0% collision=0.0% spectrum=10.0% action_range=[0.000,0.999] solver_status=optimal:0.0%,infeasible:97.5%,unknown:2.5%,error:0.0%,other:0.0% norm_count=145840
2026-09-29 14:53:04 | [QUEUE] | iter=1823 | 队列 | sample_queue=0/4 | weight_queues_pending=4/4
2026-09-29 14:53:08 | [UPDATE] | [learner] iter=1824 transitions=40 completion=0.00% reward=-1.225 | cost=2.397s | lr_actor=2.453e-04 lr_critic=2.453e-04 | wv=1819 stale=5 ck=ok| obj=inf completion=0.00% finite_obj=0.0% no_solution=100.0% collision=0.0% spectrum=22.5% action_range=[0.000,1.000] solver_status=optimal:0.0%,infeasible:90.0%,unknown:10.0%,error:0.0%,other:0.0% norm_count=145920
2026-09-29 14:53:08 | [QUEUE] | iter=1824 | 队列 | sample_queue=0/4 | weight_queues_pending=4/4
2026-09-29 14:53:10 | [UPDATE] | [learner] iter=1825 transitions=40 completion=0.00% reward=-1.450 | cost=0.799s | lr_actor=2.453e-04 lr_critic=2.453e-04 | wv=1820 stale=5 ck=ok| obj=inf completion=0.00% finite_obj=0.0% no_solution=100.0% collision=0.0% spectrum=40.0% action_range=[0.001,0.999] solver_status=optimal:0.0%,infeasible:97.5%,unknown:2.5%,error:0.0%,other:0.0% norm_count=146000
2026-09-29 14:53:10 | [QUEUE] | iter=1825 | 队列 | sample_queue=0/4 | weight_queues_pending=4/4
2026-09-29 14:53:17 | [UPDATE] | [learner] iter=1826 transitions=40 completion=0.00% reward=-1.475 | cost=1.006s | lr_actor=2.452e-04 lr_critic=2.452e-04 | wv=1821 stale=5 ck=ok| obj=inf completion=0.00% finite_obj=0.0% no_solution=100.0% collision=0.0% spectrum=45.0% action_range=[0.001,0.999] solver_status=optimal:0.0%,infeasible:100.0%,unknown:0.0%,error:0.0%,other:0.0% norm_count=146080
2026-09-29 14:53:17 | [QUEUE] | iter=1826 | 队列 | sample_queue=0/4 | weight_queues_pending=4/4
2026-09-29 14:53:18 | [UPDATE] | [learner] iter=1827 transitions=40 completion=5.00% reward=-1.059 | cost=1.155s | lr_actor=2.452e-04 lr_critic=2.452e-04 | wv=1822 stale=5 ck=ok| obj=inf completion=5.00% finite_obj=7.5% no_solution=92.5% collision=0.0% spectrum=20.0% action_range=[0.000,0.998] solver_status=optimal:7.5%,infeasible:80.0%,unknown:12.5%,error:0.0%,other:0.0% norm_count=146160
2026-09-29 14:53:18 | [QUEUE] | iter=1827 | 队列 | sample_queue=0/4 | weight_queues_pending=4/4
2026-09-29 14:53:21 | [UPDATE] | [learner] iter=1828 transitions=40 completion=2.50% reward=-1.152 | cost=0.918s | lr_actor=2.452e-04 lr_critic=2.452e-04 | wv=1823 stale=5 ck=ok| obj=inf completion=2.50% finite_obj=2.5% no_solution=97.5% collision=0.0% spectrum=17.5% action_range=[0.000,0.999] solver_status=optimal:2.5%,infeasible:87.5%,unknown:10.0%,error:0.0%,other:0.0% norm_count=146240
2026-09-29 14:53:21 | [QUEUE] | iter=1828 | 队列 | sample_queue=0/4 | weight_queues_pending=4/4
2026-09-29 14:53:23 | [UPDATE] | [learner] iter=1829 transitions=40 completion=0.00% reward=-1.200 | cost=0.986s | lr_actor=2.452e-04 lr_critic=2.452e-04 | wv=1824 stale=5 ck=ok| obj=inf completion=0.00% finite_obj=0.0% no_solution=100.0% collision=0.0% spectrum=20.0% action_range=[0.001,1.000] solver_status=optimal:0.0%,infeasible:95.0%,unknown:5.0%,error:0.0%,other:0.0% norm_count=146320
2026-09-29 14:53:23 | [QUEUE] | iter=1829 | 队列 | sample_queue=0/4 | weight_queues_pending=4/4
2026-09-29 14:53:30 | [UPDATE] | [learner] iter=1830 transitions=40 completion=0.00% reward=-1.325 | cost=0.977s | lr_actor=2.451e-04 lr_critic=2.451e-04 | wv=1826 stale=4 ck=ok| obj=inf completion=0.00% finite_obj=0.0% no_solution=100.0% collision=0.0% spectrum=32.5% action_range=[0.000,1.000] solver_status=optimal:0.0%,infeasible:90.0%,unknown:10.0%,error:0.0%,other:0.0% norm_count=146400
2026-09-29 14:53:30 | [QUEUE] | iter=1830 | 队列 | sample_queue=1/4 | weight_queues_pending=4/4
2026-09-29 14:53:31 | [UPDATE] | [learner] iter=1831 transitions=40 completion=0.00% reward=-1.300 | cost=0.861s | lr_actor=2.451e-04 lr_critic=2.451e-04 | wv=1825 stale=6 ck=ok| obj=inf completion=0.00% finite_obj=0.0% no_solution=100.0% collision=0.0% spectrum=30.0% action_range=[0.000,1.000] solver_status=optimal:0.0%,infeasible:85.0%,unknown:15.0%,error:0.0%,other:0.0% norm_count=146480
2026-09-29 14:53:31 | [QUEUE] | iter=1831 | 队列 | sample_queue=0/4 | weight_queues_pending=4/4
2026-09-29 14:53:33 | [UPDATE] | [learner] iter=1832 transitions=40 completion=0.00% reward=-1.400 | cost=1.059s | lr_actor=2.451e-04 lr_critic=2.451e-04 | wv=1827 stale=5 ck=ok| obj=inf completion=0.00% finite_obj=0.0% no_solution=100.0% collision=0.0% spectrum=35.0% action_range=[0.000,1.000] solver_status=optimal:0.0%,infeasible:87.5%,unknown:12.5%,error:0.0%,other:0.0% norm_count=146560
2026-09-29 14:53:33 | [QUEUE] | iter=1832 | 队列 | sample_queue=0/4 | weight_queues_pending=4/4
2026-09-29 14:53:36 | [UPDATE] | [learner] iter=1833 transitions=40 completion=0.00% reward=-1.350 | cost=0.909s | lr_actor=2.450e-04 lr_critic=2.450e-04 | wv=1828 stale=5 ck=ok| obj=inf completion=0.00% finite_obj=0.0% no_solution=100.0% collision=0.0% spectrum=35.0% action_range=[0.000,1.000] solver_status=optimal:0.0%,infeasible:90.0%,unknown:10.0%,error:0.0%,other:0.0% norm_count=146640
2026-09-29 14:53:36 | [QUEUE] | iter=1833 | 队列 | sample_queue=0/4 | weight_queues_pending=4/4
2026-09-29 14:53:45 | [UPDATE] | [learner] iter=1834 transitions=40 completion=2.50% reward=-1.127 | cost=1.105s | lr_actor=2.450e-04 lr_critic=2.450e-04 | wv=1829 stale=5 ck=ok| obj=inf completion=2.50% finite_obj=2.5% no_solution=97.5% collision=0.0% spectrum=17.5% action_range=[0.000,1.000] solver_status=optimal:2.5%,infeasible:92.5%,unknown:5.0%,error:0.0%,other:0.0% norm_count=146720
2026-09-29 14:53:45 | [QUEUE] | iter=1834 | 队列 | sample_queue=1/4 | weight_queues_pending=4/4
2026-09-29 14:53:47 | [UPDATE] | [learner] iter=1835 transitions=40 completion=0.00% reward=-1.375 | cost=2.011s | lr_actor=2.450e-04 lr_critic=2.450e-04 | wv=1829 stale=6 ck=ok| obj=inf completion=0.00% finite_obj=0.0% no_solution=100.0% collision=0.0% spectrum=35.0% action_range=[0.000,1.000] solver_status=optimal:0.0%,infeasible:87.5%,unknown:12.5%,error:0.0%,other:0.0% norm_count=146800
2026-09-29 14:53:47 | [QUEUE] | iter=1835 | 队列 | sample_queue=0/4 | weight_queues_pending=4/4
2026-09-29 14:53:48 | [UPDATE] | [learner] iter=1836 transitions=40 completion=0.00% reward=-1.100 | cost=1.201s | lr_actor=2.449e-04 lr_critic=2.449e-04 | wv=1831 stale=5 ck=ok| obj=inf completion=0.00% finite_obj=0.0% no_solution=100.0% collision=0.0% spectrum=10.0% action_range=[0.001,1.000] solver_status=optimal:0.0%,infeasible:92.5%,unknown:7.5%,error:0.0%,other:0.0% norm_count=146880
2026-09-29 14:53:48 | [QUEUE] | iter=1836 | 队列 | sample_queue=0/4 | weight_queues_pending=4/4
2026-09-29 14:53:52 | [UPDATE] | [learner] iter=1837 transitions=40 completion=0.00% reward=-1.200 | cost=2.700s | lr_actor=2.449e-04 lr_critic=2.449e-04 | wv=1832 stale=5 ck=ok| obj=inf completion=0.00% finite_obj=0.0% no_solution=100.0% collision=0.0% spectrum=20.0% action_range=[0.000,1.000] solver_status=optimal:0.0%,infeasible:90.0%,unknown:10.0%,error:0.0%,other:0.0% norm_count=146960
2026-09-29 14:53:52 | [QUEUE] | iter=1837 | 队列 | sample_queue=0/4 | weight_queues_pending=4/4
2026-09-29 14:54:01 | [UPDATE] | [learner] iter=1838 transitions=40 completion=0.00% reward=-1.300 | cost=1.594s | lr_actor=2.449e-04 lr_critic=2.449e-04 | wv=1833 stale=5 ck=ok| obj=inf completion=0.00% finite_obj=0.0% no_solution=100.0% collision=0.0% spectrum=27.5% action_range=[0.000,1.000] solver_status=optimal:0.0%,infeasible:85.0%,unknown:15.0%,error:0.0%,other:0.0% norm_count=147040
2026-09-29 14:54:01 | [QUEUE] | iter=1838 | 队列 | sample_queue=0/4 | weight_queues_pending=4/4
2026-09-29 14:54:03 | [UPDATE] | [learner] iter=1839 transitions=40 completion=0.00% reward=-1.250 | cost=1.154s | lr_actor=2.449e-04 lr_critic=2.449e-04 | wv=1833 stale=6 ck=ok| obj=inf completion=0.00% finite_obj=0.0% no_solution=100.0% collision=0.0% spectrum=25.0% action_range=[0.000,1.000] solver_status=optimal:0.0%,infeasible:95.0%,unknown:5.0%,error:0.0%,other:0.0% norm_count=147120
2026-09-29 14:54:03 | [QUEUE] | iter=1839 | 队列 | sample_queue=0/4 | weight_queues_pending=4/4
2026-09-29 14:54:06 | [UPDATE] | [learner] iter=1840 transitions=40 completion=0.00% reward=-1.175 | cost=1.658s | lr_actor=2.448e-04 lr_critic=2.448e-04 | wv=1835 stale=5 ck=ok| obj=inf completion=0.00% finite_obj=0.0% no_solution=100.0% collision=0.0% spectrum=17.5% action_range=[0.000,1.000] solver_status=optimal:0.0%,infeasible:95.0%,unknown:5.0%,error:0.0%,other:0.0% norm_count=147200
2026-09-29 14:54:06 | [QUEUE] | iter=1840 | 队列 | sample_queue=0/4 | weight_queues_pending=4/4
2026-09-29 14:54:08 | [UPDATE] | [learner] iter=1841 transitions=40 completion=0.00% reward=-1.277 | cost=1.198s | lr_actor=2.448e-04 lr_critic=2.448e-04 | wv=1836 stale=5 ck=ok| obj=inf completion=0.00% finite_obj=2.5% no_solution=97.5% collision=0.0% spectrum=30.0% action_range=[0.001,1.000] solver_status=optimal:2.5%,infeasible:92.5%,unknown:5.0%,error:0.0%,other:0.0% norm_count=147280
2026-09-29 14:54:08 | [QUEUE] | iter=1841 | 队列 | sample_queue=0/4 | weight_queues_pending=4/4
2026-09-29 14:54:18 | [UPDATE] | [learner] iter=1842 transitions=40 completion=0.00% reward=-1.225 | cost=1.711s | lr_actor=2.448e-04 lr_critic=2.448e-04 | wv=1837 stale=5 ck=ok| obj=inf completion=0.00% finite_obj=0.0% no_solution=100.0% collision=0.0% spectrum=22.5% action_range=[0.000,0.999] solver_status=optimal:0.0%,infeasible:95.0%,unknown:5.0%,error:0.0%,other:0.0% norm_count=147360
2026-09-29 14:54:18 | [QUEUE] | iter=1842 | 队列 | sample_queue=0/4 | weight_queues_pending=4/4
2026-09-29 14:54:19 | [UPDATE] | [learner] iter=1843 transitions=40 completion=2.50% reward=-1.229 | cost=1.112s | lr_actor=2.447e-04 lr_critic=2.447e-04 | wv=1838 stale=5 ck=ok| obj=inf completion=2.50% finite_obj=2.5% no_solution=97.5% collision=0.0% spectrum=25.0% action_range=[0.001,1.000] solver_status=optimal:2.5%,infeasible:92.5%,unknown:5.0%,error:0.0%,other:0.0% norm_count=147440
2026-09-29 14:54:19 | [QUEUE] | iter=1843 | 队列 | sample_queue=0/4 | weight_queues_pending=4/4
2026-09-29 14:54:23 | [UPDATE] | [learner] iter=1844 transitions=40 completion=0.00% reward=-1.376 | cost=1.142s | lr_actor=2.447e-04 lr_critic=2.447e-04 | wv=1839 stale=5 ck=ok| obj=inf completion=0.00% finite_obj=2.5% no_solution=97.5% collision=0.0% spectrum=40.0% action_range=[0.001,1.000] solver_status=optimal:2.5%,infeasible:90.0%,unknown:7.5%,error:0.0%,other:0.0% norm_count=147520
2026-09-29 14:54:23 | [QUEUE] | iter=1844 | 队列 | sample_queue=1/4 | weight_queues_pending=4/4
2026-09-29 14:54:25 | [UPDATE] | [learner] iter=1845 transitions=40 completion=2.50% reward=-1.226 | cost=1.518s | lr_actor=2.447e-04 lr_critic=2.447e-04 | wv=1840 stale=5 ck=ok| obj=inf completion=2.50% finite_obj=2.5% no_solution=97.5% collision=0.0% spectrum=25.0% action_range=[0.000,1.000] solver_status=optimal:2.5%,infeasible:85.0%,unknown:12.5%,error:0.0%,other:0.0% norm_count=147600
2026-09-29 14:54:25 | [QUEUE] | iter=1845 | 队列 | sample_queue=0/4 | weight_queues_pending=4/4
2026-09-29 14:54:30 | [UPDATE] | [learner] iter=1846 transitions=40 completion=0.00% reward=-1.225 | cost=1.117s | lr_actor=2.446e-04 lr_critic=2.446e-04 | wv=1841 stale=5 ck=ok| obj=inf completion=0.00% finite_obj=0.0% no_solution=100.0% collision=0.0% spectrum=22.5% action_range=[0.001,0.999] solver_status=optimal:0.0%,infeasible:92.5%,unknown:7.5%,error:0.0%,other:0.0% norm_count=147680
2026-09-29 14:54:30 | [QUEUE] | iter=1846 | 队列 | sample_queue=0/4 | weight_queues_pending=4/4
2026-09-29 14:54:37 | [UPDATE] | [learner] iter=1847 transitions=40 completion=0.00% reward=-1.250 | cost=4.960s | lr_actor=2.446e-04 lr_critic=2.446e-04 | wv=1842 stale=5 ck=ok| obj=inf completion=0.00% finite_obj=0.0% no_solution=100.0% collision=0.0% spectrum=25.0% action_range=[0.000,1.000] solver_status=optimal:0.0%,infeasible:92.5%,unknown:7.5%,error:0.0%,other:0.0% norm_count=147760
2026-09-29 14:54:37 | [QUEUE] | iter=1847 | 队列 | sample_queue=0/4 | weight_queues_pending=4/4
2026-09-29 14:54:41 | [UPDATE] | [learner] iter=1848 transitions=40 completion=0.00% reward=-1.225 | cost=1.220s | lr_actor=2.446e-04 lr_critic=2.446e-04 | wv=1843 stale=5 ck=ok| obj=inf completion=0.00% finite_obj=0.0% no_solution=100.0% collision=0.0% spectrum=20.0% action_range=[0.001,1.000] solver_status=optimal:0.0%,infeasible:95.0%,unknown:5.0%,error:0.0%,other:0.0% norm_count=147840
2026-09-29 14:54:41 | [QUEUE] | iter=1848 | 队列 | sample_queue=0/4 | weight_queues_pending=4/4
2026-09-29 14:54:44 | [UPDATE] | [learner] iter=1849 transitions=40 completion=0.00% reward=-1.200 | cost=1.551s | lr_actor=2.446e-04 lr_critic=2.446e-04 | wv=1843 stale=6 ck=ok| obj=inf completion=0.00% finite_obj=0.0% no_solution=100.0% collision=0.0% spectrum=15.0% action_range=[0.000,0.999] solver_status=optimal:0.0%,infeasible:97.5%,unknown:2.5%,error:0.0%,other:0.0% norm_count=147920
2026-09-29 14:54:44 | [QUEUE] | iter=1849 | 队列 | sample_queue=0/4 | weight_queues_pending=4/4
2026-09-29 14:54:49 | [UPDATE] | [learner] iter=1850 transitions=40 completion=2.50% reward=-1.078 | cost=2.649s | lr_actor=2.445e-04 lr_critic=2.445e-04 | wv=1845 stale=5 ck=ok| obj=inf completion=2.50% finite_obj=2.5% no_solution=97.5% collision=0.0% spectrum=12.5% action_range=[0.000,1.000] solver_status=optimal:2.5%,infeasible:87.5%,unknown:10.0%,error:0.0%,other:0.0% norm_count=148000
2026-09-29 14:54:49 | [QUEUE] | iter=1850 | 队列 | sample_queue=0/4 | weight_queues_pending=4/4
2026-09-29 14:54:56 | [UPDATE] | [learner] iter=1851 transitions=40 completion=2.50% reward=-1.152 | cost=1.283s | lr_actor=2.445e-04 lr_critic=2.445e-04 | wv=1846 stale=5 ck=ok| obj=inf completion=2.50% finite_obj=2.5% no_solution=97.5% collision=0.0% spectrum=20.0% action_range=[0.000,1.000] solver_status=optimal:2.5%,infeasible:92.5%,unknown:5.0%,error:0.0%,other:0.0% norm_count=148080
2026-09-29 14:54:56 | [QUEUE] | iter=1851 | 队列 | sample_queue=0/4 | weight_queues_pending=4/4
2026-09-29 14:55:02 | [UPDATE] | [learner] iter=1852 transitions=40 completion=0.00% reward=-1.300 | cost=1.595s | lr_actor=2.445e-04 lr_critic=2.445e-04 | wv=1847 stale=5 ck=ok| obj=inf completion=0.00% finite_obj=0.0% no_solution=100.0% collision=0.0% spectrum=25.0% action_range=[0.000,1.000] solver_status=optimal:0.0%,infeasible:95.0%,unknown:5.0%,error:0.0%,other:0.0% norm_count=148160
2026-09-29 14:55:02 | [QUEUE] | iter=1852 | 队列 | sample_queue=1/4 | weight_queues_pending=4/4
2026-09-29 14:55:03 | [UPDATE] | [learner] iter=1853 transitions=40 completion=2.50% reward=-1.253 | cost=1.424s | lr_actor=2.444e-04 lr_critic=2.444e-04 | wv=1848 stale=5 ck=ok| obj=inf completion=2.50% finite_obj=5.0% no_solution=95.0% collision=0.0% spectrum=32.5% action_range=[0.000,1.000] solver_status=optimal:5.0%,infeasible:85.0%,unknown:10.0%,error:0.0%,other:0.0% norm_count=148240
2026-09-29 14:55:03 | [QUEUE] | iter=1853 | 队列 | sample_queue=1/4 | weight_queues_pending=4/4
2026-09-29 14:55:04 | [UPDATE] | [learner] iter=1854 transitions=40 completion=0.00% reward=-1.450 | cost=1.210s | lr_actor=2.444e-04 lr_critic=2.444e-04 | wv=1849 stale=5 ck=ok| obj=inf completion=0.00% finite_obj=0.0% no_solution=100.0% collision=0.0% spectrum=37.5% action_range=[0.000,1.000] solver_status=optimal:0.0%,infeasible:92.5%,unknown:7.5%,error:0.0%,other:0.0% norm_count=148320
2026-09-29 14:55:04 | [QUEUE] | iter=1854 | 队列 | sample_queue=0/4 | weight_queues_pending=4/4
2026-09-29 14:55:11 | [UPDATE] | [learner] iter=1855 transitions=40 completion=0.00% reward=-1.425 | cost=1.556s | lr_actor=2.444e-04 lr_critic=2.444e-04 | wv=1850 stale=5 ck=ok| obj=inf completion=0.00% finite_obj=0.0% no_solution=100.0% collision=0.0% spectrum=40.0% action_range=[0.000,1.000] solver_status=optimal:0.0%,infeasible:82.5%,unknown:17.5%,error:0.0%,other:0.0% norm_count=148400
2026-09-29 14:55:11 | [QUEUE] | iter=1855 | 队列 | sample_queue=0/4 | weight_queues_pending=4/4
2026-09-29 14:55:16 | [UPDATE] | [learner] iter=1856 transitions=40 completion=0.00% reward=-1.200 | cost=0.919s | lr_actor=2.444e-04 lr_critic=2.444e-04 | wv=1851 stale=5 ck=ok| obj=inf completion=0.00% finite_obj=0.0% no_solution=100.0% collision=0.0% spectrum=20.0% action_range=[0.000,1.000] solver_status=optimal:0.0%,infeasible:87.5%,unknown:12.5%,error:0.0%,other:0.0% norm_count=148480
2026-09-29 14:55:16 | [QUEUE] | iter=1856 | 队列 | sample_queue=1/4 | weight_queues_pending=4/4
2026-09-29 14:55:17 | [UPDATE] | [learner] iter=1857 transitions=40 completion=0.00% reward=-1.350 | cost=1.330s | lr_actor=2.443e-04 lr_critic=2.443e-04 | wv=1851 stale=6 ck=ok| obj=inf completion=0.00% finite_obj=0.0% no_solution=100.0% collision=0.0% spectrum=35.0% action_range=[0.000,1.000] solver_status=optimal:0.0%,infeasible:87.5%,unknown:12.5%,error:0.0%,other:0.0% norm_count=148560
2026-09-29 14:55:17 | [QUEUE] | iter=1857 | 队列 | sample_queue=1/4 | weight_queues_pending=4/4
2026-09-29 14:55:19 | [UPDATE] | [learner] iter=1858 transitions=40 completion=0.00% reward=-1.300 | cost=1.529s | lr_actor=2.443e-04 lr_critic=2.443e-04 | wv=1852 stale=6 ck=ok| obj=inf completion=0.00% finite_obj=0.0% no_solution=100.0% collision=0.0% spectrum=30.0% action_range=[0.000,1.000] solver_status=optimal:0.0%,infeasible:87.5%,unknown:12.5%,error:0.0%,other:0.0% norm_count=148640
2026-09-29 14:55:19 | [QUEUE] | iter=1858 | 队列 | sample_queue=0/4 | weight_queues_pending=4/4
2026-09-29 14:55:25 | [UPDATE] | [learner] iter=1859 transitions=40 completion=0.00% reward=-1.175 | cost=1.195s | lr_actor=2.443e-04 lr_critic=2.443e-04 | wv=1854 stale=5 ck=ok| obj=inf completion=0.00% finite_obj=0.0% no_solution=100.0% collision=0.0% spectrum=12.5% action_range=[0.000,0.999] solver_status=optimal:0.0%,infeasible:82.5%,unknown:17.5%,error:0.0%,other:0.0% norm_count=148720
2026-09-29 14:55:25 | [QUEUE] | iter=1859 | 队列 | sample_queue=0/4 | weight_queues_pending=4/4
2026-09-29 14:55:30 | [UPDATE] | [learner] iter=1860 transitions=40 completion=0.00% reward=-1.450 | cost=0.865s | lr_actor=2.442e-04 lr_critic=2.442e-04 | wv=1855 stale=5 ck=ok| obj=inf completion=0.00% finite_obj=0.0% no_solution=100.0% collision=0.0% spectrum=40.0% action_range=[0.001,0.999] solver_status=optimal:0.0%,infeasible:92.5%,unknown:7.5%,error:0.0%,other:0.0% norm_count=148800
2026-09-29 14:55:30 | [QUEUE] | iter=1860 | 队列 | sample_queue=2/4 | weight_queues_pending=4/4
2026-09-29 14:55:31 | [UPDATE] | [learner] iter=1861 transitions=40 completion=5.00% reward=-1.205 | cost=0.953s | lr_actor=2.442e-04 lr_critic=2.442e-04 | wv=1855 stale=6 ck=ok| obj=inf completion=5.00% finite_obj=5.0% no_solution=95.0% collision=0.0% spectrum=27.5% action_range=[0.001,1.000] solver_status=optimal:5.0%,infeasible:92.5%,unknown:2.5%,error:0.0%,other:0.0% norm_count=148880
2026-09-29 14:55:31 | [QUEUE] | iter=1861 | 队列 | sample_queue=1/4 | weight_queues_pending=4/4
2026-09-29 14:55:32 | [UPDATE] | [learner] iter=1862 transitions=40 completion=2.50% reward=-1.351 | cost=1.063s | lr_actor=2.442e-04 lr_critic=2.442e-04 | wv=1856 stale=6 ck=ok| obj=inf completion=2.50% finite_obj=2.5% no_solution=97.5% collision=0.0% spectrum=40.0% action_range=[0.000,0.999] solver_status=optimal:2.5%,infeasible:92.5%,unknown:5.0%,error:0.0%,other:0.0% norm_count=148960
2026-09-29 14:55:32 | [QUEUE] | iter=1862 | 队列 | sample_queue=0/4 | weight_queues_pending=4/4
2026-09-29 14:55:40 | [UPDATE] | [learner] iter=1863 transitions=40 completion=0.00% reward=-1.400 | cost=2.011s | lr_actor=2.441e-04 lr_critic=2.441e-04 | wv=1858 stale=5 ck=ok| obj=inf completion=0.00% finite_obj=0.0% no_solution=100.0% collision=0.0% spectrum=37.5% action_range=[0.000,1.000] solver_status=optimal:0.0%,infeasible:92.5%,unknown:7.5%,error:0.0%,other:0.0% norm_count=149040
2026-09-29 14:55:40 | [QUEUE] | iter=1863 | 队列 | sample_queue=0/4 | weight_queues_pending=4/4
2026-09-29 14:55:46 | [UPDATE] | [learner] iter=1864 transitions=40 completion=0.00% reward=-1.250 | cost=1.522s | lr_actor=2.441e-04 lr_critic=2.441e-04 | wv=1859 stale=5 ck=ok| obj=inf completion=0.00% finite_obj=0.0% no_solution=100.0% collision=0.0% spectrum=22.5% action_range=[0.000,1.000] solver_status=optimal:0.0%,infeasible:92.5%,unknown:7.5%,error:0.0%,other:0.0% norm_count=149120
2026-09-29 14:55:46 | [QUEUE] | iter=1864 | 队列 | sample_queue=1/4 | weight_queues_pending=4/4
2026-09-29 14:55:47 | [UPDATE] | [learner] iter=1865 transitions=40 completion=2.50% reward=-1.302 | cost=0.886s | lr_actor=2.441e-04 lr_critic=2.441e-04 | wv=1859 stale=6 ck=ok| obj=inf completion=2.50% finite_obj=2.5% no_solution=97.5% collision=0.0% spectrum=32.5% action_range=[0.000,1.000] solver_status=optimal:2.5%,infeasible:92.5%,unknown:5.0%,error:0.0%,other:0.0% norm_count=149200
2026-09-29 14:55:47 | [QUEUE] | iter=1865 | 队列 | sample_queue=1/4 | weight_queues_pending=4/4
2026-09-29 14:55:48 | [UPDATE] | [learner] iter=1866 transitions=40 completion=0.00% reward=-1.325 | cost=1.562s | lr_actor=2.440e-04 lr_critic=2.440e-04 | wv=1859 stale=7 ck=ok| obj=inf completion=0.00% finite_obj=0.0% no_solution=100.0% collision=0.0% spectrum=25.0% action_range=[0.001,1.000] solver_status=optimal:0.0%,infeasible:92.5%,unknown:7.5%,error:0.0%,other:0.0% norm_count=149280
2026-09-29 14:55:48 | [QUEUE] | iter=1866 | 队列 | sample_queue=0/4 | weight_queues_pending=4/4
2026-09-29 14:55:54 | [UPDATE] | [learner] iter=1867 transitions=40 completion=0.00% reward=-1.300 | cost=1.261s | lr_actor=2.440e-04 lr_critic=2.440e-04 | wv=1862 stale=5 ck=ok| obj=inf completion=0.00% finite_obj=0.0% no_solution=100.0% collision=0.0% spectrum=27.5% action_range=[0.000,1.000] solver_status=optimal:0.0%,infeasible:95.0%,unknown:5.0%,error:0.0%,other:0.0% norm_count=149360
2026-09-29 14:55:54 | [QUEUE] | iter=1867 | 队列 | sample_queue=0/4 | weight_queues_pending=4/4
2026-09-29 14:56:00 | [UPDATE] | [learner] iter=1868 transitions=40 completion=0.00% reward=-1.325 | cost=2.519s | lr_actor=2.440e-04 lr_critic=2.440e-04 | wv=1863 stale=5 ck=ok| obj=inf completion=0.00% finite_obj=0.0% no_solution=100.0% collision=0.0% spectrum=32.5% action_range=[0.000,0.999] solver_status=optimal:0.0%,infeasible:92.5%,unknown:7.5%,error:0.0%,other:0.0% norm_count=149440
2026-09-29 14:56:00 | [QUEUE] | iter=1868 | 队列 | sample_queue=0/4 | weight_queues_pending=4/4
2026-09-29 14:56:03 | [UPDATE] | [learner] iter=1869 transitions=40 completion=0.00% reward=-1.225 | cost=1.423s | lr_actor=2.440e-04 lr_critic=2.440e-04 | wv=1863 stale=6 ck=ok| obj=inf completion=0.00% finite_obj=0.0% no_solution=100.0% collision=0.0% spectrum=22.5% action_range=[0.000,0.999] solver_status=optimal:0.0%,infeasible:97.5%,unknown:2.5%,error:0.0%,other:0.0% norm_count=149520
2026-09-29 14:56:03 | [QUEUE] | iter=1869 | 队列 | sample_queue=0/4 | weight_queues_pending=4/4
2026-09-29 14:56:05 | [UPDATE] | [learner] iter=1870 transitions=40 completion=0.00% reward=-1.200 | cost=1.463s | lr_actor=2.439e-04 lr_critic=2.439e-04 | wv=1864 stale=6 ck=ok| obj=inf completion=0.00% finite_obj=0.0% no_solution=100.0% collision=0.0% spectrum=20.0% action_range=[0.000,1.000] solver_status=optimal:0.0%,infeasible:97.5%,unknown:2.5%,error:0.0%,other:0.0% norm_count=149600
2026-09-29 14:56:05 | [QUEUE] | iter=1870 | 队列 | sample_queue=0/4 | weight_queues_pending=4/4
2026-09-29 14:56:12 | [UPDATE] | [learner] iter=1871 transitions=40 completion=0.00% reward=-1.350 | cost=1.057s | lr_actor=2.439e-04 lr_critic=2.439e-04 | wv=1866 stale=5 ck=ok| obj=inf completion=0.00% finite_obj=0.0% no_solution=100.0% collision=0.0% spectrum=35.0% action_range=[0.000,1.000] solver_status=optimal:0.0%,infeasible:90.0%,unknown:10.0%,error:0.0%,other:0.0% norm_count=149680
2026-09-29 14:56:12 | [QUEUE] | iter=1871 | 队列 | sample_queue=0/4 | weight_queues_pending=4/4
2026-09-29 14:56:15 | [UPDATE] | [learner] iter=1872 transitions=40 completion=5.00% reward=-1.257 | cost=1.090s | lr_actor=2.439e-04 lr_critic=2.439e-04 | wv=1867 stale=5 ck=ok| obj=inf completion=5.00% finite_obj=5.0% no_solution=95.0% collision=0.0% spectrum=32.5% action_range=[0.000,0.999] solver_status=optimal:5.0%,infeasible:82.5%,unknown:12.5%,error:0.0%,other:0.0% norm_count=149760
2026-09-29 14:56:15 | [QUEUE] | iter=1872 | 队列 | sample_queue=0/4 | weight_queues_pending=4/4
2026-09-29 14:56:17 | [UPDATE] | [learner] iter=1873 transitions=40 completion=0.00% reward=-1.350 | cost=1.101s | lr_actor=2.438e-04 lr_critic=2.438e-04 | wv=1868 stale=5 ck=ok| obj=inf completion=0.00% finite_obj=0.0% no_solution=100.0% collision=0.0% spectrum=32.5% action_range=[0.001,0.999] solver_status=optimal:0.0%,infeasible:95.0%,unknown:5.0%,error:0.0%,other:0.0% norm_count=149840
2026-09-29 14:56:17 | [QUEUE] | iter=1873 | 队列 | sample_queue=0/4 | weight_queues_pending=4/4
2026-09-29 14:56:20 | [UPDATE] | [learner] iter=1874 transitions=40 completion=0.00% reward=-1.225 | cost=1.130s | lr_actor=2.438e-04 lr_critic=2.438e-04 | wv=1869 stale=5 ck=ok| obj=inf completion=0.00% finite_obj=0.0% no_solution=100.0% collision=0.0% spectrum=22.5% action_range=[0.001,0.998] solver_status=optimal:0.0%,infeasible:90.0%,unknown:10.0%,error:0.0%,other:0.0% norm_count=149920
2026-09-29 14:56:20 | [QUEUE] | iter=1874 | 队列 | sample_queue=0/4 | weight_queues_pending=4/4
2026-09-29 14:56:28 | [UPDATE] | [learner] iter=1875 transitions=40 completion=0.00% reward=-1.250 | cost=1.333s | lr_actor=2.438e-04 lr_critic=2.438e-04 | wv=1870 stale=5 ck=ok| obj=inf completion=0.00% finite_obj=0.0% no_solution=100.0% collision=0.0% spectrum=22.5% action_range=[0.001,1.000] solver_status=optimal:0.0%,infeasible:87.5%,unknown:12.5%,error:0.0%,other:0.0% norm_count=150000
2026-09-29 14:56:28 | [QUEUE] | iter=1875 | 队列 | sample_queue=0/4 | weight_queues_pending=4/4
2026-09-29 14:56:31 | [UPDATE] | [learner] iter=1876 transitions=40 completion=0.00% reward=-1.150 | cost=1.339s | lr_actor=2.437e-04 lr_critic=2.437e-04 | wv=1871 stale=5 ck=ok| obj=inf completion=0.00% finite_obj=0.0% no_solution=100.0% collision=0.0% spectrum=12.5% action_range=[0.000,1.000] solver_status=optimal:0.0%,infeasible:100.0%,unknown:0.0%,error:0.0%,other:0.0% norm_count=150080
2026-09-29 14:56:31 | [QUEUE] | iter=1876 | 队列 | sample_queue=0/4 | weight_queues_pending=4/4
2026-09-29 14:56:33 | [UPDATE] | [learner] iter=1877 transitions=40 completion=0.00% reward=-1.275 | cost=0.972s | lr_actor=2.437e-04 lr_critic=2.437e-04 | wv=1872 stale=5 ck=ok| obj=inf completion=0.00% finite_obj=0.0% no_solution=100.0% collision=0.0% spectrum=27.5% action_range=[0.000,1.000] solver_status=optimal:0.0%,infeasible:97.5%,unknown:2.5%,error:0.0%,other:0.0% norm_count=150160
2026-09-29 14:56:33 | [QUEUE] | iter=1877 | 队列 | sample_queue=0/4 | weight_queues_pending=4/4
2026-09-29 14:56:38 | [UPDATE] | [learner] iter=1878 transitions=40 completion=0.00% reward=-1.350 | cost=1.170s | lr_actor=2.437e-04 lr_critic=2.437e-04 | wv=1873 stale=5 ck=ok| obj=inf completion=0.00% finite_obj=0.0% no_solution=100.0% collision=0.0% spectrum=35.0% action_range=[0.000,1.000] solver_status=optimal:0.0%,infeasible:95.0%,unknown:5.0%,error:0.0%,other:0.0% norm_count=150240
2026-09-29 14:56:38 | [QUEUE] | iter=1878 | 队列 | sample_queue=0/4 | weight_queues_pending=4/4
2026-09-29 14:56:43 | [UPDATE] | [learner] iter=1879 transitions=40 completion=0.00% reward=-1.425 | cost=1.005s | lr_actor=2.437e-04 lr_critic=2.437e-04 | wv=1874 stale=5 ck=ok| obj=inf completion=0.00% finite_obj=0.0% no_solution=100.0% collision=0.0% spectrum=32.5% action_range=[0.000,1.000] solver_status=optimal:0.0%,infeasible:90.0%,unknown:10.0%,error:0.0%,other:0.0% norm_count=150320
2026-09-29 14:56:43 | [QUEUE] | iter=1879 | 队列 | sample_queue=0/4 | weight_queues_pending=4/4
2026-09-29 14:56:46 | [UPDATE] | [learner] iter=1880 transitions=40 completion=0.00% reward=-1.250 | cost=0.987s | lr_actor=2.436e-04 lr_critic=2.436e-04 | wv=1875 stale=5 ck=ok| obj=inf completion=0.00% finite_obj=0.0% no_solution=100.0% collision=0.0% spectrum=25.0% action_range=[0.000,1.000] solver_status=optimal:0.0%,infeasible:97.5%,unknown:2.5%,error:0.0%,other:0.0% norm_count=150400
2026-09-29 14:56:46 | [QUEUE] | iter=1880 | 队列 | sample_queue=0/4 | weight_queues_pending=4/4
2026-09-29 14:56:47 | [UPDATE] | [learner] iter=1881 transitions=40 completion=2.50% reward=-1.204 | cost=1.011s | lr_actor=2.436e-04 lr_critic=2.436e-04 | wv=1876 stale=5 ck=ok| obj=inf completion=2.50% finite_obj=2.5% no_solution=97.5% collision=0.0% spectrum=25.0% action_range=[0.000,1.000] solver_status=optimal:2.5%,infeasible:90.0%,unknown:7.5%,error:0.0%,other:0.0% norm_count=150480
2026-09-29 14:56:47 | [QUEUE] | iter=1881 | 队列 | sample_queue=0/4 | weight_queues_pending=4/4
2026-09-29 14:56:55 | [UPDATE] | [learner] iter=1882 transitions=40 completion=0.00% reward=-1.200 | cost=1.390s | lr_actor=2.436e-04 lr_critic=2.436e-04 | wv=1877 stale=5 ck=ok| obj=inf completion=0.00% finite_obj=0.0% no_solution=100.0% collision=0.0% spectrum=20.0% action_range=[0.001,1.000] solver_status=optimal:0.0%,infeasible:95.0%,unknown:5.0%,error:0.0%,other:0.0% norm_count=150560
2026-09-29 14:56:55 | [QUEUE] | iter=1882 | 队列 | sample_queue=0/4 | weight_queues_pending=4/4
2026-09-29 14:56:58 | [UPDATE] | [learner] iter=1883 transitions=40 completion=0.00% reward=-1.475 | cost=0.966s | lr_actor=2.435e-04 lr_critic=2.435e-04 | wv=1878 stale=5 ck=ok| obj=inf completion=0.00% finite_obj=0.0% no_solution=100.0% collision=0.0% spectrum=47.5% action_range=[0.000,1.000] solver_status=optimal:0.0%,infeasible:95.0%,unknown:5.0%,error:0.0%,other:0.0% norm_count=150640
2026-09-29 14:56:58 | [QUEUE] | iter=1883 | 队列 | sample_queue=0/4 | weight_queues_pending=4/4
2026-09-29 14:57:00 | [UPDATE] | [learner] iter=1884 transitions=40 completion=0.00% reward=-1.425 | cost=0.889s | lr_actor=2.435e-04 lr_critic=2.435e-04 | wv=1879 stale=5 ck=ok| obj=inf completion=0.00% finite_obj=0.0% no_solution=100.0% collision=0.0% spectrum=37.5% action_range=[0.000,0.999] solver_status=optimal:0.0%,infeasible:87.5%,unknown:12.5%,error:0.0%,other:0.0% norm_count=150720
2026-09-29 14:57:00 | [QUEUE] | iter=1884 | 队列 | sample_queue=0/4 | weight_queues_pending=4/4
2026-09-29 14:57:01 | [UPDATE] | [learner] iter=1885 transitions=40 completion=0.00% reward=-1.300 | cost=0.840s | lr_actor=2.435e-04 lr_critic=2.435e-04 | wv=1880 stale=5 ck=ok| obj=inf completion=0.00% finite_obj=0.0% no_solution=100.0% collision=0.0% spectrum=27.5% action_range=[0.000,0.998] solver_status=optimal:0.0%,infeasible:87.5%,unknown:12.5%,error:0.0%,other:0.0% norm_count=150800
2026-09-29 14:57:01 | [QUEUE] | iter=1885 | 队列 | sample_queue=0/4 | weight_queues_pending=4/4
2026-09-29 14:57:09 | [UPDATE] | [learner] iter=1886 transitions=40 completion=0.00% reward=-1.175 | cost=2.027s | lr_actor=2.434e-04 lr_critic=2.434e-04 | wv=1881 stale=5 ck=ok| obj=inf completion=0.00% finite_obj=0.0% no_solution=100.0% collision=0.0% spectrum=17.5% action_range=[0.000,0.999] solver_status=optimal:0.0%,infeasible:92.5%,unknown:7.5%,error:0.0%,other:0.0% norm_count=150880
2026-09-29 14:57:09 | [QUEUE] | iter=1886 | 队列 | sample_queue=0/4 | weight_queues_pending=4/4
2026-09-29 14:57:13 | [UPDATE] | [learner] iter=1887 transitions=40 completion=2.50% reward=-1.276 | cost=1.954s | lr_actor=2.434e-04 lr_critic=2.434e-04 | wv=1882 stale=5 ck=ok| obj=inf completion=2.50% finite_obj=2.5% no_solution=97.5% collision=0.0% spectrum=30.0% action_range=[0.000,0.999] solver_status=optimal:2.5%,infeasible:95.0%,unknown:2.5%,error:0.0%,other:0.0% norm_count=150960
2026-09-29 14:57:13 | [QUEUE] | iter=1887 | 队列 | sample_queue=0/4 | weight_queues_pending=4/4
2026-09-29 14:57:16 | [UPDATE] | [learner] iter=1888 transitions=40 completion=2.50% reward=-1.326 | cost=1.154s | lr_actor=2.434e-04 lr_critic=2.434e-04 | wv=1883 stale=5 ck=ok| obj=inf completion=2.50% finite_obj=2.5% no_solution=97.5% collision=0.0% spectrum=30.0% action_range=[0.001,0.998] solver_status=optimal:2.5%,infeasible:90.0%,unknown:7.5%,error:0.0%,other:0.0% norm_count=151040
2026-09-29 14:57:16 | [QUEUE] | iter=1888 | 队列 | sample_queue=1/4 | weight_queues_pending=4/4
2026-09-29 14:57:17 | [UPDATE] | [learner] iter=1889 transitions=40 completion=2.50% reward=-1.301 | cost=1.295s | lr_actor=2.434e-04 lr_critic=2.434e-04 | wv=1880 stale=9 ck=ok| obj=inf completion=2.50% finite_obj=2.5% no_solution=97.5% collision=0.0% spectrum=32.5% action_range=[0.000,1.000] solver_status=optimal:2.5%,infeasible:87.5%,unknown:10.0%,error:0.0%,other:0.0% norm_count=151120
2026-09-29 14:57:17 | [QUEUE] | iter=1889 | 队列 | sample_queue=0/4 | weight_queues_pending=4/4
